quadropole,resistance_variance
25_28_26_27,
26_27_25_28,
26_29_27_28,
27_28_26_29,
27_30_28_29,
28_29_27_30,
28_31_29_30,
29_30_28_31,
29_32_30_31,
30_31_29_32,
30_33_31_32,
31_32_30_33,
31_34_32_33,
32_33_31_34,
60_61_62_64,
62_64_60_61,
13_14_15_16,
13_14_16_17,
13_14_17_18,
13_14_18_19,
13_14_19_20,
13_14_20_21,
13_14_21_22,
14_15_16_17,
14_15_17_18,
14_15_18_19,
14_15_19_20,
14_15_20_21,
14_15_21_22,
15_16_13_14,
15_16_17_18,
15_16_18_19,
15_16_19_20,
15_16_20_21,
15_16_21_22,
16_17_13_14,
16_17_14_15,
16_17_18_19,
16_17_19_20,
16_17_20_21,
16_17_21_22,
17_18_13_14,
17_18_14_15,
17_18_15_16,
17_18_19_20,
17_18_20_21,
17_18_21_22,
18_19_13_14,
18_19_14_15,
18_19_15_16,
18_19_16_17,
18_19_20_21,
18_19_21_22,
19_20_13_14,
19_20_14_15,
19_20_15_16,
19_20_16_17,
19_20_17_18,
19_20_21_22,
20_21_13_14,
20_21_14_15,
20_21_15_16,
20_21_16_17,
20_21_17_18,
20_21_18_19,
21_22_13_14,
21_22_14_15,
21_22_15_16,
21_22_16_17,
21_22_17_18,
21_22_18_19,
21_22_19_20,
60_61_62_64,
62_64_60_61,
13_14_15_16,
13_14_16_17,
13_14_17_18,
13_14_18_19,
13_14_19_20,
13_14_20_21,
13_14_21_22,
14_15_16_17,
14_15_17_18,
14_15_18_19,
14_15_19_20,
14_15_20_21,
14_15_21_22,
15_16_13_14,
15_16_17_18,
15_16_18_19,
15_16_19_20,
15_16_20_21,
15_16_21_22,
16_17_13_14,
16_17_14_15,
16_17_18_19,
16_17_19_20,
16_17_20_21,
16_17_21_22,
17_18_13_14,
17_18_14_15,
17_18_15_16,
17_18_19_20,
17_18_20_21,
17_18_21_22,
18_19_13_14,
18_19_14_15,
18_19_15_16,
18_19_16_17,
18_19_20_21,
18_19_21_22,
19_20_13_14,
19_20_14_15,
19_20_15_16,
19_20_16_17,
19_20_17_18,
19_20_21_22,
20_21_13_14,
20_21_14_15,
20_21_15_16,
20_21_16_17,
20_21_17_18,
20_21_18_19,
21_22_13_14,
21_22_14_15,
21_22_15_16,
21_22_16_17,
21_22_17_18,
21_22_18_19,
21_22_19_20,
60_61_62_64,
62_64_60_61,
10_11_1_2,
10_11_2_3,
10_11_3_4,
10_11_4_5,
10_11_5_6,
10_11_6_7,
10_11_7_9,
1_2_10_11,
1_2_3_4,
1_2_4_5,
1_2_5_6,
1_2_6_7,
1_2_7_9,
1_2_9_10,
2_3_10_11,
2_3_4_5,
2_3_5_6,
2_3_6_7,
2_3_7_9,
2_3_9_10,
3_4_10_11,
3_4_1_2,
3_4_5_6,
3_4_6_7,
3_4_7_9,
3_4_9_10,
4_5_10_11,
4_5_1_2,
4_5_2_3,
4_5_6_7,
4_5_7_9,
4_5_9_10,
5_6_10_11,
5_6_1_2,
5_6_2_3,
5_6_3_4,
5_6_7_9,
5_6_9_10,
60_61_62_64,
62_64_60_61,
6_7_10_11,
6_7_1_2,
6_7_2_3,
6_7_3_4,
6_7_4_5,
6_7_9_10,
7_9_10_11,
7_9_1_2,
7_9_2_3,
7_9_3_4,
7_9_4_5,
7_9_5_6,
9_10_1_2,
9_10_2_3,
9_10_3_4,
9_10_4_5,
9_10_5_6,
9_10_6_7,
49_50_51_52,
49_50_52_53,
49_50_53_54,
49_50_54_56,
49_50_56_57,
49_50_57_58,
49_50_58_59,
50_51_52_53,
50_51_53_54,
50_51_54_56,
50_51_56_57,
50_51_57_58,
50_51_58_59,
51_52_49_50,
51_52_53_54,
51_52_54_56,
51_52_56_57,
51_52_57_58,
51_52_58_59,
52_53_49_50,
52_53_50_51,
52_53_54_56,
52_53_56_57,
52_53_57_58,
52_53_58_59,
53_54_49_50,
53_54_50_51,
53_54_51_52,
53_54_56_57,
53_54_57_58,
53_54_58_59,
54_56_49_50,
54_56_50_51,
54_56_51_52,
54_56_52_53,
54_56_57_58,
54_56_58_59,
56_57_49_50,
56_57_50_51,
56_57_51_52,
56_57_52_53,
56_57_53_54,
56_57_58_59,
57_58_49_50,
57_58_50_51,
57_58_51_52,
57_58_52_53,
57_58_53_54,
57_58_54_56,
58_59_49_50,
58_59_50_51,
58_59_51_52,
58_59_52_53,
58_59_53_54,
58_59_54_56,
58_59_56_57,
60_61_62_64,
62_64_60_61,
36_39_37_38,
37_38_36_39,
37_40_38_39,
38_39_37_40,
38_42_39_40,
39_40_38_42,
39_43_40_42,
40_42_39_43,
40_44_42_43,
42_43_40_44,
42_45_43_44,
43_44_42_45,
43_46_44_45,
44_45_43_46,
60_61_62_64,
62_64_60_61,
25_28_26_27,
26_27_25_28,
26_29_27_28,
27_28_26_29,
27_30_28_29,
28_29_27_30,
28_31_29_30,
29_30_28_31,
29_32_30_31,
30_31_29_32,
30_33_31_32,
31_32_30_33,
31_34_32_33,
32_33_31_34,
60_61_62_64,
62_64_60_61,
13_14_15_16,
13_14_16_17,
13_14_17_18,
13_14_18_19,
13_14_19_20,
13_14_20_21,
13_14_21_22,
14_15_16_17,
14_15_17_18,
14_15_18_19,
14_15_19_20,
14_15_20_21,
14_15_21_22,
15_16_13_14,
15_16_17_18,
15_16_18_19,
15_16_19_20,
15_16_20_21,
15_16_21_22,
16_17_13_14,
16_17_14_15,
16_17_18_19,
16_17_19_20,
16_17_20_21,
16_17_21_22,
17_18_13_14,
17_18_14_15,
17_18_15_16,
17_18_19_20,
17_18_20_21,
17_18_21_22,
18_19_13_14,
18_19_14_15,
18_19_15_16,
18_19_16_17,
18_19_20_21,
18_19_21_22,
19_20_13_14,
19_20_14_15,
19_20_15_16,
19_20_16_17,
19_20_17_18,
19_20_21_22,
20_21_13_14,
20_21_14_15,
20_21_15_16,
20_21_16_17,
20_21_17_18,
20_21_18_19,
21_22_13_14,
21_22_14_15,
21_22_15_16,
21_22_16_17,
21_22_17_18,
21_22_18_19,
21_22_19_20,
60_61_62_64,
62_64_60_61,
25_28_26_27,
26_27_25_28,
26_29_27_28,
27_28_26_29,
27_30_28_29,
28_29_27_30,
28_31_29_30,
29_30_28_31,
29_32_30_31,
30_31_29_32,
30_33_31_32,
31_32_30_33,
31_34_32_33,
32_33_31_34,
60_61_62_64,
62_64_60_61,
10_11_1_2,
10_11_2_3,
10_11_3_4,
10_11_4_5,
10_11_5_6,
10_11_6_7,
10_11_7_9,
1_2_10_11,
1_2_3_4,
1_2_4_5,
1_2_5_6,
1_2_6_7,
1_2_7_9,
1_2_9_10,
2_3_10_11,
2_3_4_5,
2_3_5_6,
2_3_6_7,
2_3_7_9,
2_3_9_10,
3_4_10_11,
3_4_1_2,
3_4_5_6,
3_4_6_7,
3_4_7_9,
3_4_9_10,
4_5_10_11,
4_5_1_2,
4_5_2_3,
4_5_6_7,
4_5_7_9,
4_5_9_10,
5_6_10_11,
5_6_1_2,
5_6_2_3,
5_6_3_4,
5_6_7_9,
5_6_9_10,
60_61_62_64,
62_64_60_61,
6_7_10_11,
6_7_1_2,
6_7_2_3,
6_7_3_4,
6_7_4_5,
6_7_9_10,
7_9_10_11,
7_9_1_2,
7_9_2_3,
7_9_3_4,
7_9_4_5,
7_9_5_6,
9_10_1_2,
9_10_2_3,
9_10_3_4,
9_10_4_5,
9_10_5_6,
9_10_6_7,
25_26_27_28,
25_26_28_29,
25_26_29_30,
25_26_30_31,
25_26_31_32,
25_26_32_33,
25_26_33_34,
26_27_28_29,
26_27_29_30,
26_27_30_31,
26_27_31_32,
26_27_32_33,
26_27_33_34,
27_28_25_26,
27_28_29_30,
27_28_30_31,
27_28_31_32,
27_28_32_33,
27_28_33_34,
28_29_25_26,
28_29_26_27,
28_29_30_31,
28_29_31_32,
28_29_32_33,
28_29_33_34,
29_30_25_26,
29_30_26_27,
29_30_27_28,
29_30_31_32,
29_30_32_33,
29_30_33_34,
30_31_25_26,
30_31_26_27,
30_31_27_28,
30_31_28_29,
30_31_32_33,
30_31_33_34,
31_32_25_26,
31_32_26_27,
31_32_27_28,
31_32_28_29,
31_32_29_30,
31_32_33_34,
32_33_25_26,
32_33_26_27,
32_33_27_28,
32_33_28_29,
32_33_29_30,
32_33_30_31,
33_34_25_26,
33_34_26_27,
33_34_27_28,
33_34_28_29,
33_34_29_30,
33_34_30_31,
33_34_31_32,
60_61_62_64,
62_64_60_61,
1_4_2_3,
2_3_1_4,
2_5_3_4,
3_4_2_5,
3_6_4_5,
4_5_3_6,
4_7_5_6,
5_6_4_7,
5_9_6_7,
60_61_62_64,
62_64_60_61,
6_10_7_9,
6_7_5_9,
7_11_9_10,
7_9_6_10,
9_10_7_11,
49_50_51_52,
49_50_52_53,
49_50_53_54,
49_50_54_56,
49_50_56_57,
49_50_57_58,
49_50_58_59,
50_51_52_53,
50_51_53_54,
50_51_54_56,
50_51_56_57,
50_51_57_58,
50_51_58_59,
51_52_49_50,
51_52_53_54,
51_52_54_56,
51_52_56_57,
51_52_57_58,
51_52_58_59,
52_53_49_50,
52_53_50_51,
52_53_54_56,
52_53_56_57,
52_53_57_58,
52_53_58_59,
53_54_49_50,
53_54_50_51,
53_54_51_52,
53_54_56_57,
53_54_57_58,
53_54_58_59,
54_56_49_50,
54_56_50_51,
54_56_51_52,
54_56_52_53,
54_56_57_58,
54_56_58_59,
56_57_49_50,
56_57_50_51,
56_57_51_52,
56_57_52_53,
56_57_53_54,
56_57_58_59,
57_58_49_50,
57_58_50_51,
57_58_51_52,
57_58_52_53,
57_58_53_54,
57_58_54_56,
58_59_49_50,
58_59_50_51,
58_59_51_52,
58_59_52_53,
58_59_53_54,
58_59_54_56,
58_59_56_57,
60_61_62_64,
62_64_60_61,
49_50_51_52,
49_50_52_53,
49_50_53_54,
49_50_54_56,
49_50_56_57,
49_50_57_58,
49_50_58_59,
50_51_52_53,
50_51_53_54,
50_51_54_56,
50_51_56_57,
50_51_57_58,
50_51_58_59,
51_52_49_50,
51_52_53_54,
51_52_54_56,
51_52_56_57,
51_52_57_58,
51_52_58_59,
52_53_49_50,
52_53_50_51,
52_53_54_56,
52_53_56_57,
52_53_57_58,
52_53_58_59,
53_54_49_50,
53_54_50_51,
53_54_51_52,
53_54_56_57,
53_54_57_58,
53_54_58_59,
54_56_49_50,
54_56_50_51,
54_56_51_52,
54_56_52_53,
54_56_57_58,
54_56_58_59,
56_57_49_50,
56_57_50_51,
56_57_51_52,
56_57_52_53,
56_57_53_54,
56_57_58_59,
57_58_49_50,
57_58_50_51,
57_58_51_52,
57_58_52_53,
57_58_53_54,
57_58_54_56,
58_59_49_50,
58_59_50_51,
58_59_51_52,
58_59_52_53,
58_59_53_54,
58_59_54_56,
58_59_56_57,
60_61_62_64,
62_64_60_61,
36_37_38_39,
36_37_39_40,
36_37_40_42,
36_37_42_43,
36_37_43_44,
36_37_44_45,
36_37_45_46,
37_38_39_40,
37_38_40_42,
37_38_42_43,
37_38_43_44,
37_38_44_45,
37_38_45_46,
38_39_36_37,
38_39_40_42,
38_39_42_43,
38_39_43_44,
38_39_44_45,
38_39_45_46,
39_40_36_37,
39_40_37_38,
39_40_42_43,
39_40_43_44,
39_40_44_45,
39_40_45_46,
40_42_36_37,
40_42_37_38,
40_42_38_39,
40_42_43_44,
40_42_44_45,
40_42_45_46,
42_43_36_37,
42_43_37_38,
42_43_38_39,
42_43_39_40,
42_43_44_45,
42_43_45_46,
43_44_36_37,
43_44_37_38,
43_44_38_39,
43_44_39_40,
43_44_40_42,
43_44_45_46,
44_45_36_37,
44_45_37_38,
44_45_38_39,
44_45_39_40,
44_45_40_42,
44_45_42_43,
45_46_36_37,
45_46_37_38,
45_46_38_39,
45_46_39_40,
45_46_40_42,
45_46_42_43,
45_46_43_44,
60_61_62_64,
62_64_60_61,
49_50_51_52,
49_50_52_53,
49_50_53_54,
49_50_54_56,
49_50_56_57,
49_50_57_58,
49_50_58_59,
50_51_52_53,
50_51_53_54,
50_51_54_56,
50_51_56_57,
50_51_57_58,
50_51_58_59,
51_52_49_50,
51_52_53_54,
51_52_54_56,
51_52_56_57,
51_52_57_58,
51_52_58_59,
52_53_49_50,
52_53_50_51,
52_53_54_56,
52_53_56_57,
52_53_57_58,
52_53_58_59,
53_54_49_50,
53_54_50_51,
53_54_51_52,
53_54_56_57,
53_54_57_58,
53_54_58_59,
54_56_49_50,
54_56_50_51,
54_56_51_52,
54_56_52_53,
54_56_57_58,
54_56_58_59,
56_57_49_50,
56_57_50_51,
56_57_51_52,
56_57_52_53,
56_57_53_54,
56_57_58_59,
57_58_49_50,
57_58_50_51,
57_58_51_52,
57_58_52_53,
57_58_53_54,
57_58_54_56,
58_59_49_50,
58_59_50_51,
58_59_51_52,
58_59_52_53,
58_59_53_54,
58_59_54_56,
58_59_56_57,
60_61_62_64,
62_64_60_61,
36_39_37_38,
37_38_36_39,
37_40_38_39,
38_39_37_40,
38_42_39_40,
39_40_38_42,
39_43_40_42,
40_42_39_43,
40_44_42_43,
42_43_40_44,
42_45_43_44,
43_44_42_45,
43_46_44_45,
44_45_43_46,
60_61_62_64,
62_64_60_61,
36_39_37_38,
37_38_36_39,
37_40_38_39,
38_39_37_40,
38_42_39_40,
39_40_38_42,
39_43_40_42,
40_42_39_43,
40_44_42_43,
42_43_40_44,
42_45_43_44,
43_44_42_45,
43_46_44_45,
44_45_43_46,
60_61_62_64,
62_64_60_61,
49_52_50_51,
50_53_51_52,
51_54_52_53,
52_56_53_54,
53_57_54_56,
54_58_56_57,
56_59_57_58,
60_61_62_64,
25_28_26_27,
26_27_25_28,
26_29_27_28,
27_28_26_29,
27_30_28_29,
28_29_27_30,
28_31_29_30,
29_30_28_31,
29_32_30_31,
30_31_29_32,
30_33_31_32,
31_32_30_33,
31_34_32_33,
32_33_31_34,
60_61_62_64,
62_64_60_61,
25_28_26_27,
26_27_25_28,
26_29_27_28,
27_28_26_29,
27_30_28_29,
28_29_27_30,
28_31_29_30,
29_30_28_31,
29_32_30_31,
30_31_29_32,
30_33_31_32,
31_32_30_33,
31_34_32_33,
32_33_31_34,
60_61_62_64,
62_64_60_61,
49_50_51_52,
49_50_52_53,
49_50_53_54,
49_50_54_56,
49_50_56_57,
49_50_57_58,
49_50_58_59,
50_51_52_53,
50_51_53_54,
50_51_54_56,
50_51_56_57,
50_51_57_58,
50_51_58_59,
51_52_49_50,
51_52_53_54,
51_52_54_56,
51_52_56_57,
51_52_57_58,
51_52_58_59,
52_53_49_50,
52_53_50_51,
52_53_54_56,
52_53_56_57,
52_53_57_58,
52_53_58_59,
53_54_49_50,
53_54_50_51,
53_54_51_52,
53_54_56_57,
53_54_57_58,
53_54_58_59,
54_56_49_50,
54_56_50_51,
54_56_51_52,
54_56_52_53,
54_56_57_58,
54_56_58_59,
56_57_49_50,
56_57_50_51,
56_57_51_52,
56_57_52_53,
56_57_53_54,
56_57_58_59,
57_58_49_50,
57_58_50_51,
57_58_51_52,
57_58_52_53,
57_58_53_54,
57_58_54_56,
58_59_49_50,
58_59_50_51,
58_59_51_52,
58_59_52_53,
58_59_53_54,
58_59_54_56,
58_59_56_57,
60_61_62_64,
62_64_60_61,
49_50_51_52,
49_50_52_53,
49_50_53_54,
49_50_54_56,
49_50_56_57,
49_50_57_58,
49_50_58_59,
50_51_52_53,
50_51_53_54,
50_51_54_56,
50_51_56_57,
50_51_57_58,
50_51_58_59,
51_52_49_50,
51_52_53_54,
51_52_54_56,
51_52_56_57,
51_52_57_58,
51_52_58_59,
52_53_49_50,
52_53_50_51,
52_53_54_56,
52_53_56_57,
52_53_57_58,
52_53_58_59,
53_54_49_50,
53_54_50_51,
53_54_51_52,
53_54_56_57,
53_54_57_58,
53_54_58_59,
54_56_49_50,
54_56_50_51,
54_56_51_52,
54_56_52_53,
54_56_57_58,
54_56_58_59,
56_57_49_50,
56_57_50_51,
56_57_51_52,
56_57_52_53,
56_57_53_54,
56_57_58_59,
57_58_49_50,
57_58_50_51,
57_58_51_52,
57_58_52_53,
57_58_53_54,
57_58_54_56,
58_59_49_50,
58_59_50_51,
58_59_51_52,
58_59_52_53,
58_59_53_54,
58_59_54_56,
58_59_56_57,
60_61_62_64,
62_64_60_61,
49_50_51_52,
49_50_52_53,
49_50_53_54,
49_50_54_56,
49_50_56_57,
49_50_57_58,
49_50_58_59,
50_51_52_53,
50_51_53_54,
50_51_54_56,
50_51_56_57,
50_51_57_58,
50_51_58_59,
51_52_49_50,
51_52_53_54,
51_52_54_56,
51_52_56_57,
51_52_57_58,
51_52_58_59,
52_53_49_50,
52_53_50_51,
52_53_54_56,
52_53_56_57,
52_53_57_58,
52_53_58_59,
53_54_49_50,
53_54_50_51,
53_54_51_52,
53_54_56_57,
53_54_57_58,
53_54_58_59,
54_56_49_50,
54_56_50_51,
54_56_51_52,
54_56_52_53,
54_56_57_58,
54_56_58_59,
56_57_49_50,
56_57_50_51,
56_57_51_52,
56_57_52_53,
56_57_53_54,
56_57_58_59,
57_58_49_50,
57_58_50_51,
57_58_51_52,
57_58_52_53,
57_58_53_54,
57_58_54_56,
58_59_49_50,
58_59_50_51,
58_59_51_52,
58_59_52_53,
58_59_53_54,
58_59_54_56,
58_59_56_57,
60_61_62_64,
62_64_60_61,
49_52_50_51,
50_51_49_52,
50_53_51_52,
51_52_50_53,
51_54_52_53,
52_53_51_54,
52_56_53_54,
53_54_52_56,
53_57_54_56,
54_56_53_57,
54_58_56_57,
56_57_54_58,
56_59_57_58,
57_58_56_59,
60_61_62_64,
62_64_60_61,
49_52_50_51,
50_51_49_52,
50_53_51_52,
51_52_50_53,
51_54_52_53,
52_53_51_54,
52_56_53_54,
53_54_52_56,
53_57_54_56,
54_56_53_57,
54_58_56_57,
56_57_54_58,
56_59_57_58,
57_58_56_59,
60_61_62_64,
62_64_60_61,
25_28_26_27,
26_27_25_28,
26_29_27_28,
27_28_26_29,
27_30_28_29,
28_29_27_30,
28_31_29_30,
29_30_28_31,
29_32_30_31,
30_31_29_32,
30_33_31_32,
31_32_30_33,
31_34_32_33,
32_33_31_34,
60_61_62_64,
62_64_60_61,
49_52_50_51,
50_51_49_52,
50_53_51_52,
51_52_50_53,
51_54_52_53,
52_53_51_54,
52_56_53_54,
53_54_52_56,
53_57_54_56,
54_56_53_57,
54_58_56_57,
56_57_54_58,
56_59_57_58,
57_58_56_59,
60_61_62_64,
62_64_60_61,
36_37_38_39,
36_37_39_40,
36_37_40_42,
36_37_42_43,
36_37_43_44,
36_37_44_45,
36_37_45_46,
37_38_39_40,
37_38_40_42,
37_38_42_43,
37_38_43_44,
37_38_44_45,
37_38_45_46,
38_39_36_37,
38_39_40_42,
38_39_42_43,
38_39_43_44,
38_39_44_45,
38_39_45_46,
39_40_36_37,
39_40_37_38,
39_40_42_43,
39_40_43_44,
39_40_44_45,
39_40_45_46,
40_42_36_37,
40_42_37_38,
40_42_38_39,
40_42_43_44,
40_42_44_45,
40_42_45_46,
42_43_36_37,
42_43_37_38,
42_43_38_39,
42_43_39_40,
42_43_44_45,
42_43_45_46,
43_44_36_37,
43_44_37_38,
43_44_38_39,
43_44_39_40,
43_44_40_42,
43_44_45_46,
44_45_36_37,
44_45_37_38,
44_45_38_39,
44_45_39_40,
44_45_40_42,
44_45_42_43,
45_46_36_37,
45_46_37_38,
45_46_38_39,
45_46_39_40,
45_46_40_42,
45_46_42_43,
45_46_43_44,
60_61_62_64,
62_64_60_61,
49_52_50_51,
50_51_49_52,
50_53_51_52,
51_52_50_53,
51_54_52_53,
52_53_51_54,
52_56_53_54,
53_54_52_56,
53_57_54_56,
54_56_53_57,
54_58_56_57,
56_57_54_58,
56_59_57_58,
57_58_56_59,
60_61_62_64,
62_64_60_61,
36_37_38_39,
36_37_39_40,
36_37_40_42,
36_37_42_43,
36_37_43_44,
36_37_44_45,
36_37_45_46,
37_38_39_40,
37_38_40_42,
37_38_42_43,
37_38_43_44,
37_38_44_45,
37_38_45_46,
38_39_36_37,
38_39_40_42,
38_39_42_43,
38_39_43_44,
38_39_44_45,
38_39_45_46,
39_40_36_37,
39_40_37_38,
39_40_42_43,
39_40_43_44,
39_40_44_45,
39_40_45_46,
40_42_36_37,
40_42_37_38,
40_42_38_39,
40_42_43_44,
40_42_44_45,
40_42_45_46,
42_43_36_37,
42_43_37_38,
42_43_38_39,
42_43_39_40,
42_43_44_45,
42_43_45_46,
43_44_36_37,
43_44_37_38,
43_44_38_39,
43_44_39_40,
43_44_40_42,
43_44_45_46,
44_45_36_37,
44_45_37_38,
44_45_38_39,
44_45_39_40,
44_45_40_42,
44_45_42_43,
45_46_36_37,
45_46_37_38,
45_46_38_39,
45_46_39_40,
45_46_40_42,
45_46_42_43,
45_46_43_44,
60_61_62_64,
62_64_60_61,
36_39_37_38,
37_38_36_39,
37_40_38_39,
38_39_37_40,
38_42_39_40,
39_40_38_42,
39_43_40_42,
40_42_39_43,
40_44_42_43,
42_43_40_44,
42_45_43_44,
43_44_42_45,
43_46_44_45,
44_45_43_46,
60_61_62_64,
62_64_60_61,
10_11_1_2,
10_11_2_3,
10_11_3_4,
10_11_4_5,
10_11_5_6,
10_11_6_7,
10_11_7_9,
1_2_10_11,
1_2_3_4,
1_2_4_5,
1_2_5_6,
1_2_6_7,
1_2_7_9,
1_2_9_10,
2_3_10_11,
2_3_4_5,
2_3_5_6,
2_3_6_7,
2_3_7_9,
2_3_9_10,
3_4_10_11,
3_4_1_2,
3_4_5_6,
3_4_6_7,
3_4_7_9,
3_4_9_10,
4_5_10_11,
4_5_1_2,
4_5_2_3,
4_5_6_7,
4_5_7_9,
4_5_9_10,
5_6_10_11,
5_6_1_2,
5_6_2_3,
5_6_3_4,
5_6_7_9,
5_6_9_10,
60_61_62_64,
62_64_60_61,
6_7_10_11,
6_7_1_2,
6_7_2_3,
6_7_3_4,
6_7_4_5,
6_7_9_10,
7_9_10_11,
7_9_1_2,
7_9_2_3,
7_9_3_4,
7_9_4_5,
7_9_5_6,
9_10_1_2,
9_10_2_3,
9_10_3_4,
9_10_4_5,
9_10_5_6,
9_10_6_7,
36_39_37_38,
37_38_36_39,
37_40_38_39,
38_39_37_40,
38_42_39_40,
39_40_38_42,
39_43_40_42,
40_42_39_43,
40_44_42_43,
42_43_40_44,
42_45_43_44,
43_44_42_45,
43_46_44_45,
44_45_43_46,
60_61_62_64,
62_64_60_61,
36_37_38_39,
36_37_39_40,
36_37_40_42,
36_37_42_43,
36_37_43_44,
36_37_44_45,
36_37_45_46,
37_38_39_40,
37_38_40_42,
37_38_42_43,
37_38_43_44,
37_38_44_45,
37_38_45_46,
38_39_36_37,
38_39_40_42,
38_39_42_43,
38_39_43_44,
38_39_44_45,
38_39_45_46,
39_40_36_37,
39_40_37_38,
39_40_42_43,
39_40_43_44,
39_40_44_45,
39_40_45_46,
40_42_36_37,
40_42_37_38,
40_42_38_39,
40_42_43_44,
40_42_44_45,
40_42_45_46,
42_43_36_37,
42_43_37_38,
42_43_38_39,
42_43_39_40,
42_43_44_45,
42_43_45_46,
43_44_36_37,
43_44_37_38,
43_44_38_39,
43_44_39_40,
43_44_40_42,
43_44_45_46,
44_45_36_37,
44_45_37_38,
44_45_38_39,
44_45_39_40,
44_45_40_42,
44_45_42_43,
45_46_36_37,
45_46_37_38,
45_46_38_39,
45_46_39_40,
45_46_40_42,
45_46_42_43,
45_46_43_44,
60_61_62_64,
62_64_60_61,
49_52_50_51,
50_51_49_52,
50_53_51_52,
51_52_50_53,
51_54_52_53,
52_53_51_54,
52_56_53_54,
53_54_52_56,
53_57_54_56,
54_56_53_57,
54_58_56_57,
56_57_54_58,
56_59_57_58,
57_58_56_59,
60_61_62_64,
62_64_60_61,
1_4_2_3,
2_3_1_4,
2_5_3_4,
3_4_2_5,
3_6_4_5,
4_5_3_6,
4_7_5_6,
5_6_4_7,
5_9_6_7,
60_61_62_64,
62_64_60_61,
6_10_7_9,
6_7_5_9,
7_11_9_10,
7_9_6_10,
9_10_7_11,
13_14_15_16,
13_14_16_17,
13_14_17_18,
13_14_18_19,
13_14_19_20,
13_14_20_21,
13_14_21_22,
14_15_16_17,
14_15_17_18,
14_15_18_19,
14_15_19_20,
14_15_20_21,
14_15_21_22,
15_16_13_14,
15_16_17_18,
15_16_18_19,
15_16_19_20,
15_16_20_21,
15_16_21_22,
16_17_13_14,
16_17_14_15,
16_17_18_19,
16_17_19_20,
16_17_20_21,
16_17_21_22,
17_18_13_14,
17_18_14_15,
17_18_15_16,
17_18_19_20,
17_18_20_21,
17_18_21_22,
18_19_13_14,
18_19_14_15,
18_19_15_16,
18_19_16_17,
18_19_20_21,
18_19_21_22,
19_20_13_14,
19_20_14_15,
19_20_15_16,
19_20_16_17,
19_20_17_18,
19_20_21_22,
20_21_13_14,
20_21_14_15,
20_21_15_16,
20_21_16_17,
20_21_17_18,
20_21_18_19,
21_22_13_14,
21_22_14_15,
21_22_15_16,
21_22_16_17,
21_22_17_18,
21_22_18_19,
21_22_19_20,
60_61_62_64,
62_64_60_61,
1_4_2_3,
2_3_1_4,
2_5_3_4,
3_4_2_5,
3_6_4_5,
4_5_3_6,
4_7_5_6,
5_6_4_7,
5_9_6_7,
60_61_62_64,
62_64_60_61,
6_10_7_9,
6_7_5_9,
7_11_9_10,
7_9_6_10,
9_10_7_11,
25_28_26_27,
26_27_25_28,
26_29_27_28,
27_28_26_29,
27_30_28_29,
28_29_27_30,
28_31_29_30,
29_30_28_31,
29_32_30_31,
30_31_29_32,
30_33_31_32,
31_32_30_33,
31_34_32_33,
32_33_31_34,
60_61_62_64,
62_64_60_61,
1_4_2_3,
2_3_1_4,
2_5_3_4,
3_4_2_5,
3_6_4_5,
4_5_3_6,
4_7_5_6,
5_6_4_7,
5_9_6_7,
60_61_62_64,
62_64_60_61,
6_10_7_9,
6_7_5_9,
7_11_9_10,
7_9_6_10,
9_10_7_11,
49_52_50_51,
50_51_49_52,
50_53_51_52,
51_52_50_53,
51_54_52_53,
52_53_51_54,
52_56_53_54,
53_54_52_56,
53_57_54_56,
54_56_53_57,
54_58_56_57,
56_57_54_58,
56_59_57_58,
57_58_56_59,
60_61_62_64,
62_64_60_61,
49_50_51_52,
49_50_52_53,
49_50_53_54,
49_50_54_56,
49_50_56_57,
49_50_57_58,
49_50_58_59,
50_51_52_53,
50_51_53_54,
50_51_54_56,
50_51_56_57,
50_51_57_58,
50_51_58_59,
51_52_49_50,
51_52_53_54,
51_52_54_56,
51_52_56_57,
51_52_57_58,
51_52_58_59,
52_53_49_50,
52_53_50_51,
52_53_54_56,
52_53_56_57,
52_53_57_58,
52_53_58_59,
53_54_49_50,
53_54_50_51,
53_54_51_52,
53_54_56_57,
53_54_57_58,
53_54_58_59,
54_56_49_50,
54_56_50_51,
54_56_51_52,
54_56_52_53,
54_56_57_58,
54_56_58_59,
56_57_49_50,
56_57_50_51,
56_57_51_52,
56_57_52_53,
56_57_53_54,
56_57_58_59,
57_58_49_50,
57_58_50_51,
57_58_51_52,
57_58_52_53,
57_58_53_54,
57_58_54_56,
58_59_49_50,
58_59_50_51,
58_59_51_52,
58_59_52_53,
58_59_53_54,
58_59_54_56,
58_59_56_57,
60_61_62_64,
62_64_60_61,
25_26_27_28,
25_26_28_29,
25_26_29_30,
25_26_30_31,
25_26_31_32,
25_26_32_33,
25_26_33_34,
26_27_28_29,
26_27_29_30,
26_27_30_31,
26_27_31_32,
26_27_32_33,
26_27_33_34,
27_28_25_26,
27_28_29_30,
27_28_30_31,
27_28_31_32,
27_28_32_33,
27_28_33_34,
28_29_25_26,
28_29_26_27,
28_29_30_31,
28_29_31_32,
28_29_32_33,
28_29_33_34,
29_30_25_26,
29_30_26_27,
29_30_27_28,
29_30_31_32,
29_30_32_33,
29_30_33_34,
30_31_25_26,
30_31_26_27,
30_31_27_28,
30_31_28_29,
30_31_32_33,
30_31_33_34,
31_32_25_26,
31_32_26_27,
31_32_27_28,
31_32_28_29,
31_32_29_30,
31_32_33_34,
32_33_25_26,
32_33_26_27,
32_33_27_28,
32_33_28_29,
32_33_29_30,
32_33_30_31,
33_34_25_26,
33_34_26_27,
33_34_27_28,
33_34_28_29,
33_34_29_30,
33_34_30_31,
33_34_31_32,
60_61_62_64,
62_64_60_61,
1_4_2_3,
2_3_1_4,
2_5_3_4,
3_4_2_5,
3_6_4_5,
4_5_3_6,
4_7_5_6,
5_6_4_7,
5_9_6_7,
60_61_62_64,
62_64_60_61,
6_10_7_9,
6_7_5_9,
7_11_9_10,
7_9_6_10,
9_10_7_11,
13_16_14_15,
14_15_13_16,
14_17_15_16,
15_16_14_17,
15_18_16_17,
16_17_15_18,
16_19_17_18,
17_18_16_19,
17_20_18_19,
18_19_17_20,
18_21_19_20,
19_20_18_21,
19_22_20_21,
20_21_19_22,
60_61_62_64,
62_64_60_61,
36_37_38_39,
36_37_39_40,
36_37_40_42,
36_37_42_43,
36_37_43_44,
36_37_44_45,
36_37_45_46,
37_38_39_40,
37_38_40_42,
37_38_42_43,
37_38_43_44,
37_38_44_45,
37_38_45_46,
38_39_36_37,
38_39_40_42,
38_39_42_43,
38_39_43_44,
38_39_44_45,
38_39_45_46,
39_40_36_37,
39_40_37_38,
39_40_42_43,
39_40_43_44,
39_40_44_45,
39_40_45_46,
40_42_36_37,
40_42_37_38,
40_42_38_39,
40_42_43_44,
40_42_44_45,
40_42_45_46,
42_43_36_37,
42_43_37_38,
42_43_38_39,
42_43_39_40,
42_43_44_45,
42_43_45_46,
43_44_36_37,
43_44_37_38,
43_44_38_39,
43_44_39_40,
43_44_40_42,
43_44_45_46,
44_45_36_37,
44_45_37_38,
44_45_38_39,
44_45_39_40,
44_45_40_42,
44_45_42_43,
45_46_36_37,
45_46_37_38,
45_46_38_39,
45_46_39_40,
45_46_40_42,
45_46_42_43,
45_46_43_44,
60_61_62_64,
62_64_60_61,
13_16_14_15,
14_15_13_16,
14_17_15_16,
15_16_14_17,
15_18_16_17,
16_17_15_18,
16_19_17_18,
17_18_16_19,
17_20_18_19,
18_19_17_20,
18_21_19_20,
19_20_18_21,
19_22_20_21,
20_21_19_22,
60_61_62_64,
62_64_60_61,
49_50_51_52,
49_50_52_53,
49_50_53_54,
49_50_54_56,
49_50_56_57,
49_50_57_58,
49_50_58_59,
50_51_52_53,
50_51_53_54,
50_51_54_56,
50_51_56_57,
50_51_57_58,
50_51_58_59,
51_52_49_50,
51_52_53_54,
51_52_54_56,
51_52_56_57,
51_52_57_58,
51_52_58_59,
52_53_49_50,
52_53_50_51,
52_53_54_56,
52_53_56_57,
52_53_57_58,
52_53_58_59,
53_54_49_50,
53_54_50_51,
53_54_51_52,
53_54_56_57,
53_54_57_58,
53_54_58_59,
54_56_49_50,
54_56_50_51,
54_56_51_52,
54_56_52_53,
54_56_57_58,
54_56_58_59,
56_57_49_50,
56_57_50_51,
56_57_51_52,
56_57_52_53,
56_57_53_54,
56_57_58_59,
57_58_49_50,
57_58_50_51,
57_58_51_52,
57_58_52_53,
57_58_53_54,
57_58_54_56,
58_59_49_50,
58_59_50_51,
58_59_51_52,
58_59_52_53,
58_59_53_54,
58_59_54_56,
58_59_56_57,
60_61_62_64,
62_64_60_61,
49_52_50_51,
50_51_49_52,
50_53_51_52,
51_52_50_53,
51_54_52_53,
52_53_51_54,
52_56_53_54,
53_54_52_56,
53_57_54_56,
54_56_53_57,
54_58_56_57,
56_57_54_58,
56_59_57_58,
57_58_56_59,
60_61_62_64,
62_64_60_61,
36_37_38_39,
36_37_39_40,
36_37_40_42,
36_37_42_43,
36_37_43_44,
36_37_44_45,
36_37_45_46,
37_38_39_40,
37_38_40_42,
37_38_42_43,
37_38_43_44,
37_38_44_45,
37_38_45_46,
38_39_36_37,
38_39_40_42,
38_39_42_43,
38_39_43_44,
38_39_44_45,
38_39_45_46,
39_40_36_37,
39_40_37_38,
39_40_42_43,
39_40_43_44,
39_40_44_45,
39_40_45_46,
40_42_36_37,
40_42_37_38,
40_42_38_39,
40_42_43_44,
40_42_44_45,
40_42_45_46,
42_43_36_37,
42_43_37_38,
42_43_38_39,
42_43_39_40,
42_43_44_45,
42_43_45_46,
43_44_36_37,
43_44_37_38,
43_44_38_39,
43_44_39_40,
43_44_40_42,
43_44_45_46,
44_45_36_37,
44_45_37_38,
44_45_38_39,
44_45_39_40,
44_45_40_42,
44_45_42_43,
45_46_36_37,
45_46_37_38,
45_46_38_39,
45_46_39_40,
45_46_40_42,
45_46_42_43,
45_46_43_44,
60_61_62_64,
62_64_60_61,
49_50_51_52,
49_50_52_53,
49_50_53_54,
49_50_54_56,
49_50_56_57,
49_50_57_58,
49_50_58_59,
50_51_52_53,
50_51_53_54,
50_51_54_56,
50_51_56_57,
50_51_57_58,
50_51_58_59,
51_52_49_50,
51_52_53_54,
51_52_54_56,
51_52_56_57,
51_52_57_58,
51_52_58_59,
52_53_49_50,
52_53_50_51,
52_53_54_56,
52_53_56_57,
52_53_57_58,
52_53_58_59,
53_54_49_50,
53_54_50_51,
53_54_51_52,
53_54_56_57,
53_54_57_58,
53_54_58_59,
54_56_49_50,
54_56_50_51,
54_56_51_52,
54_56_52_53,
54_56_57_58,
54_56_58_59,
56_57_49_50,
56_57_50_51,
56_57_51_52,
56_57_52_53,
56_57_53_54,
56_57_58_59,
57_58_49_50,
57_58_50_51,
57_58_51_52,
57_58_52_53,
57_58_53_54,
57_58_54_56,
58_59_49_50,
58_59_50_51,
58_59_51_52,
58_59_52_53,
58_59_53_54,
58_59_54_56,
58_59_56_57,
60_61_62_64,
62_64_60_61,
49_50_51_52,
49_50_52_53,
49_50_53_54,
49_50_54_56,
49_50_56_57,
49_50_57_58,
49_50_58_59,
50_51_52_53,
50_51_53_54,
50_51_54_56,
50_51_56_57,
50_51_57_58,
50_51_58_59,
51_52_49_50,
51_52_53_54,
51_52_54_56,
51_52_56_57,
51_52_57_58,
51_52_58_59,
52_53_49_50,
52_53_50_51,
52_53_54_56,
52_53_56_57,
52_53_57_58,
52_53_58_59,
53_54_49_50,
53_54_50_51,
53_54_51_52,
53_54_56_57,
53_54_57_58,
53_54_58_59,
54_56_49_50,
54_56_50_51,
54_56_51_52,
54_56_52_53,
54_56_57_58,
54_56_58_59,
56_57_49_50,
56_57_50_51,
56_57_51_52,
56_57_52_53,
56_57_53_54,
56_57_58_59,
57_58_49_50,
57_58_50_51,
57_58_51_52,
57_58_52_53,
57_58_53_54,
57_58_54_56,
58_59_49_50,
58_59_50_51,
58_59_51_52,
58_59_52_53,
58_59_53_54,
58_59_54_56,
58_59_56_57,
60_61_62_64,
62_64_60_61,
25_26_27_28,
25_26_28_29,
25_26_29_30,
25_26_30_31,
25_26_31_32,
25_26_32_33,
25_26_33_34,
26_27_28_29,
26_27_29_30,
26_27_30_31,
26_27_31_32,
26_27_32_33,
26_27_33_34,
27_28_25_26,
27_28_29_30,
27_28_30_31,
27_28_31_32,
27_28_32_33,
27_28_33_34,
28_29_25_26,
28_29_26_27,
28_29_30_31,
28_29_31_32,
28_29_32_33,
28_29_33_34,
29_30_25_26,
29_30_26_27,
29_30_27_28,
29_30_31_32,
29_30_32_33,
29_30_33_34,
30_31_25_26,
30_31_26_27,
30_31_27_28,
30_31_28_29,
30_31_32_33,
30_31_33_34,
31_32_25_26,
31_32_26_27,
31_32_27_28,
31_32_28_29,
31_32_29_30,
31_32_33_34,
32_33_25_26,
32_33_26_27,
32_33_27_28,
32_33_28_29,
32_33_29_30,
32_33_30_31,
33_34_25_26,
33_34_26_27,
33_34_27_28,
33_34_28_29,
33_34_29_30,
33_34_30_31,
33_34_31_32,
60_61_62_64,
62_64_60_61,
10_11_1_2,
10_11_2_3,
10_11_3_4,
10_11_4_5,
10_11_5_6,
10_11_6_7,
10_11_7_9,
1_2_10_11,
1_2_3_4,
1_2_4_5,
1_2_5_6,
1_2_6_7,
1_2_7_9,
1_2_9_10,
2_3_10_11,
2_3_4_5,
2_3_5_6,
2_3_6_7,
2_3_7_9,
2_3_9_10,
3_4_10_11,
3_4_1_2,
3_4_5_6,
3_4_6_7,
3_4_7_9,
3_4_9_10,
4_5_10_11,
4_5_1_2,
4_5_2_3,
4_5_6_7,
4_5_7_9,
4_5_9_10,
5_6_10_11,
5_6_1_2,
5_6_2_3,
5_6_3_4,
5_6_7_9,
5_6_9_10,
60_61_62_64,
62_64_60_61,
6_7_10_11,
6_7_1_2,
6_7_2_3,
6_7_3_4,
6_7_4_5,
6_7_9_10,
7_9_10_11,
7_9_1_2,
7_9_2_3,
7_9_3_4,
7_9_4_5,
7_9_5_6,
9_10_1_2,
9_10_2_3,
9_10_3_4,
9_10_4_5,
9_10_5_6,
9_10_6_7,
13_16_14_15,
14_15_13_16,
14_17_15_16,
15_16_14_17,
15_18_16_17,
16_17_15_18,
16_19_17_18,
17_18_16_19,
17_20_18_19,
18_19_17_20,
18_21_19_20,
19_20_18_21,
19_22_20_21,
20_21_19_22,
60_61_62_64,
62_64_60_61,
36_39_37_38,
37_38_36_39,
37_40_38_39,
38_39_37_40,
38_42_39_40,
39_40_38_42,
39_43_40_42,
40_42_39_43,
40_44_42_43,
42_43_40_44,
42_45_43_44,
43_44_42_45,
43_46_44_45,
44_45_43_46,
60_61_62_64,
62_64_60_61,
25_26_27_28,
25_26_28_29,
25_26_29_30,
25_26_30_31,
25_26_31_32,
25_26_32_33,
25_26_33_34,
26_27_28_29,
26_27_29_30,
26_27_30_31,
26_27_31_32,
26_27_32_33,
26_27_33_34,
27_28_25_26,
27_28_29_30,
27_28_30_31,
27_28_31_32,
27_28_32_33,
27_28_33_34,
28_29_25_26,
28_29_26_27,
28_29_30_31,
28_29_31_32,
28_29_32_33,
28_29_33_34,
29_30_25_26,
29_30_26_27,
29_30_27_28,
29_30_31_32,
29_30_32_33,
29_30_33_34,
30_31_25_26,
30_31_26_27,
30_31_27_28,
30_31_28_29,
30_31_32_33,
30_31_33_34,
31_32_25_26,
31_32_26_27,
31_32_27_28,
31_32_28_29,
31_32_29_30,
31_32_33_34,
32_33_25_26,
32_33_26_27,
32_33_27_28,
32_33_28_29,
32_33_29_30,
32_33_30_31,
33_34_25_26,
33_34_26_27,
33_34_27_28,
33_34_28_29,
33_34_29_30,
33_34_30_31,
33_34_31_32,
60_61_62_64,
62_64_60_61,
49_50_51_52,
49_50_52_53,
49_50_53_54,
49_50_54_56,
49_50_56_57,
49_50_57_58,
49_50_58_59,
50_51_52_53,
50_51_53_54,
50_51_54_56,
50_51_56_57,
50_51_57_58,
50_51_58_59,
51_52_49_50,
51_52_53_54,
51_52_54_56,
51_52_56_57,
51_52_57_58,
51_52_58_59,
52_53_49_50,
52_53_50_51,
52_53_54_56,
52_53_56_57,
52_53_57_58,
52_53_58_59,
53_54_49_50,
53_54_50_51,
53_54_51_52,
53_54_56_57,
53_54_57_58,
53_54_58_59,
54_56_49_50,
54_56_50_51,
54_56_51_52,
54_56_52_53,
54_56_57_58,
54_56_58_59,
56_57_49_50,
56_57_50_51,
56_57_51_52,
56_57_52_53,
56_57_53_54,
56_57_58_59,
57_58_49_50,
57_58_50_51,
57_58_51_52,
57_58_52_53,
57_58_53_54,
57_58_54_56,
58_59_49_50,
58_59_50_51,
58_59_51_52,
58_59_52_53,
58_59_53_54,
58_59_54_56,
58_59_56_57,
60_61_62_64,
62_64_60_61,
36_39_37_38,
37_38_36_39,
37_40_38_39,
38_39_37_40,
38_42_39_40,
39_40_38_42,
39_43_40_42,
40_42_39_43,
40_44_42_43,
42_43_40_44,
42_45_43_44,
43_44_42_45,
43_46_44_45,
44_45_43_46,
60_61_62_64,
62_64_60_61,
49_50_51_52,
49_50_52_53,
49_50_53_54,
49_50_54_56,
49_50_56_57,
49_50_57_58,
49_50_58_59,
50_51_52_53,
50_51_53_54,
50_51_54_56,
50_51_56_57,
50_51_57_58,
50_51_58_59,
51_52_49_50,
51_52_53_54,
51_52_54_56,
51_52_56_57,
51_52_57_58,
51_52_58_59,
52_53_49_50,
52_53_50_51,
52_53_54_56,
52_53_56_57,
52_53_57_58,
52_53_58_59,
53_54_49_50,
53_54_50_51,
53_54_51_52,
53_54_56_57,
53_54_57_58,
53_54_58_59,
54_56_49_50,
54_56_50_51,
54_56_51_52,
54_56_52_53,
54_56_57_58,
54_56_58_59,
56_57_49_50,
56_57_50_51,
56_57_51_52,
56_57_52_53,
56_57_53_54,
56_57_58_59,
57_58_49_50,
57_58_50_51,
57_58_51_52,
57_58_52_53,
57_58_53_54,
57_58_54_56,
58_59_49_50,
58_59_50_51,
58_59_51_52,
58_59_52_53,
58_59_53_54,
58_59_54_56,
58_59_56_57,
60_61_62_64,
62_64_60_61,
49_50_51_52,
49_50_52_53,
49_50_53_54,
49_50_54_56,
49_50_56_57,
49_50_57_58,
49_50_58_59,
50_51_52_53,
50_51_53_54,
50_51_54_56,
50_51_56_57,
50_51_57_58,
50_51_58_59,
51_52_49_50,
51_52_53_54,
51_52_54_56,
51_52_56_57,
51_52_57_58,
51_52_58_59,
52_53_49_50,
52_53_50_51,
52_53_54_56,
52_53_56_57,
52_53_57_58,
52_53_58_59,
53_54_49_50,
53_54_50_51,
53_54_51_52,
53_54_56_57,
53_54_57_58,
53_54_58_59,
54_56_49_50,
54_56_50_51,
54_56_51_52,
54_56_52_53,
54_56_57_58,
54_56_58_59,
56_57_49_50,
56_57_50_51,
56_57_51_52,
56_57_52_53,
56_57_53_54,
56_57_58_59,
57_58_49_50,
57_58_50_51,
57_58_51_52,
57_58_52_53,
57_58_53_54,
57_58_54_56,
58_59_49_50,
58_59_50_51,
58_59_51_52,
58_59_52_53,
58_59_53_54,
58_59_54_56,
58_59_56_57,
60_61_62_64,
62_64_60_61,
13_14_15_16,
13_14_16_17,
13_14_17_18,
13_14_18_19,
13_14_19_20,
13_14_20_21,
13_14_21_22,
14_15_16_17,
14_15_17_18,
14_15_18_19,
14_15_19_20,
14_15_20_21,
14_15_21_22,
15_16_13_14,
15_16_17_18,
15_16_18_19,
15_16_19_20,
15_16_20_21,
15_16_21_22,
16_17_13_14,
16_17_14_15,
16_17_18_19,
16_17_19_20,
16_17_20_21,
16_17_21_22,
17_18_13_14,
17_18_14_15,
17_18_15_16,
17_18_19_20,
17_18_20_21,
17_18_21_22,
18_19_13_14,
18_19_14_15,
18_19_15_16,
18_19_16_17,
18_19_20_21,
18_19_21_22,
19_20_13_14,
19_20_14_15,
19_20_15_16,
19_20_16_17,
19_20_17_18,
19_20_21_22,
20_21_13_14,
20_21_14_15,
20_21_15_16,
20_21_16_17,
20_21_17_18,
20_21_18_19,
21_22_13_14,
21_22_14_15,
21_22_15_16,
21_22_16_17,
21_22_17_18,
21_22_18_19,
21_22_19_20,
60_61_62_64,
62_64_60_61,
13_14_15_16,
13_14_16_17,
13_14_17_18,
13_14_18_19,
13_14_19_20,
13_14_20_21,
13_14_21_22,
14_15_16_17,
14_15_17_18,
14_15_18_19,
14_15_19_20,
14_15_20_21,
14_15_21_22,
15_16_13_14,
15_16_17_18,
15_16_18_19,
15_16_19_20,
15_16_20_21,
15_16_21_22,
16_17_13_14,
16_17_14_15,
16_17_18_19,
16_17_19_20,
16_17_20_21,
16_17_21_22,
17_18_13_14,
17_18_14_15,
17_18_15_16,
17_18_19_20,
17_18_20_21,
17_18_21_22,
18_19_13_14,
18_19_14_15,
18_19_15_16,
18_19_16_17,
18_19_20_21,
18_19_21_22,
19_20_13_14,
19_20_14_15,
19_20_15_16,
19_20_16_17,
19_20_17_18,
19_20_21_22,
20_21_13_14,
20_21_14_15,
20_21_15_16,
20_21_16_17,
20_21_17_18,
20_21_18_19,
21_22_13_14,
21_22_14_15,
21_22_15_16,
21_22_16_17,
21_22_17_18,
21_22_18_19,
21_22_19_20,
60_61_62_64,
62_64_60_61,
13_14_15_16,
13_14_16_17,
13_14_17_18,
13_14_18_19,
13_14_19_20,
13_14_20_21,
13_14_21_22,
14_15_16_17,
14_15_17_18,
14_15_18_19,
14_15_19_20,
14_15_20_21,
14_15_21_22,
15_16_13_14,
15_16_17_18,
15_16_18_19,
15_16_19_20,
15_16_20_21,
15_16_21_22,
16_17_13_14,
16_17_14_15,
16_17_18_19,
16_17_19_20,
16_17_20_21,
16_17_21_22,
17_18_13_14,
17_18_14_15,
17_18_15_16,
17_18_19_20,
17_18_20_21,
17_18_21_22,
18_19_13_14,
18_19_14_15,
18_19_15_16,
18_19_16_17,
18_19_20_21,
18_19_21_22,
19_20_13_14,
19_20_14_15,
19_20_15_16,
19_20_16_17,
19_20_17_18,
19_20_21_22,
20_21_13_14,
20_21_14_15,
20_21_15_16,
20_21_16_17,
20_21_17_18,
20_21_18_19,
21_22_13_14,
21_22_14_15,
21_22_15_16,
21_22_16_17,
21_22_17_18,
21_22_18_19,
21_22_19_20,
60_61_62_64,
62_64_60_61,
10_11_1_2,
10_11_2_3,
10_11_3_4,
10_11_4_5,
10_11_5_6,
10_11_6_7,
10_11_7_9,
1_2_10_11,
1_2_3_4,
1_2_4_5,
1_2_5_6,
1_2_6_7,
1_2_7_9,
1_2_9_10,
2_3_10_11,
2_3_4_5,
2_3_5_6,
2_3_6_7,
2_3_7_9,
2_3_9_10,
3_4_10_11,
3_4_1_2,
3_4_5_6,
3_4_6_7,
3_4_7_9,
3_4_9_10,
4_5_10_11,
4_5_1_2,
4_5_2_3,
4_5_6_7,
4_5_7_9,
4_5_9_10,
5_6_10_11,
5_6_1_2,
5_6_2_3,
5_6_3_4,
5_6_7_9,
5_6_9_10,
60_61_62_64,
62_64_60_61,
6_7_10_11,
6_7_1_2,
6_7_2_3,
6_7_3_4,
6_7_4_5,
6_7_9_10,
7_9_10_11,
7_9_1_2,
7_9_2_3,
7_9_3_4,
7_9_4_5,
7_9_5_6,
9_10_1_2,
9_10_2_3,
9_10_3_4,
9_10_4_5,
9_10_5_6,
9_10_6_7,
1_4_2_3,
2_3_1_4,
2_5_3_4,
3_4_2_5,
3_6_4_5,
4_5_3_6,
4_7_5_6,
5_6_4_7,
5_9_6_7,
60_61_62_64,
62_64_60_61,
6_10_7_9,
6_7_5_9,
7_11_9_10,
7_9_6_10,
9_10_7_11,
36_37_38_39,
36_37_39_40,
36_37_40_42,
36_37_42_43,
36_37_43_44,
36_37_44_45,
36_37_45_46,
37_38_39_40,
37_38_40_42,
37_38_42_43,
37_38_43_44,
37_38_44_45,
37_38_45_46,
38_39_36_37,
38_39_40_42,
38_39_42_43,
38_39_43_44,
38_39_44_45,
38_39_45_46,
39_40_36_37,
39_40_37_38,
39_40_42_43,
39_40_43_44,
39_40_44_45,
39_40_45_46,
40_42_36_37,
40_42_37_38,
40_42_38_39,
40_42_43_44,
40_42_44_45,
40_42_45_46,
42_43_36_37,
42_43_37_38,
42_43_38_39,
42_43_39_40,
42_43_44_45,
42_43_45_46,
43_44_36_37,
43_44_37_38,
43_44_38_39,
43_44_39_40,
43_44_40_42,
43_44_45_46,
44_45_36_37,
44_45_37_38,
44_45_38_39,
44_45_39_40,
44_45_40_42,
44_45_42_43,
45_46_36_37,
45_46_37_38,
45_46_38_39,
45_46_39_40,
45_46_40_42,
45_46_42_43,
45_46_43_44,
60_61_62_64,
62_64_60_61,
36_39_37_38,
37_38_36_39,
37_40_38_39,
38_39_37_40,
38_42_39_40,
39_40_38_42,
39_43_40_42,
40_42_39_43,
40_44_42_43,
42_43_40_44,
42_45_43_44,
43_44_42_45,
43_46_44_45,
44_45_43_46,
60_61_62_64,
62_64_60_61,
13_14_15_16,
13_14_16_17,
13_14_17_18,
13_14_18_19,
13_14_19_20,
13_14_20_21,
13_14_21_22,
14_15_16_17,
14_15_17_18,
14_15_18_19,
14_15_19_20,
14_15_20_21,
14_15_21_22,
15_16_13_14,
15_16_17_18,
15_16_18_19,
15_16_19_20,
15_16_20_21,
15_16_21_22,
16_17_13_14,
16_17_14_15,
16_17_18_19,
16_17_19_20,
16_17_20_21,
16_17_21_22,
17_18_13_14,
17_18_14_15,
17_18_15_16,
17_18_19_20,
17_18_20_21,
17_18_21_22,
18_19_13_14,
18_19_14_15,
18_19_15_16,
18_19_16_17,
18_19_20_21,
18_19_21_22,
19_20_13_14,
19_20_14_15,
19_20_15_16,
19_20_16_17,
19_20_17_18,
19_20_21_22,
20_21_13_14,
20_21_14_15,
20_21_15_16,
20_21_16_17,
20_21_17_18,
20_21_18_19,
21_22_13_14,
21_22_14_15,
21_22_15_16,
21_22_16_17,
21_22_17_18,
21_22_18_19,
21_22_19_20,
60_61_62_64,
62_64_60_61,
13_16_14_15,
14_15_13_16,
14_17_15_16,
15_16_14_17,
15_18_16_17,
16_17_15_18,
16_19_17_18,
17_18_16_19,
17_20_18_19,
18_19_17_20,
18_21_19_20,
19_20_18_21,
19_22_20_21,
20_21_19_22,
60_61_62_64,
62_64_60_61,
1_4_2_3,
2_3_1_4,
2_5_3_4,
3_4_2_5,
3_6_4_5,
4_5_3_6,
4_7_5_6,
5_6_4_7,
5_9_6_7,
60_61_62_64,
62_64_60_61,
6_10_7_9,
6_7_5_9,
7_11_9_10,
7_9_6_10,
9_10_7_11,
1_4_2_3,
2_3_1_4,
2_5_3_4,
3_4_2_5,
3_6_4_5,
4_5_3_6,
4_7_5_6,
5_6_4_7,
5_9_6_7,
60_61_62_64,
62_64_60_61,
6_10_7_9,
6_7_5_9,
7_11_9_10,
7_9_6_10,
9_10_7_11,
25_26_27_28,
25_26_28_29,
25_26_29_30,
25_26_30_31,
25_26_31_32,
25_26_32_33,
25_26_33_34,
26_27_28_29,
26_27_29_30,
26_27_30_31,
26_27_31_32,
26_27_32_33,
26_27_33_34,
27_28_25_26,
27_28_29_30,
27_28_30_31,
27_28_31_32,
27_28_32_33,
27_28_33_34,
28_29_25_26,
28_29_26_27,
28_29_30_31,
28_29_31_32,
28_29_32_33,
28_29_33_34,
29_30_25_26,
29_30_26_27,
29_30_27_28,
29_30_31_32,
29_30_32_33,
29_30_33_34,
30_31_25_26,
30_31_26_27,
30_31_27_28,
30_31_28_29,
30_31_32_33,
30_31_33_34,
31_32_25_26,
31_32_26_27,
31_32_27_28,
31_32_28_29,
31_32_29_30,
31_32_33_34,
32_33_25_26,
32_33_26_27,
32_33_27_28,
32_33_28_29,
32_33_29_30,
32_33_30_31,
33_34_25_26,
33_34_26_27,
33_34_27_28,
33_34_28_29,
33_34_29_30,
33_34_30_31,
33_34_31_32,
60_61_62_64,
62_64_60_61,
36_39_37_38,
37_38_36_39,
37_40_38_39,
38_39_37_40,
38_42_39_40,
39_40_38_42,
39_43_40_42,
40_42_39_43,
40_44_42_43,
42_43_40_44,
42_45_43_44,
43_44_42_45,
43_46_44_45,
44_45_43_46,
60_61_62_64,
62_64_60_61,
10_11_1_2,
10_11_2_3,
10_11_3_4,
10_11_4_5,
10_11_5_6,
10_11_6_7,
10_11_7_9,
1_2_10_11,
1_2_3_4,
1_2_4_5,
1_2_5_6,
1_2_6_7,
1_2_7_9,
1_2_9_10,
2_3_10_11,
2_3_4_5,
2_3_5_6,
2_3_6_7,
2_3_7_9,
2_3_9_10,
3_4_10_11,
3_4_1_2,
3_4_5_6,
3_4_6_7,
3_4_7_9,
3_4_9_10,
4_5_10_11,
4_5_1_2,
4_5_2_3,
4_5_6_7,
4_5_7_9,
4_5_9_10,
5_6_10_11,
5_6_1_2,
5_6_2_3,
5_6_3_4,
5_6_7_9,
5_6_9_10,
60_61_62_64,
62_64_60_61,
6_7_10_11,
6_7_1_2,
6_7_2_3,
6_7_3_4,
6_7_4_5,
6_7_9_10,
7_9_10_11,
7_9_1_2,
7_9_2_3,
7_9_3_4,
7_9_4_5,
7_9_5_6,
9_10_1_2,
9_10_2_3,
9_10_3_4,
9_10_4_5,
9_10_5_6,
9_10_6_7,
13_16_14_15,
14_15_13_16,
14_17_15_16,
15_16_14_17,
15_18_16_17,
16_17_15_18,
16_19_17_18,
17_18_16_19,
17_20_18_19,
18_19_17_20,
18_21_19_20,
19_20_18_21,
19_22_20_21,
20_21_19_22,
60_61_62_64,
62_64_60_61,
36_37_38_39,
36_37_39_40,
36_37_40_42,
36_37_42_43,
36_37_43_44,
36_37_44_45,
36_37_45_46,
37_38_39_40,
37_38_40_42,
37_38_42_43,
37_38_43_44,
37_38_44_45,
37_38_45_46,
38_39_36_37,
38_39_40_42,
38_39_42_43,
38_39_43_44,
38_39_44_45,
38_39_45_46,
39_40_36_37,
39_40_37_38,
39_40_42_43,
39_40_43_44,
39_40_44_45,
39_40_45_46,
40_42_36_37,
40_42_37_38,
40_42_38_39,
40_42_43_44,
40_42_44_45,
40_42_45_46,
42_43_36_37,
42_43_37_38,
42_43_38_39,
42_43_39_40,
42_43_44_45,
42_43_45_46,
43_44_36_37,
43_44_37_38,
43_44_38_39,
43_44_39_40,
43_44_40_42,
43_44_45_46,
44_45_36_37,
44_45_37_38,
44_45_38_39,
44_45_39_40,
44_45_40_42,
44_45_42_43,
45_46_36_37,
45_46_37_38,
45_46_38_39,
45_46_39_40,
45_46_40_42,
45_46_42_43,
45_46_43_44,
60_61_62_64,
62_64_60_61,
25_28_26_27,
26_27_25_28,
26_29_27_28,
27_28_26_29,
27_30_28_29,
28_29_27_30,
28_31_29_30,
29_30_28_31,
29_32_30_31,
30_31_29_32,
30_33_31_32,
31_32_30_33,
31_34_32_33,
32_33_31_34,
60_61_62_64,
62_64_60_61,
36_39_37_38,
37_38_36_39,
37_40_38_39,
38_39_37_40,
38_42_39_40,
39_40_38_42,
39_43_40_42,
40_42_39_43,
40_44_42_43,
42_43_40_44,
42_45_43_44,
43_44_42_45,
43_46_44_45,
44_45_43_46,
60_61_62_64,
62_64_60_61,
36_39_37_38,
37_38_36_39,
37_40_38_39,
38_39_37_40,
38_42_39_40,
39_40_38_42,
39_43_40_42,
40_42_39_43,
40_44_42_43,
42_43_40_44,
42_45_43_44,
43_44_42_45,
43_46_44_45,
44_45_43_46,
60_61_62_64,
62_64_60_61,
49_50_51_52,
49_50_52_53,
49_50_53_54,
49_50_54_56,
49_50_56_57,
49_50_57_58,
49_50_58_59,
50_51_52_53,
50_51_53_54,
50_51_54_56,
50_51_56_57,
50_51_57_58,
50_51_58_59,
51_52_49_50,
51_52_53_54,
51_52_54_56,
51_52_56_57,
51_52_57_58,
51_52_58_59,
52_53_49_50,
52_53_50_51,
52_53_54_56,
52_53_56_57,
52_53_57_58,
52_53_58_59,
53_54_49_50,
53_54_50_51,
53_54_51_52,
53_54_56_57,
53_54_57_58,
53_54_58_59,
54_56_49_50,
54_56_50_51,
54_56_51_52,
54_56_52_53,
54_56_57_58,
54_56_58_59,
56_57_49_50,
56_57_50_51,
56_57_51_52,
56_57_52_53,
56_57_53_54,
56_57_58_59,
57_58_49_50,
57_58_50_51,
57_58_51_52,
57_58_52_53,
57_58_53_54,
57_58_54_56,
58_59_49_50,
58_59_50_51,
58_59_51_52,
58_59_52_53,
58_59_53_54,
58_59_54_56,
58_59_56_57,
60_61_62_64,
62_64_60_61,
10_11_1_2,
10_11_2_3,
10_11_3_4,
10_11_4_5,
10_11_5_6,
10_11_6_7,
10_11_7_9,
1_2_10_11,
1_2_3_4,
1_2_4_5,
1_2_5_6,
1_2_6_7,
1_2_7_9,
1_2_9_10,
2_3_10_11,
2_3_4_5,
2_3_5_6,
2_3_6_7,
2_3_7_9,
2_3_9_10,
3_4_10_11,
3_4_1_2,
3_4_5_6,
3_4_6_7,
3_4_7_9,
3_4_9_10,
4_5_10_11,
4_5_1_2,
4_5_2_3,
4_5_6_7,
4_5_7_9,
4_5_9_10,
5_6_10_11,
5_6_1_2,
5_6_2_3,
5_6_3_4,
5_6_7_9,
5_6_9_10,
60_61_62_64,
62_64_60_61,
6_7_10_11,
6_7_1_2,
6_7_2_3,
6_7_3_4,
6_7_4_5,
6_7_9_10,
7_9_10_11,
7_9_1_2,
7_9_2_3,
7_9_3_4,
7_9_4_5,
7_9_5_6,
9_10_1_2,
9_10_2_3,
9_10_3_4,
9_10_4_5,
9_10_5_6,
9_10_6_7,
13_14_15_16,
13_14_16_17,
13_14_17_18,
13_14_18_19,
13_14_19_20,
13_14_20_21,
13_14_21_22,
14_15_16_17,
14_15_17_18,
14_15_18_19,
14_15_19_20,
14_15_20_21,
14_15_21_22,
15_16_13_14,
15_16_17_18,
15_16_18_19,
15_16_19_20,
15_16_20_21,
15_16_21_22,
16_17_13_14,
16_17_14_15,
16_17_18_19,
16_17_19_20,
16_17_20_21,
16_17_21_22,
17_18_13_14,
17_18_14_15,
17_18_15_16,
17_18_19_20,
17_18_20_21,
17_18_21_22,
18_19_13_14,
18_19_14_15,
18_19_15_16,
18_19_16_17,
18_19_20_21,
18_19_21_22,
19_20_13_14,
19_20_14_15,
19_20_15_16,
19_20_16_17,
19_20_17_18,
19_20_21_22,
20_21_13_14,
20_21_14_15,
20_21_15_16,
20_21_16_17,
20_21_17_18,
20_21_18_19,
21_22_13_14,
21_22_14_15,
21_22_15_16,
21_22_16_17,
21_22_17_18,
21_22_18_19,
21_22_19_20,
60_61_62_64,
62_64_60_61,
13_14_15_16,
13_14_16_17,
13_14_17_18,
13_14_18_19,
13_14_19_20,
13_14_20_21,
13_14_21_22,
14_15_16_17,
14_15_17_18,
14_15_18_19,
14_15_19_20,
14_15_20_21,
14_15_21_22,
15_16_13_14,
15_16_17_18,
15_16_18_19,
15_16_19_20,
15_16_20_21,
15_16_21_22,
16_17_13_14,
16_17_14_15,
16_17_18_19,
16_17_19_20,
16_17_20_21,
16_17_21_22,
17_18_13_14,
17_18_14_15,
17_18_15_16,
17_18_19_20,
17_18_20_21,
17_18_21_22,
18_19_13_14,
18_19_14_15,
18_19_15_16,
18_19_16_17,
18_19_20_21,
18_19_21_22,
19_20_13_14,
19_20_14_15,
19_20_15_16,
19_20_16_17,
19_20_17_18,
19_20_21_22,
20_21_13_14,
20_21_14_15,
20_21_15_16,
20_21_16_17,
20_21_17_18,
20_21_18_19,
21_22_13_14,
21_22_14_15,
21_22_15_16,
21_22_16_17,
21_22_17_18,
21_22_18_19,
21_22_19_20,
60_61_62_64,
62_64_60_61,
25_26_27_28,
25_26_28_29,
25_26_29_30,
25_26_30_31,
25_26_31_32,
25_26_32_33,
25_26_33_34,
26_27_28_29,
26_27_29_30,
26_27_30_31,
26_27_31_32,
26_27_32_33,
26_27_33_34,
27_28_25_26,
27_28_29_30,
27_28_30_31,
27_28_31_32,
27_28_32_33,
27_28_33_34,
28_29_25_26,
28_29_26_27,
28_29_30_31,
28_29_31_32,
28_29_32_33,
28_29_33_34,
29_30_25_26,
29_30_26_27,
29_30_27_28,
29_30_31_32,
29_30_32_33,
29_30_33_34,
30_31_25_26,
30_31_26_27,
30_31_27_28,
30_31_28_29,
30_31_32_33,
30_31_33_34,
31_32_25_26,
31_32_26_27,
31_32_27_28,
31_32_28_29,
31_32_29_30,
31_32_33_34,
32_33_25_26,
32_33_26_27,
32_33_27_28,
32_33_28_29,
32_33_29_30,
32_33_30_31,
33_34_25_26,
33_34_26_27,
33_34_27_28,
33_34_28_29,
33_34_29_30,
33_34_30_31,
33_34_31_32,
60_61_62_64,
62_64_60_61,
36_39_37_38,
37_38_36_39,
37_40_38_39,
38_39_37_40,
38_42_39_40,
39_40_38_42,
39_43_40_42,
40_42_39_43,
40_44_42_43,
42_43_40_44,
42_45_43_44,
43_44_42_45,
43_46_44_45,
44_45_43_46,
60_61_62_64,
62_64_60_61,
25_28_26_27,
26_27_25_28,
26_29_27_28,
27_28_26_29,
27_30_28_29,
28_29_27_30,
28_31_29_30,
29_30_28_31,
29_32_30_31,
30_31_29_32,
30_33_31_32,
31_32_30_33,
31_34_32_33,
32_33_31_34,
60_61_62_64,
62_64_60_61,
49_50_51_52,
49_50_52_53,
49_50_53_54,
49_50_54_56,
49_50_56_57,
49_50_57_58,
49_50_58_59,
50_51_52_53,
50_51_53_54,
50_51_54_56,
50_51_56_57,
50_51_57_58,
50_51_58_59,
51_52_49_50,
51_52_53_54,
51_52_54_56,
51_52_56_57,
51_52_57_58,
51_52_58_59,
52_53_49_50,
52_53_50_51,
52_53_54_56,
52_53_56_57,
52_53_57_58,
52_53_58_59,
53_54_49_50,
53_54_50_51,
53_54_51_52,
53_54_56_57,
53_54_57_58,
53_54_58_59,
54_56_49_50,
54_56_50_51,
54_56_51_52,
54_56_52_53,
54_56_57_58,
54_56_58_59,
56_57_49_50,
56_57_50_51,
56_57_51_52,
56_57_52_53,
56_57_53_54,
56_57_58_59,
57_58_49_50,
57_58_50_51,
57_58_51_52,
57_58_52_53,
57_58_53_54,
57_58_54_56,
58_59_49_50,
58_59_50_51,
58_59_51_52,
58_59_52_53,
58_59_53_54,
58_59_54_56,
58_59_56_57,
60_61_62_64,
62_64_60_61,
1_4_2_3,
2_5_3_4,
3_6_4_5,
4_7_5_6,
5_9_6_7,
60_61_62_64,
6_10_7_9,
7_11_9_10,
25_26_27_28,
25_26_28_29,
25_26_29_30,
25_26_30_31,
25_26_31_32,
25_26_32_33,
25_26_33_34,
26_27_28_29,
26_27_29_30,
26_27_30_31,
26_27_31_32,
26_27_32_33,
26_27_33_34,
27_28_25_26,
27_28_29_30,
27_28_30_31,
27_28_31_32,
27_28_32_33,
27_28_33_34,
28_29_25_26,
28_29_26_27,
28_29_30_31,
28_29_31_32,
28_29_32_33,
28_29_33_34,
29_30_25_26,
29_30_26_27,
29_30_27_28,
29_30_31_32,
29_30_32_33,
29_30_33_34,
30_31_25_26,
30_31_26_27,
30_31_27_28,
30_31_28_29,
30_31_32_33,
30_31_33_34,
31_32_25_26,
31_32_26_27,
31_32_27_28,
31_32_28_29,
31_32_29_30,
31_32_33_34,
32_33_25_26,
32_33_26_27,
32_33_27_28,
32_33_28_29,
32_33_29_30,
32_33_30_31,
33_34_25_26,
33_34_26_27,
33_34_27_28,
33_34_28_29,
33_34_29_30,
33_34_30_31,
33_34_31_32,
60_61_62_64,
62_64_60_61,
10_11_1_2,
10_11_2_3,
10_11_3_4,
10_11_4_5,
10_11_5_6,
10_11_6_7,
10_11_7_9,
1_2_10_11,
1_2_3_4,
1_2_4_5,
1_2_5_6,
1_2_6_7,
1_2_7_9,
1_2_9_10,
2_3_10_11,
2_3_4_5,
2_3_5_6,
2_3_6_7,
2_3_7_9,
2_3_9_10,
3_4_10_11,
3_4_1_2,
3_4_5_6,
3_4_6_7,
3_4_7_9,
3_4_9_10,
4_5_10_11,
4_5_1_2,
4_5_2_3,
4_5_6_7,
4_5_7_9,
4_5_9_10,
5_6_10_11,
5_6_1_2,
5_6_2_3,
5_6_3_4,
5_6_7_9,
5_6_9_10,
60_61_62_64,
62_64_60_61,
6_7_10_11,
6_7_1_2,
6_7_2_3,
6_7_3_4,
6_7_4_5,
6_7_9_10,
7_9_10_11,
7_9_1_2,
7_9_2_3,
7_9_3_4,
7_9_4_5,
7_9_5_6,
9_10_1_2,
9_10_2_3,
9_10_3_4,
9_10_4_5,
9_10_5_6,
9_10_6_7,
13_16_14_15,
14_15_13_16,
14_17_15_16,
15_16_14_17,
15_18_16_17,
16_17_15_18,
16_19_17_18,
17_18_16_19,
17_20_18_19,
18_19_17_20,
18_21_19_20,
19_20_18_21,
19_22_20_21,
20_21_19_22,
60_61_62_64,
62_64_60_61,
25_28_26_27,
26_27_25_28,
26_29_27_28,
27_28_26_29,
27_30_28_29,
28_29_27_30,
28_31_29_30,
29_30_28_31,
29_32_30_31,
30_31_29_32,
30_33_31_32,
31_32_30_33,
31_34_32_33,
32_33_31_34,
60_61_62_64,
62_64_60_61,
13_16_14_15,
14_15_13_16,
14_17_15_16,
15_16_14_17,
15_18_16_17,
16_17_15_18,
16_19_17_18,
17_18_16_19,
17_20_18_19,
18_19_17_20,
18_21_19_20,
19_20_18_21,
19_22_20_21,
20_21_19_22,
60_61_62_64,
62_64_60_61,
36_37_38_39,
36_37_39_40,
36_37_40_42,
36_37_42_43,
36_37_43_44,
36_37_44_45,
36_37_45_46,
37_38_39_40,
37_38_40_42,
37_38_42_43,
37_38_43_44,
37_38_44_45,
37_38_45_46,
38_39_36_37,
38_39_40_42,
38_39_42_43,
38_39_43_44,
38_39_44_45,
38_39_45_46,
39_40_36_37,
39_40_37_38,
39_40_42_43,
39_40_43_44,
39_40_44_45,
39_40_45_46,
40_42_36_37,
40_42_37_38,
40_42_38_39,
40_42_43_44,
40_42_44_45,
40_42_45_46,
42_43_36_37,
42_43_37_38,
42_43_38_39,
42_43_39_40,
42_43_44_45,
42_43_45_46,
43_44_36_37,
43_44_37_38,
43_44_38_39,
43_44_39_40,
43_44_40_42,
43_44_45_46,
44_45_36_37,
44_45_37_38,
44_45_38_39,
44_45_39_40,
44_45_40_42,
44_45_42_43,
45_46_36_37,
45_46_37_38,
45_46_38_39,
45_46_39_40,
45_46_40_42,
45_46_42_43,
45_46_43_44,
60_61_62_64,
62_64_60_61,
49_52_50_51,
50_51_49_52,
50_53_51_52,
51_52_50_53,
51_54_52_53,
52_53_51_54,
52_56_53_54,
53_54_52_56,
53_57_54_56,
54_56_53_57,
54_58_56_57,
56_57_54_58,
56_59_57_58,
57_58_56_59,
60_61_62_64,
62_64_60_61,
49_52_50_51,
50_51_49_52,
50_53_51_52,
51_52_50_53,
51_54_52_53,
52_53_51_54,
52_56_53_54,
53_54_52_56,
53_57_54_56,
54_56_53_57,
54_58_56_57,
56_57_54_58,
56_59_57_58,
57_58_56_59,
60_61_62_64,
62_64_60_61,
49_52_50_51,
50_51_49_52,
50_53_51_52,
51_52_50_53,
51_54_52_53,
52_53_51_54,
52_56_53_54,
53_54_52_56,
53_57_54_56,
54_56_53_57,
54_58_56_57,
56_57_54_58,
56_59_57_58,
57_58_56_59,
60_61_62_64,
62_64_60_61,
36_39_37_38,
37_38_36_39,
37_40_38_39,
38_39_37_40,
38_42_39_40,
39_40_38_42,
39_43_40_42,
40_42_39_43,
40_44_42_43,
42_43_40_44,
42_45_43_44,
43_44_42_45,
43_46_44_45,
44_45_43_46,
60_61_62_64,
62_64_60_61,
13_14_15_16,
13_14_16_17,
13_14_17_18,
13_14_18_19,
13_14_19_20,
13_14_20_21,
13_14_21_22,
14_15_16_17,
14_15_17_18,
14_15_18_19,
14_15_19_20,
14_15_20_21,
14_15_21_22,
15_16_13_14,
15_16_17_18,
15_16_18_19,
15_16_19_20,
15_16_20_21,
15_16_21_22,
16_17_13_14,
16_17_14_15,
16_17_18_19,
16_17_19_20,
16_17_20_21,
16_17_21_22,
17_18_13_14,
17_18_14_15,
17_18_15_16,
17_18_19_20,
17_18_20_21,
17_18_21_22,
18_19_13_14,
18_19_14_15,
18_19_15_16,
18_19_16_17,
18_19_20_21,
18_19_21_22,
19_20_13_14,
19_20_14_15,
19_20_15_16,
19_20_16_17,
19_20_17_18,
19_20_21_22,
20_21_13_14,
20_21_14_15,
20_21_15_16,
20_21_16_17,
20_21_17_18,
20_21_18_19,
21_22_13_14,
21_22_14_15,
21_22_15_16,
21_22_16_17,
21_22_17_18,
21_22_18_19,
21_22_19_20,
60_61_62_64,
62_64_60_61,
49_52_50_51,
50_51_49_52,
50_53_51_52,
51_52_50_53,
51_54_52_53,
52_53_51_54,
52_56_53_54,
53_54_52_56,
53_57_54_56,
54_56_53_57,
54_58_56_57,
56_57_54_58,
56_59_57_58,
57_58_56_59,
60_61_62_64,
62_64_60_61,
13_16_14_15,
14_15_13_16,
14_17_15_16,
15_16_14_17,
15_18_16_17,
16_17_15_18,
16_19_17_18,
17_18_16_19,
17_20_18_19,
18_19_17_20,
18_21_19_20,
19_20_18_21,
19_22_20_21,
20_21_19_22,
60_61_62_64,
62_64_60_61,
1_4_2_3,
2_3_1_4,
2_5_3_4,
3_4_2_5,
3_6_4_5,
4_5_3_6,
4_7_5_6,
5_6_4_7,
5_9_6_7,
60_61_62_64,
62_64_60_61,
6_10_7_9,
6_7_5_9,
7_11_9_10,
7_9_6_10,
9_10_7_11,
36_39_37_38,
37_38_36_39,
37_40_38_39,
38_39_37_40,
38_42_39_40,
39_40_38_42,
39_43_40_42,
40_42_39_43,
40_44_42_43,
42_43_40_44,
42_45_43_44,
43_44_42_45,
43_46_44_45,
44_45_43_46,
60_61_62_64,
62_64_60_61,
49_50_51_52,
49_50_52_53,
49_50_53_54,
49_50_54_56,
49_50_56_57,
49_50_57_58,
49_50_58_59,
50_51_52_53,
50_51_53_54,
50_51_54_56,
50_51_56_57,
50_51_57_58,
50_51_58_59,
51_52_49_50,
51_52_53_54,
51_52_54_56,
51_52_56_57,
51_52_57_58,
51_52_58_59,
52_53_49_50,
52_53_50_51,
52_53_54_56,
52_53_56_57,
52_53_57_58,
52_53_58_59,
53_54_49_50,
53_54_50_51,
53_54_51_52,
53_54_56_57,
53_54_57_58,
53_54_58_59,
54_56_49_50,
54_56_50_51,
54_56_51_52,
54_56_52_53,
54_56_57_58,
54_56_58_59,
56_57_49_50,
56_57_50_51,
56_57_51_52,
56_57_52_53,
56_57_53_54,
56_57_58_59,
57_58_49_50,
57_58_50_51,
57_58_51_52,
57_58_52_53,
57_58_53_54,
57_58_54_56,
58_59_49_50,
58_59_50_51,
58_59_51_52,
58_59_52_53,
58_59_53_54,
58_59_54_56,
58_59_56_57,
60_61_62_64,
62_64_60_61,
25_28_26_27,
26_27_25_28,
26_29_27_28,
27_28_26_29,
27_30_28_29,
28_29_27_30,
28_31_29_30,
29_30_28_31,
29_32_30_31,
30_31_29_32,
30_33_31_32,
31_32_30_33,
31_34_32_33,
32_33_31_34,
60_61_62_64,
62_64_60_61,
36_39_37_38,
37_38_36_39,
37_40_38_39,
38_39_37_40,
38_42_39_40,
39_40_38_42,
39_43_40_42,
40_42_39_43,
40_44_42_43,
42_43_40_44,
42_45_43_44,
43_44_42_45,
43_46_44_45,
44_45_43_46,
60_61_62_64,
62_64_60_61,
10_11_1_2,
10_11_2_3,
10_11_3_4,
10_11_4_5,
10_11_5_6,
10_11_6_7,
10_11_7_9,
1_2_10_11,
1_2_3_4,
1_2_4_5,
1_2_5_6,
1_2_6_7,
1_2_7_9,
1_2_9_10,
2_3_10_11,
2_3_4_5,
2_3_5_6,
2_3_6_7,
2_3_7_9,
2_3_9_10,
3_4_10_11,
3_4_1_2,
3_4_5_6,
3_4_6_7,
3_4_7_9,
3_4_9_10,
4_5_10_11,
4_5_1_2,
4_5_2_3,
4_5_6_7,
4_5_7_9,
4_5_9_10,
5_6_10_11,
5_6_1_2,
5_6_2_3,
5_6_3_4,
5_6_7_9,
5_6_9_10,
60_61_62_64,
62_64_60_61,
6_7_10_11,
6_7_1_2,
6_7_2_3,
6_7_3_4,
6_7_4_5,
6_7_9_10,
7_9_10_11,
7_9_1_2,
7_9_2_3,
7_9_3_4,
7_9_4_5,
7_9_5_6,
9_10_1_2,
9_10_2_3,
9_10_3_4,
9_10_4_5,
9_10_5_6,
9_10_6_7,
36_39_37_38,
37_38_36_39,
37_40_38_39,
38_39_37_40,
38_42_39_40,
39_40_38_42,
39_43_40_42,
40_42_39_43,
40_44_42_43,
42_43_40_44,
42_45_43_44,
43_44_42_45,
43_46_44_45,
44_45_43_46,
60_61_62_64,
62_64_60_61,
13_14_15_16,
13_14_16_17,
13_14_17_18,
13_14_18_19,
13_14_19_20,
13_14_20_21,
13_14_21_22,
14_15_16_17,
14_15_17_18,
14_15_18_19,
14_15_19_20,
14_15_20_21,
14_15_21_22,
15_16_13_14,
15_16_17_18,
15_16_18_19,
15_16_19_20,
15_16_20_21,
15_16_21_22,
16_17_13_14,
16_17_14_15,
16_17_18_19,
16_17_19_20,
16_17_20_21,
16_17_21_22,
17_18_13_14,
17_18_14_15,
17_18_15_16,
17_18_19_20,
17_18_20_21,
17_18_21_22,
18_19_13_14,
18_19_14_15,
18_19_15_16,
18_19_16_17,
18_19_20_21,
18_19_21_22,
19_20_13_14,
19_20_14_15,
19_20_15_16,
19_20_16_17,
19_20_17_18,
19_20_21_22,
20_21_13_14,
20_21_14_15,
20_21_15_16,
20_21_16_17,
20_21_17_18,
20_21_18_19,
21_22_13_14,
21_22_14_15,
21_22_15_16,
21_22_16_17,
21_22_17_18,
21_22_18_19,
21_22_19_20,
60_61_62_64,
62_64_60_61,
10_11_1_2,
10_11_2_3,
10_11_3_4,
10_11_4_5,
10_11_5_6,
10_11_6_7,
10_11_7_9,
1_2_10_11,
1_2_3_4,
1_2_4_5,
1_2_5_6,
1_2_6_7,
1_2_7_9,
1_2_9_10,
2_3_10_11,
2_3_4_5,
2_3_5_6,
2_3_6_7,
2_3_7_9,
2_3_9_10,
3_4_10_11,
3_4_1_2,
3_4_5_6,
3_4_6_7,
3_4_7_9,
3_4_9_10,
4_5_10_11,
4_5_1_2,
4_5_2_3,
4_5_6_7,
4_5_7_9,
4_5_9_10,
5_6_10_11,
5_6_1_2,
5_6_2_3,
5_6_3_4,
5_6_7_9,
5_6_9_10,
60_61_62_64,
62_64_60_61,
6_7_10_11,
6_7_1_2,
6_7_2_3,
6_7_3_4,
6_7_4_5,
6_7_9_10,
7_9_10_11,
7_9_1_2,
7_9_2_3,
7_9_3_4,
7_9_4_5,
7_9_5_6,
9_10_1_2,
9_10_2_3,
9_10_3_4,
9_10_4_5,
9_10_5_6,
9_10_6_7,
36_37_38_39,
36_37_39_40,
36_37_40_42,
36_37_42_43,
36_37_43_44,
36_37_44_45,
36_37_45_46,
37_38_39_40,
37_38_40_42,
37_38_42_43,
37_38_43_44,
37_38_44_45,
37_38_45_46,
38_39_36_37,
38_39_40_42,
38_39_42_43,
38_39_43_44,
38_39_44_45,
38_39_45_46,
39_40_36_37,
39_40_37_38,
39_40_42_43,
39_40_43_44,
39_40_44_45,
39_40_45_46,
40_42_36_37,
40_42_37_38,
40_42_38_39,
40_42_43_44,
40_42_44_45,
40_42_45_46,
42_43_36_37,
42_43_37_38,
42_43_38_39,
42_43_39_40,
42_43_44_45,
42_43_45_46,
43_44_36_37,
43_44_37_38,
43_44_38_39,
43_44_39_40,
43_44_40_42,
43_44_45_46,
44_45_36_37,
44_45_37_38,
44_45_38_39,
44_45_39_40,
44_45_40_42,
44_45_42_43,
45_46_36_37,
45_46_37_38,
45_46_38_39,
45_46_39_40,
45_46_40_42,
45_46_42_43,
45_46_43_44,
60_61_62_64,
62_64_60_61,
25_26_27_28,
25_26_28_29,
25_26_29_30,
25_26_30_31,
25_26_31_32,
25_26_32_33,
25_26_33_34,
26_27_28_29,
26_27_29_30,
26_27_30_31,
26_27_31_32,
26_27_32_33,
26_27_33_34,
27_28_25_26,
27_28_29_30,
27_28_30_31,
27_28_31_32,
27_28_32_33,
27_28_33_34,
28_29_25_26,
28_29_26_27,
28_29_30_31,
28_29_31_32,
28_29_32_33,
28_29_33_34,
29_30_25_26,
29_30_26_27,
29_30_27_28,
29_30_31_32,
29_30_32_33,
29_30_33_34,
30_31_25_26,
30_31_26_27,
30_31_27_28,
30_31_28_29,
30_31_32_33,
30_31_33_34,
31_32_25_26,
31_32_26_27,
31_32_27_28,
31_32_28_29,
31_32_29_30,
31_32_33_34,
32_33_25_26,
32_33_26_27,
32_33_27_28,
32_33_28_29,
32_33_29_30,
32_33_30_31,
33_34_25_26,
33_34_26_27,
33_34_27_28,
33_34_28_29,
33_34_29_30,
33_34_30_31,
33_34_31_32,
60_61_62_64,
62_64_60_61,
13_16_14_15,
14_15_13_16,
14_17_15_16,
15_16_14_17,
15_18_16_17,
16_17_15_18,
16_19_17_18,
17_18_16_19,
17_20_18_19,
18_19_17_20,
18_21_19_20,
19_20_18_21,
19_22_20_21,
20_21_19_22,
60_61_62_64,
62_64_60_61,
49_50_51_52,
49_50_52_53,
49_50_53_54,
49_50_54_56,
49_50_56_57,
49_50_57_58,
49_50_58_59,
50_51_52_53,
50_51_53_54,
50_51_54_56,
50_51_56_57,
50_51_57_58,
50_51_58_59,
51_52_49_50,
51_52_53_54,
51_52_54_56,
51_52_56_57,
51_52_57_58,
51_52_58_59,
52_53_49_50,
52_53_50_51,
52_53_54_56,
52_53_56_57,
52_53_57_58,
52_53_58_59,
53_54_49_50,
53_54_50_51,
53_54_51_52,
53_54_56_57,
53_54_57_58,
53_54_58_59,
54_56_49_50,
54_56_50_51,
54_56_51_52,
54_56_52_53,
54_56_57_58,
54_56_58_59,
56_57_49_50,
56_57_50_51,
56_57_51_52,
56_57_52_53,
56_57_53_54,
56_57_58_59,
57_58_49_50,
57_58_50_51,
57_58_51_52,
57_58_52_53,
57_58_53_54,
57_58_54_56,
58_59_49_50,
58_59_50_51,
58_59_51_52,
58_59_52_53,
58_59_53_54,
58_59_54_56,
58_59_56_57,
60_61_62_64,
62_64_60_61,
25_28_26_27,
26_27_25_28,
26_29_27_28,
27_28_26_29,
27_30_28_29,
28_29_27_30,
28_31_29_30,
29_30_28_31,
29_32_30_31,
30_31_29_32,
30_33_31_32,
31_32_30_33,
31_34_32_33,
32_33_31_34,
60_61_62_64,
62_64_60_61,
1_4_2_3,
2_3_1_4,
2_5_3_4,
3_4_2_5,
3_6_4_5,
4_5_3_6,
4_7_5_6,
5_6_4_7,
5_9_6_7,
60_61_62_64,
62_64_60_61,
6_10_7_9,
6_7_5_9,
7_11_9_10,
7_9_6_10,
9_10_7_11,
36_39_37_38,
37_38_36_39,
37_40_38_39,
38_39_37_40,
38_42_39_40,
39_40_38_42,
39_43_40_42,
40_42_39_43,
40_44_42_43,
42_43_40_44,
42_45_43_44,
43_44_42_45,
43_46_44_45,
44_45_43_46,
60_61_62_64,
62_64_60_61,
13_14_15_16,
13_14_16_17,
13_14_17_18,
13_14_18_19,
13_14_19_20,
13_14_20_21,
13_14_21_22,
14_15_16_17,
14_15_17_18,
14_15_18_19,
14_15_19_20,
14_15_20_21,
14_15_21_22,
15_16_13_14,
15_16_17_18,
15_16_18_19,
15_16_19_20,
15_16_20_21,
15_16_21_22,
16_17_13_14,
16_17_14_15,
16_17_18_19,
16_17_19_20,
16_17_20_21,
16_17_21_22,
17_18_13_14,
17_18_14_15,
17_18_15_16,
17_18_19_20,
17_18_20_21,
17_18_21_22,
18_19_13_14,
18_19_14_15,
18_19_15_16,
18_19_16_17,
18_19_20_21,
18_19_21_22,
19_20_13_14,
19_20_14_15,
19_20_15_16,
19_20_16_17,
19_20_17_18,
19_20_21_22,
20_21_13_14,
20_21_14_15,
20_21_15_16,
20_21_16_17,
20_21_17_18,
20_21_18_19,
21_22_13_14,
21_22_14_15,
21_22_15_16,
21_22_16_17,
21_22_17_18,
21_22_18_19,
21_22_19_20,
60_61_62_64,
62_64_60_61,
36_39_37_38,
37_38_36_39,
37_40_38_39,
38_39_37_40,
38_42_39_40,
39_40_38_42,
39_43_40_42,
40_42_39_43,
40_44_42_43,
42_43_40_44,
42_45_43_44,
43_44_42_45,
43_46_44_45,
44_45_43_46,
60_61_62_64,
62_64_60_61,
1_4_2_3,
2_3_1_4,
2_5_3_4,
3_4_2_5,
3_6_4_5,
4_5_3_6,
4_7_5_6,
5_6_4_7,
5_9_6_7,
60_61_62_64,
62_64_60_61,
6_10_7_9,
6_7_5_9,
7_11_9_10,
7_9_6_10,
9_10_7_11,
36_39_37_38,
37_38_36_39,
37_40_38_39,
38_39_37_40,
38_42_39_40,
39_40_38_42,
39_43_40_42,
40_42_39_43,
40_44_42_43,
42_43_40_44,
42_45_43_44,
43_44_42_45,
43_46_44_45,
44_45_43_46,
60_61_62_64,
62_64_60_61,
25_28_26_27,
26_27_25_28,
26_29_27_28,
27_28_26_29,
27_30_28_29,
28_29_27_30,
28_31_29_30,
29_30_28_31,
29_32_30_31,
30_31_29_32,
30_33_31_32,
31_32_30_33,
31_34_32_33,
32_33_31_34,
60_61_62_64,
62_64_60_61,
49_52_50_51,
50_51_49_52,
50_53_51_52,
51_52_50_53,
51_54_52_53,
52_53_51_54,
52_56_53_54,
53_54_52_56,
53_57_54_56,
54_56_53_57,
54_58_56_57,
56_57_54_58,
56_59_57_58,
57_58_56_59,
60_61_62_64,
62_64_60_61,
49_52_50_51,
50_51_49_52,
50_53_51_52,
51_52_50_53,
51_54_52_53,
52_53_51_54,
52_56_53_54,
53_54_52_56,
53_57_54_56,
54_56_53_57,
54_58_56_57,
56_57_54_58,
56_59_57_58,
57_58_56_59,
60_61_62_64,
62_64_60_61,
1_4_2_3,
2_3_1_4,
2_5_3_4,
3_4_2_5,
3_6_4_5,
4_5_3_6,
4_7_5_6,
5_6_4_7,
5_9_6_7,
60_61_62_64,
62_64_60_61,
6_10_7_9,
6_7_5_9,
7_11_9_10,
7_9_6_10,
9_10_7_11,
25_28_26_27,
26_27_25_28,
26_29_27_28,
27_28_26_29,
27_30_28_29,
28_29_27_30,
28_31_29_30,
29_30_28_31,
29_32_30_31,
30_31_29_32,
30_33_31_32,
31_32_30_33,
31_34_32_33,
32_33_31_34,
60_61_62_64,
62_64_60_61,
36_39_37_38,
37_38_36_39,
37_40_38_39,
38_39_37_40,
38_42_39_40,
39_40_38_42,
39_43_40_42,
40_42_39_43,
40_44_42_43,
42_43_40_44,
42_45_43_44,
43_44_42_45,
43_46_44_45,
44_45_43_46,
60_61_62_64,
62_64_60_61,
25_28_26_27,
26_27_25_28,
26_29_27_28,
27_28_26_29,
27_30_28_29,
28_29_27_30,
28_31_29_30,
29_30_28_31,
29_32_30_31,
30_31_29_32,
30_33_31_32,
31_32_30_33,
31_34_32_33,
32_33_31_34,
60_61_62_64,
62_64_60_61,
25_26_27_28,
25_26_28_29,
25_26_29_30,
25_26_30_31,
25_26_31_32,
25_26_32_33,
25_26_33_34,
26_27_28_29,
26_27_29_30,
26_27_30_31,
26_27_31_32,
26_27_32_33,
26_27_33_34,
27_28_25_26,
27_28_29_30,
27_28_30_31,
27_28_31_32,
27_28_32_33,
27_28_33_34,
28_29_25_26,
28_29_26_27,
28_29_30_31,
28_29_31_32,
28_29_32_33,
28_29_33_34,
29_30_25_26,
29_30_26_27,
29_30_27_28,
29_30_31_32,
29_30_32_33,
29_30_33_34,
30_31_25_26,
30_31_26_27,
30_31_27_28,
30_31_28_29,
30_31_32_33,
30_31_33_34,
31_32_25_26,
31_32_26_27,
31_32_27_28,
31_32_28_29,
31_32_29_30,
31_32_33_34,
32_33_25_26,
32_33_26_27,
32_33_27_28,
32_33_28_29,
32_33_29_30,
32_33_30_31,
33_34_25_26,
33_34_26_27,
33_34_27_28,
33_34_28_29,
33_34_29_30,
33_34_30_31,
33_34_31_32,
60_61_62_64,
62_64_60_61,
1_2_10_11,
1_2_3_4,
1_2_4_5,
1_2_5_6,
1_2_6_7,
1_2_7_9,
1_2_9_10,
2_3_10_11,
2_3_4_5,
2_3_5_6,
2_3_6_7,
2_3_7_9,
2_3_9_10,
3_4_10_11,
3_4_5_6,
3_4_6_7,
3_4_7_9,
3_4_9_10,
4_5_10_11,
4_5_6_7,
4_5_7_9,
4_5_9_10,
5_6_10_11,
5_6_7_9,
5_6_9_10,
60_61_62_64,
6_7_10_11,
6_7_9_10,
7_9_10_11,
49_50_51_52,
49_50_52_53,
49_50_53_54,
49_50_54_56,
49_50_56_57,
49_50_57_58,
49_50_58_59,
50_51_52_53,
50_51_53_54,
50_51_54_56,
50_51_56_57,
50_51_57_58,
50_51_58_59,
51_52_49_50,
51_52_53_54,
51_52_54_56,
51_52_56_57,
51_52_57_58,
51_52_58_59,
52_53_49_50,
52_53_50_51,
52_53_54_56,
52_53_56_57,
52_53_57_58,
52_53_58_59,
53_54_49_50,
53_54_50_51,
53_54_51_52,
53_54_56_57,
53_54_57_58,
53_54_58_59,
54_56_49_50,
54_56_50_51,
54_56_51_52,
54_56_52_53,
54_56_57_58,
54_56_58_59,
56_57_49_50,
56_57_50_51,
56_57_51_52,
56_57_52_53,
56_57_53_54,
56_57_58_59,
57_58_49_50,
57_58_50_51,
57_58_51_52,
57_58_52_53,
57_58_53_54,
57_58_54_56,
58_59_49_50,
58_59_50_51,
58_59_51_52,
58_59_52_53,
58_59_53_54,
58_59_54_56,
58_59_56_57,
60_61_62_64,
62_64_60_61,
49_50_51_52,
49_50_52_53,
49_50_53_54,
49_50_54_56,
49_50_56_57,
49_50_57_58,
49_50_58_59,
50_51_52_53,
50_51_53_54,
50_51_54_56,
50_51_56_57,
50_51_57_58,
50_51_58_59,
51_52_49_50,
51_52_53_54,
51_52_54_56,
51_52_56_57,
51_52_57_58,
51_52_58_59,
52_53_49_50,
52_53_50_51,
52_53_54_56,
52_53_56_57,
52_53_57_58,
52_53_58_59,
53_54_49_50,
53_54_50_51,
53_54_51_52,
53_54_56_57,
53_54_57_58,
53_54_58_59,
54_56_49_50,
54_56_50_51,
54_56_51_52,
54_56_52_53,
54_56_57_58,
54_56_58_59,
56_57_49_50,
56_57_50_51,
56_57_51_52,
56_57_52_53,
56_57_53_54,
56_57_58_59,
57_58_49_50,
57_58_50_51,
57_58_51_52,
57_58_52_53,
57_58_53_54,
57_58_54_56,
58_59_49_50,
58_59_50_51,
58_59_51_52,
58_59_52_53,
58_59_53_54,
58_59_54_56,
58_59_56_57,
60_61_62_64,
62_64_60_61,
25_26_27_28,
25_26_28_29,
25_26_29_30,
25_26_30_31,
25_26_31_32,
25_26_32_33,
25_26_33_34,
26_27_28_29,
26_27_29_30,
26_27_30_31,
26_27_31_32,
26_27_32_33,
26_27_33_34,
27_28_25_26,
27_28_29_30,
27_28_30_31,
27_28_31_32,
27_28_32_33,
27_28_33_34,
28_29_25_26,
28_29_26_27,
28_29_30_31,
28_29_31_32,
28_29_32_33,
28_29_33_34,
29_30_25_26,
29_30_26_27,
29_30_27_28,
29_30_31_32,
29_30_32_33,
29_30_33_34,
30_31_25_26,
30_31_26_27,
30_31_27_28,
30_31_28_29,
30_31_32_33,
30_31_33_34,
31_32_25_26,
31_32_26_27,
31_32_27_28,
31_32_28_29,
31_32_29_30,
31_32_33_34,
32_33_25_26,
32_33_26_27,
32_33_27_28,
32_33_28_29,
32_33_29_30,
32_33_30_31,
33_34_25_26,
33_34_26_27,
33_34_27_28,
33_34_28_29,
33_34_29_30,
33_34_30_31,
33_34_31_32,
60_61_62_64,
62_64_60_61,
49_52_50_51,
50_51_49_52,
50_53_51_52,
51_52_50_53,
51_54_52_53,
52_53_51_54,
52_56_53_54,
53_54_52_56,
53_57_54_56,
54_56_53_57,
54_58_56_57,
56_57_54_58,
56_59_57_58,
57_58_56_59,
60_61_62_64,
62_64_60_61,
13_16_14_15,
14_15_13_16,
14_17_15_16,
15_16_14_17,
15_18_16_17,
16_17_15_18,
16_19_17_18,
17_18_16_19,
17_20_18_19,
18_19_17_20,
18_21_19_20,
19_20_18_21,
19_22_20_21,
20_21_19_22,
60_61_62_64,
62_64_60_61,
25_26_27_28,
25_26_28_29,
25_26_29_30,
25_26_30_31,
25_26_31_32,
25_26_32_33,
25_26_33_34,
26_27_28_29,
26_27_29_30,
26_27_30_31,
26_27_31_32,
26_27_32_33,
26_27_33_34,
27_28_25_26,
27_28_29_30,
27_28_30_31,
27_28_31_32,
27_28_32_33,
27_28_33_34,
28_29_25_26,
28_29_26_27,
28_29_30_31,
28_29_31_32,
28_29_32_33,
28_29_33_34,
29_30_25_26,
29_30_26_27,
29_30_27_28,
29_30_31_32,
29_30_32_33,
29_30_33_34,
30_31_25_26,
30_31_26_27,
30_31_27_28,
30_31_28_29,
30_31_32_33,
30_31_33_34,
31_32_25_26,
31_32_26_27,
31_32_27_28,
31_32_28_29,
31_32_29_30,
31_32_33_34,
32_33_25_26,
32_33_26_27,
32_33_27_28,
32_33_28_29,
32_33_29_30,
32_33_30_31,
33_34_25_26,
33_34_26_27,
33_34_27_28,
33_34_28_29,
33_34_29_30,
33_34_30_31,
33_34_31_32,
60_61_62_64,
62_64_60_61,
13_16_14_15,
14_15_13_16,
14_17_15_16,
15_16_14_17,
15_18_16_17,
16_17_15_18,
16_19_17_18,
17_18_16_19,
17_20_18_19,
18_19_17_20,
18_21_19_20,
19_20_18_21,
19_22_20_21,
20_21_19_22,
60_61_62_64,
62_64_60_61,
36_39_37_38,
37_38_36_39,
37_40_38_39,
38_39_37_40,
38_42_39_40,
39_40_38_42,
39_43_40_42,
40_42_39_43,
40_44_42_43,
42_43_40_44,
42_45_43_44,
43_44_42_45,
43_46_44_45,
44_45_43_46,
60_61_62_64,
62_64_60_61,
25_26_27_28,
25_26_28_29,
25_26_29_30,
25_26_30_31,
25_26_31_32,
25_26_32_33,
25_26_33_34,
26_27_28_29,
26_27_29_30,
26_27_30_31,
26_27_31_32,
26_27_32_33,
26_27_33_34,
27_28_29_30,
27_28_30_31,
27_28_31_32,
27_28_32_33,
27_28_33_34,
28_29_30_31,
28_29_31_32,
28_29_32_33,
28_29_33_34,
29_30_31_32,
29_30_32_33,
29_30_33_34,
30_31_32_33,
30_31_33_34,
31_32_33_34,
60_61_62_64,
49_50_51_52,
49_50_52_53,
49_50_53_54,
49_50_54_56,
49_50_56_57,
49_50_57_58,
49_50_58_59,
50_51_52_53,
50_51_53_54,
50_51_54_56,
50_51_56_57,
50_51_57_58,
50_51_58_59,
51_52_49_50,
51_52_53_54,
51_52_54_56,
51_52_56_57,
51_52_57_58,
51_52_58_59,
52_53_49_50,
52_53_50_51,
52_53_54_56,
52_53_56_57,
52_53_57_58,
52_53_58_59,
53_54_49_50,
53_54_50_51,
53_54_51_52,
53_54_56_57,
53_54_57_58,
53_54_58_59,
54_56_49_50,
54_56_50_51,
54_56_51_52,
54_56_52_53,
54_56_57_58,
54_56_58_59,
56_57_49_50,
56_57_50_51,
56_57_51_52,
56_57_52_53,
56_57_53_54,
56_57_58_59,
57_58_49_50,
57_58_50_51,
57_58_51_52,
57_58_52_53,
57_58_53_54,
57_58_54_56,
58_59_49_50,
58_59_50_51,
58_59_51_52,
58_59_52_53,
58_59_53_54,
58_59_54_56,
58_59_56_57,
60_61_62_64,
62_64_60_61,
25_26_27_28,
25_26_28_29,
25_26_29_30,
25_26_30_31,
25_26_31_32,
25_26_32_33,
25_26_33_34,
26_27_28_29,
26_27_29_30,
26_27_30_31,
26_27_31_32,
26_27_32_33,
26_27_33_34,
27_28_25_26,
27_28_29_30,
27_28_30_31,
27_28_31_32,
27_28_32_33,
27_28_33_34,
28_29_25_26,
28_29_26_27,
28_29_30_31,
28_29_31_32,
28_29_32_33,
28_29_33_34,
29_30_25_26,
29_30_26_27,
29_30_27_28,
29_30_31_32,
29_30_32_33,
29_30_33_34,
30_31_25_26,
30_31_26_27,
30_31_27_28,
30_31_28_29,
30_31_32_33,
30_31_33_34,
31_32_25_26,
31_32_26_27,
31_32_27_28,
31_32_28_29,
31_32_29_30,
31_32_33_34,
32_33_25_26,
32_33_26_27,
32_33_27_28,
32_33_28_29,
32_33_29_30,
32_33_30_31,
33_34_25_26,
33_34_26_27,
33_34_27_28,
33_34_28_29,
33_34_29_30,
33_34_30_31,
33_34_31_32,
60_61_62_64,
62_64_60_61,
25_26_27_28,
25_26_28_29,
25_26_29_30,
25_26_30_31,
25_26_31_32,
25_26_32_33,
25_26_33_34,
26_27_28_29,
26_27_29_30,
26_27_30_31,
26_27_31_32,
26_27_32_33,
26_27_33_34,
27_28_25_26,
27_28_29_30,
27_28_30_31,
27_28_31_32,
27_28_32_33,
27_28_33_34,
28_29_25_26,
28_29_26_27,
28_29_30_31,
28_29_31_32,
28_29_32_33,
28_29_33_34,
29_30_25_26,
29_30_26_27,
29_30_27_28,
29_30_31_32,
29_30_32_33,
29_30_33_34,
30_31_25_26,
30_31_26_27,
30_31_27_28,
30_31_28_29,
30_31_32_33,
30_31_33_34,
31_32_25_26,
31_32_26_27,
31_32_27_28,
31_32_28_29,
31_32_29_30,
31_32_33_34,
32_33_25_26,
32_33_26_27,
32_33_27_28,
32_33_28_29,
32_33_29_30,
32_33_30_31,
33_34_25_26,
33_34_26_27,
33_34_27_28,
33_34_28_29,
33_34_29_30,
33_34_30_31,
33_34_31_32,
60_61_62_64,
62_64_60_61,
49_52_50_51,
50_51_49_52,
50_53_51_52,
51_52_50_53,
51_54_52_53,
52_53_51_54,
52_56_53_54,
53_54_52_56,
53_57_54_56,
54_56_53_57,
54_58_56_57,
56_57_54_58,
56_59_57_58,
57_58_56_59,
60_61_62_64,
62_64_60_61,
10_11_1_2,
10_11_2_3,
10_11_3_4,
10_11_4_5,
10_11_5_6,
10_11_6_7,
10_11_7_9,
1_2_10_11,
1_2_3_4,
1_2_4_5,
1_2_5_6,
1_2_6_7,
1_2_7_9,
1_2_9_10,
2_3_10_11,
2_3_4_5,
2_3_5_6,
2_3_6_7,
2_3_7_9,
2_3_9_10,
3_4_10_11,
3_4_1_2,
3_4_5_6,
3_4_6_7,
3_4_7_9,
3_4_9_10,
4_5_10_11,
4_5_1_2,
4_5_2_3,
4_5_6_7,
4_5_7_9,
4_5_9_10,
5_6_10_11,
5_6_1_2,
5_6_2_3,
5_6_3_4,
5_6_7_9,
5_6_9_10,
60_61_62_64,
62_64_60_61,
6_7_10_11,
6_7_1_2,
6_7_2_3,
6_7_3_4,
6_7_4_5,
6_7_9_10,
7_9_10_11,
7_9_1_2,
7_9_2_3,
7_9_3_4,
7_9_4_5,
7_9_5_6,
9_10_1_2,
9_10_2_3,
9_10_3_4,
9_10_4_5,
9_10_5_6,
9_10_6_7,
25_26_27_28,
25_26_28_29,
25_26_29_30,
25_26_30_31,
25_26_31_32,
25_26_32_33,
25_26_33_34,
26_27_28_29,
26_27_29_30,
26_27_30_31,
26_27_31_32,
26_27_32_33,
26_27_33_34,
27_28_25_26,
27_28_29_30,
27_28_30_31,
27_28_31_32,
27_28_32_33,
27_28_33_34,
28_29_25_26,
28_29_26_27,
28_29_30_31,
28_29_31_32,
28_29_32_33,
28_29_33_34,
29_30_25_26,
29_30_26_27,
29_30_27_28,
29_30_31_32,
29_30_32_33,
29_30_33_34,
30_31_25_26,
30_31_26_27,
30_31_27_28,
30_31_28_29,
30_31_32_33,
30_31_33_34,
31_32_25_26,
31_32_26_27,
31_32_27_28,
31_32_28_29,
31_32_29_30,
31_32_33_34,
32_33_25_26,
32_33_26_27,
32_33_27_28,
32_33_28_29,
32_33_29_30,
32_33_30_31,
33_34_25_26,
33_34_26_27,
33_34_27_28,
33_34_28_29,
33_34_29_30,
33_34_30_31,
33_34_31_32,
60_61_62_64,
62_64_60_61,
36_37_38_39,
36_37_39_40,
36_37_40_42,
36_37_42_43,
36_37_43_44,
36_37_44_45,
36_37_45_46,
37_38_39_40,
37_38_40_42,
37_38_42_43,
37_38_43_44,
37_38_44_45,
37_38_45_46,
38_39_36_37,
38_39_40_42,
38_39_42_43,
38_39_43_44,
38_39_44_45,
38_39_45_46,
39_40_36_37,
39_40_37_38,
39_40_42_43,
39_40_43_44,
39_40_44_45,
39_40_45_46,
40_42_36_37,
40_42_37_38,
40_42_38_39,
40_42_43_44,
40_42_44_45,
40_42_45_46,
42_43_36_37,
42_43_37_38,
42_43_38_39,
42_43_39_40,
42_43_44_45,
42_43_45_46,
43_44_36_37,
43_44_37_38,
43_44_38_39,
43_44_39_40,
43_44_40_42,
43_44_45_46,
44_45_36_37,
44_45_37_38,
44_45_38_39,
44_45_39_40,
44_45_40_42,
44_45_42_43,
45_46_36_37,
45_46_37_38,
45_46_38_39,
45_46_39_40,
45_46_40_42,
45_46_42_43,
45_46_43_44,
60_61_62_64,
62_64_60_61,
25_26_27_28,
25_26_28_29,
25_26_29_30,
25_26_30_31,
25_26_31_32,
25_26_32_33,
25_26_33_34,
26_27_28_29,
26_27_29_30,
26_27_30_31,
26_27_31_32,
26_27_32_33,
26_27_33_34,
27_28_25_26,
27_28_29_30,
27_28_30_31,
27_28_31_32,
27_28_32_33,
27_28_33_34,
28_29_25_26,
28_29_26_27,
28_29_30_31,
28_29_31_32,
28_29_32_33,
28_29_33_34,
29_30_25_26,
29_30_26_27,
29_30_27_28,
29_30_31_32,
29_30_32_33,
29_30_33_34,
30_31_25_26,
30_31_26_27,
30_31_27_28,
30_31_28_29,
30_31_32_33,
30_31_33_34,
31_32_25_26,
31_32_26_27,
31_32_27_28,
31_32_28_29,
31_32_29_30,
31_32_33_34,
32_33_25_26,
32_33_26_27,
32_33_27_28,
32_33_28_29,
32_33_29_30,
32_33_30_31,
33_34_25_26,
33_34_26_27,
33_34_27_28,
33_34_28_29,
33_34_29_30,
33_34_30_31,
33_34_31_32,
60_61_62_64,
62_64_60_61,
49_52_50_51,
50_51_49_52,
50_53_51_52,
51_52_50_53,
51_54_52_53,
52_53_51_54,
52_56_53_54,
53_54_52_56,
53_57_54_56,
54_56_53_57,
54_58_56_57,
56_57_54_58,
56_59_57_58,
57_58_56_59,
60_61_62_64,
62_64_60_61,
25_28_26_27,
26_27_25_28,
26_29_27_28,
27_28_26_29,
27_30_28_29,
28_29_27_30,
28_31_29_30,
29_30_28_31,
29_32_30_31,
30_31_29_32,
30_33_31_32,
31_32_30_33,
31_34_32_33,
32_33_31_34,
60_61_62_64,
62_64_60_61,
1_4_2_3,
2_3_1_4,
2_5_3_4,
3_4_2_5,
3_6_4_5,
4_5_3_6,
4_7_5_6,
5_6_4_7,
5_9_6_7,
60_61_62_64,
62_64_60_61,
6_10_7_9,
6_7_5_9,
7_11_9_10,
7_9_6_10,
9_10_7_11,
49_52_50_51,
50_51_49_52,
50_53_51_52,
51_52_50_53,
51_54_52_53,
52_53_51_54,
52_56_53_54,
53_54_52_56,
53_57_54_56,
54_56_53_57,
54_58_56_57,
56_57_54_58,
56_59_57_58,
57_58_56_59,
60_61_62_64,
62_64_60_61,
49_50_51_52,
49_50_52_53,
49_50_53_54,
49_50_54_56,
49_50_56_57,
49_50_57_58,
49_50_58_59,
50_51_52_53,
50_51_53_54,
50_51_54_56,
50_51_56_57,
50_51_57_58,
50_51_58_59,
51_52_49_50,
51_52_53_54,
51_52_54_56,
51_52_56_57,
51_52_57_58,
51_52_58_59,
52_53_49_50,
52_53_50_51,
52_53_54_56,
52_53_56_57,
52_53_57_58,
52_53_58_59,
53_54_49_50,
53_54_50_51,
53_54_51_52,
53_54_56_57,
53_54_57_58,
53_54_58_59,
54_56_49_50,
54_56_50_51,
54_56_51_52,
54_56_52_53,
54_56_57_58,
54_56_58_59,
56_57_49_50,
56_57_50_51,
56_57_51_52,
56_57_52_53,
56_57_53_54,
56_57_58_59,
57_58_49_50,
57_58_50_51,
57_58_51_52,
57_58_52_53,
57_58_53_54,
57_58_54_56,
58_59_49_50,
58_59_50_51,
58_59_51_52,
58_59_52_53,
58_59_53_54,
58_59_54_56,
58_59_56_57,
60_61_62_64,
62_64_60_61,
36_39_37_38,
37_38_36_39,
37_40_38_39,
38_39_37_40,
38_42_39_40,
39_40_38_42,
39_43_40_42,
40_42_39_43,
40_44_42_43,
42_43_40_44,
42_45_43_44,
43_44_42_45,
43_46_44_45,
44_45_43_46,
60_61_62_64,
62_64_60_61,
25_28_26_27,
26_27_25_28,
26_29_27_28,
27_28_26_29,
27_30_28_29,
28_29_27_30,
28_31_29_30,
29_30_28_31,
29_32_30_31,
30_31_29_32,
30_33_31_32,
31_32_30_33,
31_34_32_33,
32_33_31_34,
60_61_62_64,
62_64_60_61,
36_37_38_39,
36_37_39_40,
36_37_40_42,
36_37_42_43,
36_37_43_44,
36_37_44_45,
36_37_45_46,
37_38_39_40,
37_38_40_42,
37_38_42_43,
37_38_43_44,
37_38_44_45,
37_38_45_46,
38_39_36_37,
38_39_40_42,
38_39_42_43,
38_39_43_44,
38_39_44_45,
38_39_45_46,
39_40_36_37,
39_40_37_38,
39_40_42_43,
39_40_43_44,
39_40_44_45,
39_40_45_46,
40_42_36_37,
40_42_37_38,
40_42_38_39,
40_42_43_44,
40_42_44_45,
40_42_45_46,
42_43_36_37,
42_43_37_38,
42_43_38_39,
42_43_39_40,
42_43_44_45,
42_43_45_46,
43_44_36_37,
43_44_37_38,
43_44_38_39,
43_44_39_40,
43_44_40_42,
43_44_45_46,
44_45_36_37,
44_45_37_38,
44_45_38_39,
44_45_39_40,
44_45_40_42,
44_45_42_43,
45_46_36_37,
45_46_37_38,
45_46_38_39,
45_46_39_40,
45_46_40_42,
45_46_42_43,
45_46_43_44,
60_61_62_64,
62_64_60_61,
36_37_38_39,
36_37_39_40,
36_37_40_42,
36_37_42_43,
36_37_43_44,
36_37_44_45,
36_37_45_46,
37_38_39_40,
37_38_40_42,
37_38_42_43,
37_38_43_44,
37_38_44_45,
37_38_45_46,
38_39_36_37,
38_39_40_42,
38_39_42_43,
38_39_43_44,
38_39_44_45,
38_39_45_46,
39_40_36_37,
39_40_37_38,
39_40_42_43,
39_40_43_44,
39_40_44_45,
39_40_45_46,
40_42_36_37,
40_42_37_38,
40_42_38_39,
40_42_43_44,
40_42_44_45,
40_42_45_46,
42_43_36_37,
42_43_37_38,
42_43_38_39,
42_43_39_40,
42_43_44_45,
42_43_45_46,
43_44_36_37,
43_44_37_38,
43_44_38_39,
43_44_39_40,
43_44_40_42,
43_44_45_46,
44_45_36_37,
44_45_37_38,
44_45_38_39,
44_45_39_40,
44_45_40_42,
44_45_42_43,
45_46_36_37,
45_46_37_38,
45_46_38_39,
45_46_39_40,
45_46_40_42,
45_46_42_43,
45_46_43_44,
60_61_62_64,
62_64_60_61,
49_52_50_51,
50_51_49_52,
50_53_51_52,
51_52_50_53,
51_54_52_53,
52_53_51_54,
52_56_53_54,
53_54_52_56,
53_57_54_56,
54_56_53_57,
54_58_56_57,
56_57_54_58,
56_59_57_58,
57_58_56_59,
60_61_62_64,
62_64_60_61,
36_37_38_39,
36_37_39_40,
36_37_40_42,
36_37_42_43,
36_37_43_44,
36_37_44_45,
36_37_45_46,
37_38_39_40,
37_38_40_42,
37_38_42_43,
37_38_43_44,
37_38_44_45,
37_38_45_46,
38_39_36_37,
38_39_40_42,
38_39_42_43,
38_39_43_44,
38_39_44_45,
38_39_45_46,
39_40_36_37,
39_40_37_38,
39_40_42_43,
39_40_43_44,
39_40_44_45,
39_40_45_46,
40_42_36_37,
40_42_37_38,
40_42_38_39,
40_42_43_44,
40_42_44_45,
40_42_45_46,
42_43_36_37,
42_43_37_38,
42_43_38_39,
42_43_39_40,
42_43_44_45,
42_43_45_46,
43_44_36_37,
43_44_37_38,
43_44_38_39,
43_44_39_40,
43_44_40_42,
43_44_45_46,
44_45_36_37,
44_45_37_38,
44_45_38_39,
44_45_39_40,
44_45_40_42,
44_45_42_43,
45_46_36_37,
45_46_37_38,
45_46_38_39,
45_46_39_40,
45_46_40_42,
45_46_42_43,
45_46_43_44,
60_61_62_64,
62_64_60_61,
13_14_15_16,
13_14_16_17,
13_14_17_18,
13_14_18_19,
13_14_19_20,
13_14_20_21,
13_14_21_22,
14_15_16_17,
14_15_17_18,
14_15_18_19,
14_15_19_20,
14_15_20_21,
14_15_21_22,
15_16_13_14,
15_16_17_18,
15_16_18_19,
15_16_19_20,
15_16_20_21,
15_16_21_22,
16_17_13_14,
16_17_14_15,
16_17_18_19,
16_17_19_20,
16_17_20_21,
16_17_21_22,
17_18_13_14,
17_18_14_15,
17_18_15_16,
17_18_19_20,
17_18_20_21,
17_18_21_22,
18_19_13_14,
18_19_14_15,
18_19_15_16,
18_19_16_17,
18_19_20_21,
18_19_21_22,
19_20_13_14,
19_20_14_15,
19_20_15_16,
19_20_16_17,
19_20_17_18,
19_20_21_22,
20_21_13_14,
20_21_14_15,
20_21_15_16,
20_21_16_17,
20_21_17_18,
20_21_18_19,
21_22_13_14,
21_22_14_15,
21_22_15_16,
21_22_16_17,
21_22_17_18,
21_22_18_19,
21_22_19_20,
60_61_62_64,
62_64_60_61,
25_26_27_28,
25_26_28_29,
25_26_29_30,
25_26_30_31,
25_26_31_32,
25_26_32_33,
25_26_33_34,
26_27_28_29,
26_27_29_30,
26_27_30_31,
26_27_31_32,
26_27_32_33,
26_27_33_34,
27_28_25_26,
27_28_29_30,
27_28_30_31,
27_28_31_32,
27_28_32_33,
27_28_33_34,
28_29_25_26,
28_29_26_27,
28_29_30_31,
28_29_31_32,
28_29_32_33,
28_29_33_34,
29_30_25_26,
29_30_26_27,
29_30_27_28,
29_30_31_32,
29_30_32_33,
29_30_33_34,
30_31_25_26,
30_31_26_27,
30_31_27_28,
30_31_28_29,
30_31_32_33,
30_31_33_34,
31_32_25_26,
31_32_26_27,
31_32_27_28,
31_32_28_29,
31_32_29_30,
31_32_33_34,
32_33_25_26,
32_33_26_27,
32_33_27_28,
32_33_28_29,
32_33_29_30,
32_33_30_31,
33_34_25_26,
33_34_26_27,
33_34_27_28,
33_34_28_29,
33_34_29_30,
33_34_30_31,
33_34_31_32,
60_61_62_64,
62_64_60_61,
1_4_2_3,
2_3_1_4,
2_5_3_4,
3_4_2_5,
3_6_4_5,
4_5_3_6,
4_7_5_6,
5_6_4_7,
5_9_6_7,
60_61_62_64,
62_64_60_61,
6_10_7_9,
6_7_5_9,
7_11_9_10,
7_9_6_10,
9_10_7_11,
49_50_51_52,
49_50_52_53,
49_50_53_54,
49_50_54_56,
49_50_56_57,
49_50_57_58,
49_50_58_59,
50_51_52_53,
50_51_53_54,
50_51_54_56,
50_51_56_57,
50_51_57_58,
50_51_58_59,
51_52_49_50,
51_52_53_54,
51_52_54_56,
51_52_56_57,
51_52_57_58,
51_52_58_59,
52_53_49_50,
52_53_50_51,
52_53_54_56,
52_53_56_57,
52_53_57_58,
52_53_58_59,
53_54_49_50,
53_54_50_51,
53_54_51_52,
53_54_56_57,
53_54_57_58,
53_54_58_59,
54_56_49_50,
54_56_50_51,
54_56_51_52,
54_56_52_53,
54_56_57_58,
54_56_58_59,
56_57_49_50,
56_57_50_51,
56_57_51_52,
56_57_52_53,
56_57_53_54,
56_57_58_59,
57_58_49_50,
57_58_50_51,
57_58_51_52,
57_58_52_53,
57_58_53_54,
57_58_54_56,
58_59_49_50,
58_59_50_51,
58_59_51_52,
58_59_52_53,
58_59_53_54,
58_59_54_56,
58_59_56_57,
60_61_62_64,
62_64_60_61,
10_11_1_2,
10_11_2_3,
10_11_3_4,
10_11_4_5,
10_11_5_6,
10_11_6_7,
10_11_7_9,
1_2_10_11,
1_2_3_4,
1_2_4_5,
1_2_5_6,
1_2_6_7,
1_2_7_9,
1_2_9_10,
2_3_10_11,
2_3_4_5,
2_3_5_6,
2_3_6_7,
2_3_7_9,
2_3_9_10,
3_4_10_11,
3_4_1_2,
3_4_5_6,
3_4_6_7,
3_4_7_9,
3_4_9_10,
4_5_10_11,
4_5_1_2,
4_5_2_3,
4_5_6_7,
4_5_7_9,
4_5_9_10,
5_6_10_11,
5_6_1_2,
5_6_2_3,
5_6_3_4,
5_6_7_9,
5_6_9_10,
60_61_62_64,
62_64_60_61,
6_7_10_11,
6_7_1_2,
6_7_2_3,
6_7_3_4,
6_7_4_5,
6_7_9_10,
7_9_10_11,
7_9_1_2,
7_9_2_3,
7_9_3_4,
7_9_4_5,
7_9_5_6,
9_10_1_2,
9_10_2_3,
9_10_3_4,
9_10_4_5,
9_10_5_6,
9_10_6_7,
25_26_27_28,
25_26_28_29,
25_26_29_30,
25_26_30_31,
25_26_31_32,
25_26_32_33,
25_26_33_34,
26_27_28_29,
26_27_29_30,
26_27_30_31,
26_27_31_32,
26_27_32_33,
26_27_33_34,
27_28_25_26,
27_28_29_30,
27_28_30_31,
27_28_31_32,
27_28_32_33,
27_28_33_34,
28_29_25_26,
28_29_26_27,
28_29_30_31,
28_29_31_32,
28_29_32_33,
28_29_33_34,
29_30_25_26,
29_30_26_27,
29_30_27_28,
29_30_31_32,
29_30_32_33,
29_30_33_34,
30_31_25_26,
30_31_26_27,
30_31_27_28,
30_31_28_29,
30_31_32_33,
30_31_33_34,
31_32_25_26,
31_32_26_27,
31_32_27_28,
31_32_28_29,
31_32_29_30,
31_32_33_34,
32_33_25_26,
32_33_26_27,
32_33_27_28,
32_33_28_29,
32_33_29_30,
32_33_30_31,
33_34_25_26,
33_34_26_27,
33_34_27_28,
33_34_28_29,
33_34_29_30,
33_34_30_31,
33_34_31_32,
60_61_62_64,
62_64_60_61,
25_26_27_28,
25_26_28_29,
25_26_29_30,
25_26_30_31,
25_26_31_32,
25_26_32_33,
25_26_33_34,
26_27_28_29,
26_27_29_30,
26_27_30_31,
26_27_31_32,
26_27_32_33,
26_27_33_34,
27_28_25_26,
27_28_29_30,
27_28_30_31,
27_28_31_32,
27_28_32_33,
27_28_33_34,
28_29_25_26,
28_29_26_27,
28_29_30_31,
28_29_31_32,
28_29_32_33,
28_29_33_34,
29_30_25_26,
29_30_26_27,
29_30_27_28,
29_30_31_32,
29_30_32_33,
29_30_33_34,
30_31_25_26,
30_31_26_27,
30_31_27_28,
30_31_28_29,
30_31_32_33,
30_31_33_34,
31_32_25_26,
31_32_26_27,
31_32_27_28,
31_32_28_29,
31_32_29_30,
31_32_33_34,
32_33_25_26,
32_33_26_27,
32_33_27_28,
32_33_28_29,
32_33_29_30,
32_33_30_31,
33_34_25_26,
33_34_26_27,
33_34_27_28,
33_34_28_29,
33_34_29_30,
33_34_30_31,
33_34_31_32,
60_61_62_64,
62_64_60_61,
25_28_26_27,
26_27_25_28,
26_29_27_28,
27_28_26_29,
27_30_28_29,
28_29_27_30,
28_31_29_30,
29_30_28_31,
29_32_30_31,
30_31_29_32,
30_33_31_32,
31_32_30_33,
31_34_32_33,
32_33_31_34,
60_61_62_64,
62_64_60_61,
1_4_2_3,
2_3_1_4,
2_5_3_4,
3_4_2_5,
3_6_4_5,
4_5_3_6,
4_7_5_6,
5_6_4_7,
5_9_6_7,
60_61_62_64,
62_64_60_61,
6_10_7_9,
6_7_5_9,
7_11_9_10,
7_9_6_10,
9_10_7_11,
49_50_51_52,
49_50_52_53,
49_50_53_54,
49_50_54_56,
49_50_56_57,
49_50_57_58,
49_50_58_59,
50_51_52_53,
50_51_53_54,
50_51_54_56,
50_51_56_57,
50_51_57_58,
50_51_58_59,
51_52_49_50,
51_52_53_54,
51_52_54_56,
51_52_56_57,
51_52_57_58,
51_52_58_59,
52_53_49_50,
52_53_50_51,
52_53_54_56,
52_53_56_57,
52_53_57_58,
52_53_58_59,
53_54_49_50,
53_54_50_51,
53_54_51_52,
53_54_56_57,
53_54_57_58,
53_54_58_59,
54_56_49_50,
54_56_50_51,
54_56_51_52,
54_56_52_53,
54_56_57_58,
54_56_58_59,
56_57_49_50,
56_57_50_51,
56_57_51_52,
56_57_52_53,
56_57_53_54,
56_57_58_59,
57_58_49_50,
57_58_50_51,
57_58_51_52,
57_58_52_53,
57_58_53_54,
57_58_54_56,
58_59_49_50,
58_59_50_51,
58_59_51_52,
58_59_52_53,
58_59_53_54,
58_59_54_56,
58_59_56_57,
60_61_62_64,
62_64_60_61,
36_39_37_38,
37_38_36_39,
37_40_38_39,
38_39_37_40,
38_42_39_40,
39_40_38_42,
39_43_40_42,
40_42_39_43,
40_44_42_43,
42_43_40_44,
42_45_43_44,
43_44_42_45,
43_46_44_45,
44_45_43_46,
60_61_62_64,
62_64_60_61,
1_4_2_3,
2_3_1_4,
2_5_3_4,
3_4_2_5,
3_6_4_5,
4_5_3_6,
4_7_5_6,
5_6_4_7,
5_9_6_7,
60_61_62_64,
62_64_60_61,
6_10_7_9,
6_7_5_9,
7_11_9_10,
7_9_6_10,
9_10_7_11,
25_26_27_28,
25_26_28_29,
25_26_29_30,
25_26_30_31,
25_26_31_32,
25_26_32_33,
25_26_33_34,
26_27_28_29,
26_27_29_30,
26_27_30_31,
26_27_31_32,
26_27_32_33,
26_27_33_34,
27_28_25_26,
27_28_29_30,
27_28_30_31,
27_28_31_32,
27_28_32_33,
27_28_33_34,
28_29_25_26,
28_29_26_27,
28_29_30_31,
28_29_31_32,
28_29_32_33,
28_29_33_34,
29_30_25_26,
29_30_26_27,
29_30_27_28,
29_30_31_32,
29_30_32_33,
29_30_33_34,
30_31_25_26,
30_31_26_27,
30_31_27_28,
30_31_28_29,
30_31_32_33,
30_31_33_34,
31_32_25_26,
31_32_26_27,
31_32_27_28,
31_32_28_29,
31_32_29_30,
31_32_33_34,
32_33_25_26,
32_33_26_27,
32_33_27_28,
32_33_28_29,
32_33_29_30,
32_33_30_31,
33_34_25_26,
33_34_26_27,
33_34_27_28,
33_34_28_29,
33_34_29_30,
33_34_30_31,
33_34_31_32,
60_61_62_64,
62_64_60_61,
36_39_37_38,
37_38_36_39,
37_40_38_39,
38_39_37_40,
38_42_39_40,
39_40_38_42,
39_43_40_42,
40_42_39_43,
40_44_42_43,
42_43_40_44,
42_45_43_44,
43_44_42_45,
43_46_44_45,
44_45_43_46,
60_61_62_64,
62_64_60_61,
49_52_50_51,
50_51_49_52,
50_53_51_52,
51_52_50_53,
51_54_52_53,
52_53_51_54,
52_56_53_54,
53_54_52_56,
53_57_54_56,
54_56_53_57,
54_58_56_57,
56_57_54_58,
56_59_57_58,
57_58_56_59,
60_61_62_64,
62_64_60_61,
13_14_15_16,
13_14_16_17,
13_14_17_18,
13_14_18_19,
13_14_19_20,
13_14_20_21,
13_14_21_22,
14_15_16_17,
14_15_17_18,
14_15_18_19,
14_15_19_20,
14_15_20_21,
14_15_21_22,
15_16_13_14,
15_16_17_18,
15_16_18_19,
15_16_19_20,
15_16_20_21,
15_16_21_22,
16_17_13_14,
16_17_14_15,
16_17_18_19,
16_17_19_20,
16_17_20_21,
16_17_21_22,
17_18_13_14,
17_18_14_15,
17_18_15_16,
17_18_19_20,
17_18_20_21,
17_18_21_22,
18_19_13_14,
18_19_14_15,
18_19_15_16,
18_19_16_17,
18_19_20_21,
18_19_21_22,
19_20_13_14,
19_20_14_15,
19_20_15_16,
19_20_16_17,
19_20_17_18,
19_20_21_22,
20_21_13_14,
20_21_14_15,
20_21_15_16,
20_21_16_17,
20_21_17_18,
20_21_18_19,
21_22_13_14,
21_22_14_15,
21_22_15_16,
21_22_16_17,
21_22_17_18,
21_22_18_19,
21_22_19_20,
60_61_62_64,
62_64_60_61,
1_4_2_3,
2_3_1_4,
2_5_3_4,
3_4_2_5,
3_6_4_5,
4_5_3_6,
4_7_5_6,
5_6_4_7,
5_9_6_7,
60_61_62_64,
62_64_60_61,
6_10_7_9,
6_7_5_9,
7_11_9_10,
7_9_6_10,
9_10_7_11,
10_11_1_2,
10_11_2_3,
10_11_3_4,
10_11_4_5,
10_11_5_6,
10_11_6_7,
10_11_7_9,
1_2_10_11,
1_2_3_4,
1_2_4_5,
1_2_5_6,
1_2_6_7,
1_2_7_9,
1_2_9_10,
2_3_10_11,
2_3_4_5,
2_3_5_6,
2_3_6_7,
2_3_7_9,
2_3_9_10,
3_4_10_11,
3_4_1_2,
3_4_5_6,
3_4_6_7,
3_4_7_9,
3_4_9_10,
4_5_10_11,
4_5_1_2,
4_5_2_3,
4_5_6_7,
4_5_7_9,
4_5_9_10,
5_6_10_11,
5_6_1_2,
5_6_2_3,
5_6_3_4,
5_6_7_9,
5_6_9_10,
60_61_62_64,
62_64_60_61,
6_7_10_11,
6_7_1_2,
6_7_2_3,
6_7_3_4,
6_7_4_5,
6_7_9_10,
7_9_10_11,
7_9_1_2,
7_9_2_3,
7_9_3_4,
7_9_4_5,
7_9_5_6,
9_10_1_2,
9_10_2_3,
9_10_3_4,
9_10_4_5,
9_10_5_6,
9_10_6_7,
1_4_2_3,
2_3_1_4,
2_5_3_4,
3_4_2_5,
3_6_4_5,
4_5_3_6,
4_7_5_6,
5_6_4_7,
5_9_6_7,
60_61_62_64,
62_64_60_61,
6_10_7_9,
6_7_5_9,
7_11_9_10,
7_9_6_10,
9_10_7_11,
13_14_15_16,
13_14_16_17,
13_14_17_18,
13_14_18_19,
13_14_19_20,
13_14_20_21,
13_14_21_22,
14_15_16_17,
14_15_17_18,
14_15_18_19,
14_15_19_20,
14_15_20_21,
14_15_21_22,
15_16_13_14,
15_16_17_18,
15_16_18_19,
15_16_19_20,
15_16_20_21,
15_16_21_22,
16_17_13_14,
16_17_14_15,
16_17_18_19,
16_17_19_20,
16_17_20_21,
16_17_21_22,
17_18_13_14,
17_18_14_15,
17_18_15_16,
17_18_19_20,
17_18_20_21,
17_18_21_22,
18_19_13_14,
18_19_14_15,
18_19_15_16,
18_19_16_17,
18_19_20_21,
18_19_21_22,
19_20_13_14,
19_20_14_15,
19_20_15_16,
19_20_16_17,
19_20_17_18,
19_20_21_22,
20_21_13_14,
20_21_14_15,
20_21_15_16,
20_21_16_17,
20_21_17_18,
20_21_18_19,
21_22_13_14,
21_22_14_15,
21_22_15_16,
21_22_16_17,
21_22_17_18,
21_22_18_19,
21_22_19_20,
60_61_62_64,
62_64_60_61,
10_11_1_2,
10_11_2_3,
10_11_3_4,
10_11_4_5,
10_11_5_6,
10_11_6_7,
10_11_7_9,
1_2_10_11,
1_2_3_4,
1_2_4_5,
1_2_5_6,
1_2_6_7,
1_2_7_9,
1_2_9_10,
2_3_10_11,
2_3_4_5,
2_3_5_6,
2_3_6_7,
2_3_7_9,
2_3_9_10,
3_4_10_11,
3_4_1_2,
3_4_5_6,
3_4_6_7,
3_4_7_9,
3_4_9_10,
4_5_10_11,
4_5_1_2,
4_5_2_3,
4_5_6_7,
4_5_7_9,
4_5_9_10,
5_6_10_11,
5_6_1_2,
5_6_2_3,
5_6_3_4,
5_6_7_9,
5_6_9_10,
60_61_62_64,
62_64_60_61,
6_7_10_11,
6_7_1_2,
6_7_2_3,
6_7_3_4,
6_7_4_5,
6_7_9_10,
7_9_10_11,
7_9_1_2,
7_9_2_3,
7_9_3_4,
7_9_4_5,
7_9_5_6,
9_10_1_2,
9_10_2_3,
9_10_3_4,
9_10_4_5,
9_10_5_6,
9_10_6_7,
13_14_15_16,
13_14_16_17,
13_14_17_18,
13_14_18_19,
13_14_19_20,
13_14_20_21,
13_14_21_22,
14_15_16_17,
14_15_17_18,
14_15_18_19,
14_15_19_20,
14_15_20_21,
14_15_21_22,
15_16_13_14,
15_16_17_18,
15_16_18_19,
15_16_19_20,
15_16_20_21,
15_16_21_22,
16_17_13_14,
16_17_14_15,
16_17_18_19,
16_17_19_20,
16_17_20_21,
16_17_21_22,
17_18_13_14,
17_18_14_15,
17_18_15_16,
17_18_19_20,
17_18_20_21,
17_18_21_22,
18_19_13_14,
18_19_14_15,
18_19_15_16,
18_19_16_17,
18_19_20_21,
18_19_21_22,
19_20_13_14,
19_20_14_15,
19_20_15_16,
19_20_16_17,
19_20_17_18,
19_20_21_22,
20_21_13_14,
20_21_14_15,
20_21_15_16,
20_21_16_17,
20_21_17_18,
20_21_18_19,
21_22_13_14,
21_22_14_15,
21_22_15_16,
21_22_16_17,
21_22_17_18,
21_22_18_19,
21_22_19_20,
60_61_62_64,
62_64_60_61,
25_26_27_28,
25_26_28_29,
25_26_29_30,
25_26_30_31,
25_26_31_32,
25_26_32_33,
25_26_33_34,
26_27_28_29,
26_27_29_30,
26_27_30_31,
26_27_31_32,
26_27_32_33,
26_27_33_34,
27_28_25_26,
27_28_29_30,
27_28_30_31,
27_28_31_32,
27_28_32_33,
27_28_33_34,
28_29_25_26,
28_29_26_27,
28_29_30_31,
28_29_31_32,
28_29_32_33,
28_29_33_34,
29_30_25_26,
29_30_26_27,
29_30_27_28,
29_30_31_32,
29_30_32_33,
29_30_33_34,
30_31_25_26,
30_31_26_27,
30_31_27_28,
30_31_28_29,
30_31_32_33,
30_31_33_34,
31_32_25_26,
31_32_26_27,
31_32_27_28,
31_32_28_29,
31_32_29_30,
31_32_33_34,
32_33_25_26,
32_33_26_27,
32_33_27_28,
32_33_28_29,
32_33_29_30,
32_33_30_31,
33_34_25_26,
33_34_26_27,
33_34_27_28,
33_34_28_29,
33_34_29_30,
33_34_30_31,
33_34_31_32,
60_61_62_64,
62_64_60_61,
49_52_50_51,
50_51_49_52,
50_53_51_52,
51_52_50_53,
51_54_52_53,
52_53_51_54,
52_56_53_54,
53_54_52_56,
53_57_54_56,
54_56_53_57,
54_58_56_57,
56_57_54_58,
56_59_57_58,
57_58_56_59,
60_61_62_64,
62_64_60_61,
10_11_1_2,
10_11_2_3,
10_11_3_4,
10_11_4_5,
10_11_5_6,
10_11_6_7,
10_11_7_9,
1_2_10_11,
1_2_3_4,
1_2_4_5,
1_2_5_6,
1_2_6_7,
1_2_7_9,
1_2_9_10,
2_3_10_11,
2_3_4_5,
2_3_5_6,
2_3_6_7,
2_3_7_9,
2_3_9_10,
3_4_10_11,
3_4_1_2,
3_4_5_6,
3_4_6_7,
3_4_7_9,
3_4_9_10,
4_5_10_11,
4_5_1_2,
4_5_2_3,
4_5_6_7,
4_5_7_9,
4_5_9_10,
5_6_10_11,
5_6_1_2,
5_6_2_3,
5_6_3_4,
5_6_7_9,
5_6_9_10,
60_61_62_64,
62_64_60_61,
6_7_10_11,
6_7_1_2,
6_7_2_3,
6_7_3_4,
6_7_4_5,
6_7_9_10,
7_9_10_11,
7_9_1_2,
7_9_2_3,
7_9_3_4,
7_9_4_5,
7_9_5_6,
9_10_1_2,
9_10_2_3,
9_10_3_4,
9_10_4_5,
9_10_5_6,
9_10_6_7,
36_37_38_39,
36_37_39_40,
36_37_40_42,
36_37_42_43,
36_37_43_44,
36_37_44_45,
36_37_45_46,
37_38_39_40,
37_38_40_42,
37_38_42_43,
37_38_43_44,
37_38_44_45,
37_38_45_46,
38_39_36_37,
38_39_40_42,
38_39_42_43,
38_39_43_44,
38_39_44_45,
38_39_45_46,
39_40_36_37,
39_40_37_38,
39_40_42_43,
39_40_43_44,
39_40_44_45,
39_40_45_46,
40_42_36_37,
40_42_37_38,
40_42_38_39,
40_42_43_44,
40_42_44_45,
40_42_45_46,
42_43_36_37,
42_43_37_38,
42_43_38_39,
42_43_39_40,
42_43_44_45,
42_43_45_46,
43_44_36_37,
43_44_37_38,
43_44_38_39,
43_44_39_40,
43_44_40_42,
43_44_45_46,
44_45_36_37,
44_45_37_38,
44_45_38_39,
44_45_39_40,
44_45_40_42,
44_45_42_43,
45_46_36_37,
45_46_37_38,
45_46_38_39,
45_46_39_40,
45_46_40_42,
45_46_42_43,
45_46_43_44,
60_61_62_64,
62_64_60_61,
36_37_38_39,
36_37_39_40,
36_37_40_42,
36_37_42_43,
36_37_43_44,
36_37_44_45,
36_37_45_46,
37_38_39_40,
37_38_40_42,
37_38_42_43,
37_38_43_44,
37_38_44_45,
37_38_45_46,
38_39_36_37,
38_39_40_42,
38_39_42_43,
38_39_43_44,
38_39_44_45,
38_39_45_46,
39_40_36_37,
39_40_37_38,
39_40_42_43,
39_40_43_44,
39_40_44_45,
39_40_45_46,
40_42_36_37,
40_42_37_38,
40_42_38_39,
40_42_43_44,
40_42_44_45,
40_42_45_46,
42_43_36_37,
42_43_37_38,
42_43_38_39,
42_43_39_40,
42_43_44_45,
42_43_45_46,
43_44_36_37,
43_44_37_38,
43_44_38_39,
43_44_39_40,
43_44_40_42,
43_44_45_46,
44_45_36_37,
44_45_37_38,
44_45_38_39,
44_45_39_40,
44_45_40_42,
44_45_42_43,
45_46_36_37,
45_46_37_38,
45_46_38_39,
45_46_39_40,
45_46_40_42,
45_46_42_43,
45_46_43_44,
60_61_62_64,
62_64_60_61,
10_11_1_2,
10_11_2_3,
10_11_3_4,
10_11_4_5,
10_11_5_6,
10_11_6_7,
10_11_7_9,
1_2_10_11,
1_2_3_4,
1_2_4_5,
1_2_5_6,
1_2_6_7,
1_2_7_9,
1_2_9_10,
2_3_10_11,
2_3_4_5,
2_3_5_6,
2_3_6_7,
2_3_7_9,
2_3_9_10,
3_4_10_11,
3_4_1_2,
3_4_5_6,
3_4_6_7,
3_4_7_9,
3_4_9_10,
4_5_10_11,
4_5_1_2,
4_5_2_3,
4_5_6_7,
4_5_7_9,
4_5_9_10,
5_6_10_11,
5_6_1_2,
5_6_2_3,
5_6_3_4,
5_6_7_9,
5_6_9_10,
60_61_62_64,
62_64_60_61,
6_7_10_11,
6_7_1_2,
6_7_2_3,
6_7_3_4,
6_7_4_5,
6_7_9_10,
7_9_10_11,
7_9_1_2,
7_9_2_3,
7_9_3_4,
7_9_4_5,
7_9_5_6,
9_10_1_2,
9_10_2_3,
9_10_3_4,
9_10_4_5,
9_10_5_6,
9_10_6_7,
36_39_37_38,
37_38_36_39,
37_40_38_39,
38_39_37_40,
38_42_39_40,
39_40_38_42,
39_43_40_42,
40_42_39_43,
40_44_42_43,
42_43_40_44,
42_45_43_44,
43_44_42_45,
43_46_44_45,
44_45_43_46,
60_61_62_64,
62_64_60_61,
13_14_15_16,
13_14_16_17,
13_14_17_18,
13_14_18_19,
13_14_19_20,
13_14_20_21,
13_14_21_22,
14_15_16_17,
14_15_17_18,
14_15_18_19,
14_15_19_20,
14_15_20_21,
14_15_21_22,
15_16_13_14,
15_16_17_18,
15_16_18_19,
15_16_19_20,
15_16_20_21,
15_16_21_22,
16_17_13_14,
16_17_14_15,
16_17_18_19,
16_17_19_20,
16_17_20_21,
16_17_21_22,
17_18_13_14,
17_18_14_15,
17_18_15_16,
17_18_19_20,
17_18_20_21,
17_18_21_22,
18_19_13_14,
18_19_14_15,
18_19_15_16,
18_19_16_17,
18_19_20_21,
18_19_21_22,
19_20_13_14,
19_20_14_15,
19_20_15_16,
19_20_16_17,
19_20_17_18,
19_20_21_22,
20_21_13_14,
20_21_14_15,
20_21_15_16,
20_21_16_17,
20_21_17_18,
20_21_18_19,
21_22_13_14,
21_22_14_15,
21_22_15_16,
21_22_16_17,
21_22_17_18,
21_22_18_19,
21_22_19_20,
60_61_62_64,
62_64_60_61,
36_37_38_39,
36_37_39_40,
36_37_40_42,
36_37_42_43,
36_37_43_44,
36_37_44_45,
36_37_45_46,
37_38_39_40,
37_38_40_42,
37_38_42_43,
37_38_43_44,
37_38_44_45,
37_38_45_46,
38_39_36_37,
38_39_40_42,
38_39_42_43,
38_39_43_44,
38_39_44_45,
38_39_45_46,
39_40_36_37,
39_40_37_38,
39_40_42_43,
39_40_43_44,
39_40_44_45,
39_40_45_46,
40_42_36_37,
40_42_37_38,
40_42_38_39,
40_42_43_44,
40_42_44_45,
40_42_45_46,
42_43_36_37,
42_43_37_38,
42_43_38_39,
42_43_39_40,
42_43_44_45,
42_43_45_46,
43_44_36_37,
43_44_37_38,
43_44_38_39,
43_44_39_40,
43_44_40_42,
43_44_45_46,
44_45_36_37,
44_45_37_38,
44_45_38_39,
44_45_39_40,
44_45_40_42,
44_45_42_43,
45_46_36_37,
45_46_37_38,
45_46_38_39,
45_46_39_40,
45_46_40_42,
45_46_42_43,
45_46_43_44,
60_61_62_64,
62_64_60_61,
49_50_51_52,
49_50_52_53,
49_50_53_54,
49_50_54_56,
49_50_56_57,
49_50_57_58,
49_50_58_59,
50_51_52_53,
50_51_53_54,
50_51_54_56,
50_51_56_57,
50_51_57_58,
50_51_58_59,
51_52_49_50,
51_52_53_54,
51_52_54_56,
51_52_56_57,
51_52_57_58,
51_52_58_59,
52_53_49_50,
52_53_50_51,
52_53_54_56,
52_53_56_57,
52_53_57_58,
52_53_58_59,
53_54_49_50,
53_54_50_51,
53_54_51_52,
53_54_56_57,
53_54_57_58,
53_54_58_59,
54_56_49_50,
54_56_50_51,
54_56_51_52,
54_56_52_53,
54_56_57_58,
54_56_58_59,
56_57_49_50,
56_57_50_51,
56_57_51_52,
56_57_52_53,
56_57_53_54,
56_57_58_59,
57_58_49_50,
57_58_50_51,
57_58_51_52,
57_58_52_53,
57_58_53_54,
57_58_54_56,
58_59_49_50,
58_59_50_51,
58_59_51_52,
58_59_52_53,
58_59_53_54,
58_59_54_56,
58_59_56_57,
60_61_62_64,
62_64_60_61,
13_14_15_16,
13_14_16_17,
13_14_17_18,
13_14_18_19,
13_14_19_20,
13_14_20_21,
13_14_21_22,
14_15_16_17,
14_15_17_18,
14_15_18_19,
14_15_19_20,
14_15_20_21,
14_15_21_22,
15_16_17_18,
15_16_18_19,
15_16_19_20,
15_16_20_21,
15_16_21_22,
16_17_18_19,
16_17_19_20,
16_17_20_21,
16_17_21_22,
17_18_19_20,
17_18_20_21,
17_18_21_22,
18_19_20_21,
18_19_21_22,
19_20_21_22,
60_61_62_64,
36_37_38_39,
36_37_39_40,
36_37_40_42,
36_37_42_43,
36_37_43_44,
36_37_44_45,
36_37_45_46,
37_38_39_40,
37_38_40_42,
37_38_42_43,
37_38_43_44,
37_38_44_45,
37_38_45_46,
38_39_36_37,
38_39_40_42,
38_39_42_43,
38_39_43_44,
38_39_44_45,
38_39_45_46,
39_40_36_37,
39_40_37_38,
39_40_42_43,
39_40_43_44,
39_40_44_45,
39_40_45_46,
40_42_36_37,
40_42_37_38,
40_42_38_39,
40_42_43_44,
40_42_44_45,
40_42_45_46,
42_43_36_37,
42_43_37_38,
42_43_38_39,
42_43_39_40,
42_43_44_45,
42_43_45_46,
43_44_36_37,
43_44_37_38,
43_44_38_39,
43_44_39_40,
43_44_40_42,
43_44_45_46,
44_45_36_37,
44_45_37_38,
44_45_38_39,
44_45_39_40,
44_45_40_42,
44_45_42_43,
45_46_36_37,
45_46_37_38,
45_46_38_39,
45_46_39_40,
45_46_40_42,
45_46_42_43,
45_46_43_44,
60_61_62_64,
62_64_60_61,
36_37_38_39,
36_37_39_40,
36_37_40_42,
36_37_42_43,
36_37_43_44,
36_37_44_45,
36_37_45_46,
37_38_39_40,
37_38_40_42,
37_38_42_43,
37_38_43_44,
37_38_44_45,
37_38_45_46,
38_39_36_37,
38_39_40_42,
38_39_42_43,
38_39_43_44,
38_39_44_45,
38_39_45_46,
39_40_36_37,
39_40_37_38,
39_40_42_43,
39_40_43_44,
39_40_44_45,
39_40_45_46,
40_42_36_37,
40_42_37_38,
40_42_38_39,
40_42_43_44,
40_42_44_45,
40_42_45_46,
42_43_36_37,
42_43_37_38,
42_43_38_39,
42_43_39_40,
42_43_44_45,
42_43_45_46,
43_44_36_37,
43_44_37_38,
43_44_38_39,
43_44_39_40,
43_44_40_42,
43_44_45_46,
44_45_36_37,
44_45_37_38,
44_45_38_39,
44_45_39_40,
44_45_40_42,
44_45_42_43,
45_46_36_37,
45_46_37_38,
45_46_38_39,
45_46_39_40,
45_46_40_42,
45_46_42_43,
45_46_43_44,
60_61_62_64,
62_64_60_61,
25_28_26_27,
26_27_25_28,
26_29_27_28,
27_28_26_29,
27_30_28_29,
28_29_27_30,
28_31_29_30,
29_30_28_31,
29_32_30_31,
30_31_29_32,
30_33_31_32,
31_32_30_33,
31_34_32_33,
32_33_31_34,
60_61_62_64,
62_64_60_61,
49_52_50_51,
50_51_49_52,
50_53_51_52,
51_52_50_53,
51_54_52_53,
52_53_51_54,
52_56_53_54,
53_54_52_56,
53_57_54_56,
54_56_53_57,
54_58_56_57,
56_57_54_58,
56_59_57_58,
57_58_56_59,
60_61_62_64,
62_64_60_61,
13_16_14_15,
14_15_13_16,
14_17_15_16,
15_16_14_17,
15_18_16_17,
16_17_15_18,
16_19_17_18,
17_18_16_19,
17_20_18_19,
18_19_17_20,
18_21_19_20,
19_20_18_21,
19_22_20_21,
20_21_19_22,
60_61_62_64,
62_64_60_61,
1_4_2_3,
2_3_1_4,
2_5_3_4,
3_4_2_5,
3_6_4_5,
4_5_3_6,
4_7_5_6,
5_6_4_7,
5_9_6_7,
60_61_62_64,
62_64_60_61,
6_10_7_9,
6_7_5_9,
7_11_9_10,
7_9_6_10,
9_10_7_11,
13_14_15_16,
13_14_16_17,
13_14_17_18,
13_14_18_19,
13_14_19_20,
13_14_20_21,
13_14_21_22,
14_15_16_17,
14_15_17_18,
14_15_18_19,
14_15_19_20,
14_15_20_21,
14_15_21_22,
15_16_13_14,
15_16_17_18,
15_16_18_19,
15_16_19_20,
15_16_20_21,
15_16_21_22,
16_17_13_14,
16_17_14_15,
16_17_18_19,
16_17_19_20,
16_17_20_21,
16_17_21_22,
17_18_13_14,
17_18_14_15,
17_18_15_16,
17_18_19_20,
17_18_20_21,
17_18_21_22,
18_19_13_14,
18_19_14_15,
18_19_15_16,
18_19_16_17,
18_19_20_21,
18_19_21_22,
19_20_13_14,
19_20_14_15,
19_20_15_16,
19_20_16_17,
19_20_17_18,
19_20_21_22,
20_21_13_14,
20_21_14_15,
20_21_15_16,
20_21_16_17,
20_21_17_18,
20_21_18_19,
21_22_13_14,
21_22_14_15,
21_22_15_16,
21_22_16_17,
21_22_17_18,
21_22_18_19,
21_22_19_20,
60_61_62_64,
62_64_60_61,
36_39_37_38,
37_38_36_39,
37_40_38_39,
38_39_37_40,
38_42_39_40,
39_40_38_42,
39_43_40_42,
40_42_39_43,
40_44_42_43,
42_43_40_44,
42_45_43_44,
43_44_42_45,
43_46_44_45,
44_45_43_46,
60_61_62_64,
62_64_60_61,
36_37_38_39,
36_37_39_40,
36_37_40_42,
36_37_42_43,
36_37_43_44,
36_37_44_45,
36_37_45_46,
37_38_39_40,
37_38_40_42,
37_38_42_43,
37_38_43_44,
37_38_44_45,
37_38_45_46,
38_39_36_37,
38_39_40_42,
38_39_42_43,
38_39_43_44,
38_39_44_45,
38_39_45_46,
39_40_36_37,
39_40_37_38,
39_40_42_43,
39_40_43_44,
39_40_44_45,
39_40_45_46,
40_42_36_37,
40_42_37_38,
40_42_38_39,
40_42_43_44,
40_42_44_45,
40_42_45_46,
42_43_36_37,
42_43_37_38,
42_43_38_39,
42_43_39_40,
42_43_44_45,
42_43_45_46,
43_44_36_37,
43_44_37_38,
43_44_38_39,
43_44_39_40,
43_44_40_42,
43_44_45_46,
44_45_36_37,
44_45_37_38,
44_45_38_39,
44_45_39_40,
44_45_40_42,
44_45_42_43,
45_46_36_37,
45_46_37_38,
45_46_38_39,
45_46_39_40,
45_46_40_42,
45_46_42_43,
45_46_43_44,
60_61_62_64,
62_64_60_61,
13_16_14_15,
14_15_13_16,
14_17_15_16,
15_16_14_17,
15_18_16_17,
16_17_15_18,
16_19_17_18,
17_18_16_19,
17_20_18_19,
18_19_17_20,
18_21_19_20,
19_20_18_21,
19_22_20_21,
20_21_19_22,
60_61_62_64,
62_64_60_61,
49_50_51_52,
49_50_52_53,
49_50_53_54,
49_50_54_56,
49_50_56_57,
49_50_57_58,
49_50_58_59,
50_51_52_53,
50_51_53_54,
50_51_54_56,
50_51_56_57,
50_51_57_58,
50_51_58_59,
51_52_49_50,
51_52_53_54,
51_52_54_56,
51_52_56_57,
51_52_57_58,
51_52_58_59,
52_53_49_50,
52_53_50_51,
52_53_54_56,
52_53_56_57,
52_53_57_58,
52_53_58_59,
53_54_49_50,
53_54_50_51,
53_54_51_52,
53_54_56_57,
53_54_57_58,
53_54_58_59,
54_56_49_50,
54_56_50_51,
54_56_51_52,
54_56_52_53,
54_56_57_58,
54_56_58_59,
56_57_49_50,
56_57_50_51,
56_57_51_52,
56_57_52_53,
56_57_53_54,
56_57_58_59,
57_58_49_50,
57_58_50_51,
57_58_51_52,
57_58_52_53,
57_58_53_54,
57_58_54_56,
58_59_49_50,
58_59_50_51,
58_59_51_52,
58_59_52_53,
58_59_53_54,
58_59_54_56,
58_59_56_57,
60_61_62_64,
62_64_60_61,
13_16_14_15,
14_15_13_16,
14_17_15_16,
15_16_14_17,
15_18_16_17,
16_17_15_18,
16_19_17_18,
17_18_16_19,
17_20_18_19,
18_19_17_20,
18_21_19_20,
19_20_18_21,
19_22_20_21,
20_21_19_22,
60_61_62_64,
62_64_60_61,
10_11_1_2,
10_11_2_3,
10_11_3_4,
10_11_4_5,
10_11_5_6,
10_11_6_7,
10_11_7_9,
1_2_10_11,
1_2_3_4,
1_2_4_5,
1_2_5_6,
1_2_6_7,
1_2_7_9,
1_2_9_10,
2_3_10_11,
2_3_4_5,
2_3_5_6,
2_3_6_7,
2_3_7_9,
2_3_9_10,
3_4_10_11,
3_4_1_2,
3_4_5_6,
3_4_6_7,
3_4_7_9,
3_4_9_10,
4_5_10_11,
4_5_1_2,
4_5_2_3,
4_5_6_7,
4_5_7_9,
4_5_9_10,
5_6_10_11,
5_6_1_2,
5_6_2_3,
5_6_3_4,
5_6_7_9,
5_6_9_10,
60_61_62_64,
62_64_60_61,
6_7_10_11,
6_7_1_2,
6_7_2_3,
6_7_3_4,
6_7_4_5,
6_7_9_10,
7_9_10_11,
7_9_1_2,
7_9_2_3,
7_9_3_4,
7_9_4_5,
7_9_5_6,
9_10_1_2,
9_10_2_3,
9_10_3_4,
9_10_4_5,
9_10_5_6,
9_10_6_7,
13_14_15_16,
13_14_16_17,
13_14_17_18,
13_14_18_19,
13_14_19_20,
13_14_20_21,
13_14_21_22,
14_15_16_17,
14_15_17_18,
14_15_18_19,
14_15_19_20,
14_15_20_21,
14_15_21_22,
15_16_13_14,
15_16_17_18,
15_16_18_19,
15_16_19_20,
15_16_20_21,
15_16_21_22,
16_17_13_14,
16_17_14_15,
16_17_18_19,
16_17_19_20,
16_17_20_21,
16_17_21_22,
17_18_13_14,
17_18_14_15,
17_18_15_16,
17_18_19_20,
17_18_20_21,
17_18_21_22,
18_19_13_14,
18_19_14_15,
18_19_15_16,
18_19_16_17,
18_19_20_21,
18_19_21_22,
19_20_13_14,
19_20_14_15,
19_20_15_16,
19_20_16_17,
19_20_17_18,
19_20_21_22,
20_21_13_14,
20_21_14_15,
20_21_15_16,
20_21_16_17,
20_21_17_18,
20_21_18_19,
21_22_13_14,
21_22_14_15,
21_22_15_16,
21_22_16_17,
21_22_17_18,
21_22_18_19,
21_22_19_20,
60_61_62_64,
62_64_60_61,
36_39_37_38,
37_38_36_39,
37_40_38_39,
38_39_37_40,
38_42_39_40,
39_40_38_42,
39_43_40_42,
40_42_39_43,
40_44_42_43,
42_43_40_44,
42_45_43_44,
43_44_42_45,
43_46_44_45,
44_45_43_46,
60_61_62_64,
62_64_60_61,
1_4_2_3,
2_3_1_4,
2_5_3_4,
3_4_2_5,
3_6_4_5,
4_5_3_6,
4_7_5_6,
5_6_4_7,
5_9_6_7,
60_61_62_64,
62_64_60_61,
6_10_7_9,
6_7_5_9,
7_11_9_10,
7_9_6_10,
9_10_7_11,
36_37_38_39,
36_37_39_40,
36_37_40_42,
36_37_42_43,
36_37_43_44,
36_37_44_45,
36_37_45_46,
37_38_39_40,
37_38_40_42,
37_38_42_43,
37_38_43_44,
37_38_44_45,
37_38_45_46,
38_39_36_37,
38_39_40_42,
38_39_42_43,
38_39_43_44,
38_39_44_45,
38_39_45_46,
39_40_36_37,
39_40_37_38,
39_40_42_43,
39_40_43_44,
39_40_44_45,
39_40_45_46,
40_42_36_37,
40_42_37_38,
40_42_38_39,
40_42_43_44,
40_42_44_45,
40_42_45_46,
42_43_36_37,
42_43_37_38,
42_43_38_39,
42_43_39_40,
42_43_44_45,
42_43_45_46,
43_44_36_37,
43_44_37_38,
43_44_38_39,
43_44_39_40,
43_44_40_42,
43_44_45_46,
44_45_36_37,
44_45_37_38,
44_45_38_39,
44_45_39_40,
44_45_40_42,
44_45_42_43,
45_46_36_37,
45_46_37_38,
45_46_38_39,
45_46_39_40,
45_46_40_42,
45_46_42_43,
45_46_43_44,
60_61_62_64,
62_64_60_61,
1_4_2_3,
2_3_1_4,
2_5_3_4,
3_4_2_5,
3_6_4_5,
4_5_3_6,
4_7_5_6,
5_6_4_7,
5_9_6_7,
60_61_62_64,
62_64_60_61,
6_10_7_9,
6_7_5_9,
7_11_9_10,
7_9_6_10,
9_10_7_11,
25_26_27_28,
25_26_28_29,
25_26_29_30,
25_26_30_31,
25_26_31_32,
25_26_32_33,
25_26_33_34,
26_27_28_29,
26_27_29_30,
26_27_30_31,
26_27_31_32,
26_27_32_33,
26_27_33_34,
27_28_25_26,
27_28_29_30,
27_28_30_31,
27_28_31_32,
27_28_32_33,
27_28_33_34,
28_29_25_26,
28_29_26_27,
28_29_30_31,
28_29_31_32,
28_29_32_33,
28_29_33_34,
29_30_25_26,
29_30_26_27,
29_30_27_28,
29_30_31_32,
29_30_32_33,
29_30_33_34,
30_31_25_26,
30_31_26_27,
30_31_27_28,
30_31_28_29,
30_31_32_33,
30_31_33_34,
31_32_25_26,
31_32_26_27,
31_32_27_28,
31_32_28_29,
31_32_29_30,
31_32_33_34,
32_33_25_26,
32_33_26_27,
32_33_27_28,
32_33_28_29,
32_33_29_30,
32_33_30_31,
33_34_25_26,
33_34_26_27,
33_34_27_28,
33_34_28_29,
33_34_29_30,
33_34_30_31,
33_34_31_32,
60_61_62_64,
62_64_60_61,
36_39_37_38,
37_38_36_39,
37_40_38_39,
38_39_37_40,
38_42_39_40,
39_40_38_42,
39_43_40_42,
40_42_39_43,
40_44_42_43,
42_43_40_44,
42_45_43_44,
43_44_42_45,
43_46_44_45,
44_45_43_46,
60_61_62_64,
62_64_60_61,
49_50_51_52,
49_50_52_53,
49_50_53_54,
49_50_54_56,
49_50_56_57,
49_50_57_58,
49_50_58_59,
50_51_52_53,
50_51_53_54,
50_51_54_56,
50_51_56_57,
50_51_57_58,
50_51_58_59,
51_52_49_50,
51_52_53_54,
51_52_54_56,
51_52_56_57,
51_52_57_58,
51_52_58_59,
52_53_49_50,
52_53_50_51,
52_53_54_56,
52_53_56_57,
52_53_57_58,
52_53_58_59,
53_54_49_50,
53_54_50_51,
53_54_51_52,
53_54_56_57,
53_54_57_58,
53_54_58_59,
54_56_49_50,
54_56_50_51,
54_56_51_52,
54_56_52_53,
54_56_57_58,
54_56_58_59,
56_57_49_50,
56_57_50_51,
56_57_51_52,
56_57_52_53,
56_57_53_54,
56_57_58_59,
57_58_49_50,
57_58_50_51,
57_58_51_52,
57_58_52_53,
57_58_53_54,
57_58_54_56,
58_59_49_50,
58_59_50_51,
58_59_51_52,
58_59_52_53,
58_59_53_54,
58_59_54_56,
58_59_56_57,
60_61_62_64,
62_64_60_61,
36_37_38_39,
36_37_39_40,
36_37_40_42,
36_37_42_43,
36_37_43_44,
36_37_44_45,
36_37_45_46,
37_38_39_40,
37_38_40_42,
37_38_42_43,
37_38_43_44,
37_38_44_45,
37_38_45_46,
38_39_36_37,
38_39_40_42,
38_39_42_43,
38_39_43_44,
38_39_44_45,
38_39_45_46,
39_40_36_37,
39_40_37_38,
39_40_42_43,
39_40_43_44,
39_40_44_45,
39_40_45_46,
40_42_36_37,
40_42_37_38,
40_42_38_39,
40_42_43_44,
40_42_44_45,
40_42_45_46,
42_43_36_37,
42_43_37_38,
42_43_38_39,
42_43_39_40,
42_43_44_45,
42_43_45_46,
43_44_36_37,
43_44_37_38,
43_44_38_39,
43_44_39_40,
43_44_40_42,
43_44_45_46,
44_45_36_37,
44_45_37_38,
44_45_38_39,
44_45_39_40,
44_45_40_42,
44_45_42_43,
45_46_36_37,
45_46_37_38,
45_46_38_39,
45_46_39_40,
45_46_40_42,
45_46_42_43,
45_46_43_44,
60_61_62_64,
62_64_60_61,
25_26_27_28,
25_26_28_29,
25_26_29_30,
25_26_30_31,
25_26_31_32,
25_26_32_33,
25_26_33_34,
26_27_28_29,
26_27_29_30,
26_27_30_31,
26_27_31_32,
26_27_32_33,
26_27_33_34,
27_28_25_26,
27_28_29_30,
27_28_30_31,
27_28_31_32,
27_28_32_33,
27_28_33_34,
28_29_25_26,
28_29_26_27,
28_29_30_31,
28_29_31_32,
28_29_32_33,
28_29_33_34,
29_30_25_26,
29_30_26_27,
29_30_27_28,
29_30_31_32,
29_30_32_33,
29_30_33_34,
30_31_25_26,
30_31_26_27,
30_31_27_28,
30_31_28_29,
30_31_32_33,
30_31_33_34,
31_32_25_26,
31_32_26_27,
31_32_27_28,
31_32_28_29,
31_32_29_30,
31_32_33_34,
32_33_25_26,
32_33_26_27,
32_33_27_28,
32_33_28_29,
32_33_29_30,
32_33_30_31,
33_34_25_26,
33_34_26_27,
33_34_27_28,
33_34_28_29,
33_34_29_30,
33_34_30_31,
33_34_31_32,
60_61_62_64,
62_64_60_61,
25_26_27_28,
25_26_28_29,
25_26_29_30,
25_26_30_31,
25_26_31_32,
25_26_32_33,
25_26_33_34,
26_27_28_29,
26_27_29_30,
26_27_30_31,
26_27_31_32,
26_27_32_33,
26_27_33_34,
27_28_25_26,
27_28_29_30,
27_28_30_31,
27_28_31_32,
27_28_32_33,
27_28_33_34,
28_29_25_26,
28_29_26_27,
28_29_30_31,
28_29_31_32,
28_29_32_33,
28_29_33_34,
29_30_25_26,
29_30_26_27,
29_30_27_28,
29_30_31_32,
29_30_32_33,
29_30_33_34,
30_31_25_26,
30_31_26_27,
30_31_27_28,
30_31_28_29,
30_31_32_33,
30_31_33_34,
31_32_25_26,
31_32_26_27,
31_32_27_28,
31_32_28_29,
31_32_29_30,
31_32_33_34,
32_33_25_26,
32_33_26_27,
32_33_27_28,
32_33_28_29,
32_33_29_30,
32_33_30_31,
33_34_25_26,
33_34_26_27,
33_34_27_28,
33_34_28_29,
33_34_29_30,
33_34_30_31,
33_34_31_32,
60_61_62_64,
62_64_60_61,
10_11_1_2,
10_11_2_3,
10_11_3_4,
10_11_4_5,
10_11_5_6,
10_11_6_7,
10_11_7_9,
1_2_10_11,
1_2_3_4,
1_2_4_5,
1_2_5_6,
1_2_6_7,
1_2_7_9,
1_2_9_10,
2_3_10_11,
2_3_4_5,
2_3_5_6,
2_3_6_7,
2_3_7_9,
2_3_9_10,
3_4_10_11,
3_4_1_2,
3_4_5_6,
3_4_6_7,
3_4_7_9,
3_4_9_10,
4_5_10_11,
4_5_1_2,
4_5_2_3,
4_5_6_7,
4_5_7_9,
4_5_9_10,
5_6_10_11,
5_6_1_2,
5_6_2_3,
5_6_3_4,
5_6_7_9,
5_6_9_10,
60_61_62_64,
62_64_60_61,
6_7_10_11,
6_7_1_2,
6_7_2_3,
6_7_3_4,
6_7_4_5,
6_7_9_10,
7_9_10_11,
7_9_1_2,
7_9_2_3,
7_9_3_4,
7_9_4_5,
7_9_5_6,
9_10_1_2,
9_10_2_3,
9_10_3_4,
9_10_4_5,
9_10_5_6,
9_10_6_7,
36_37_38_39,
36_37_39_40,
36_37_40_42,
36_37_42_43,
36_37_43_44,
36_37_44_45,
36_37_45_46,
37_38_39_40,
37_38_40_42,
37_38_42_43,
37_38_43_44,
37_38_44_45,
37_38_45_46,
38_39_36_37,
38_39_40_42,
38_39_42_43,
38_39_43_44,
38_39_44_45,
38_39_45_46,
39_40_36_37,
39_40_37_38,
39_40_42_43,
39_40_43_44,
39_40_44_45,
39_40_45_46,
40_42_36_37,
40_42_37_38,
40_42_38_39,
40_42_43_44,
40_42_44_45,
40_42_45_46,
42_43_36_37,
42_43_37_38,
42_43_38_39,
42_43_39_40,
42_43_44_45,
42_43_45_46,
43_44_36_37,
43_44_37_38,
43_44_38_39,
43_44_39_40,
43_44_40_42,
43_44_45_46,
44_45_36_37,
44_45_37_38,
44_45_38_39,
44_45_39_40,
44_45_40_42,
44_45_42_43,
45_46_36_37,
45_46_37_38,
45_46_38_39,
45_46_39_40,
45_46_40_42,
45_46_42_43,
45_46_43_44,
60_61_62_64,
62_64_60_61,
36_37_38_39,
36_37_39_40,
36_37_40_42,
36_37_42_43,
36_37_43_44,
36_37_44_45,
36_37_45_46,
37_38_39_40,
37_38_40_42,
37_38_42_43,
37_38_43_44,
37_38_44_45,
37_38_45_46,
38_39_36_37,
38_39_40_42,
38_39_42_43,
38_39_43_44,
38_39_44_45,
38_39_45_46,
39_40_36_37,
39_40_37_38,
39_40_42_43,
39_40_43_44,
39_40_44_45,
39_40_45_46,
40_42_36_37,
40_42_37_38,
40_42_38_39,
40_42_43_44,
40_42_44_45,
40_42_45_46,
42_43_36_37,
42_43_37_38,
42_43_38_39,
42_43_39_40,
42_43_44_45,
42_43_45_46,
43_44_36_37,
43_44_37_38,
43_44_38_39,
43_44_39_40,
43_44_40_42,
43_44_45_46,
44_45_36_37,
44_45_37_38,
44_45_38_39,
44_45_39_40,
44_45_40_42,
44_45_42_43,
45_46_36_37,
45_46_37_38,
45_46_38_39,
45_46_39_40,
45_46_40_42,
45_46_42_43,
45_46_43_44,
60_61_62_64,
62_64_60_61,
49_50_51_52,
49_50_52_53,
49_50_53_54,
49_50_54_56,
49_50_56_57,
49_50_57_58,
49_50_58_59,
50_51_52_53,
50_51_53_54,
50_51_54_56,
50_51_56_57,
50_51_57_58,
50_51_58_59,
51_52_49_50,
51_52_53_54,
51_52_54_56,
51_52_56_57,
51_52_57_58,
51_52_58_59,
52_53_49_50,
52_53_50_51,
52_53_54_56,
52_53_56_57,
52_53_57_58,
52_53_58_59,
53_54_49_50,
53_54_50_51,
53_54_51_52,
53_54_56_57,
53_54_57_58,
53_54_58_59,
54_56_49_50,
54_56_50_51,
54_56_51_52,
54_56_52_53,
54_56_57_58,
54_56_58_59,
56_57_49_50,
56_57_50_51,
56_57_51_52,
56_57_52_53,
56_57_53_54,
56_57_58_59,
57_58_49_50,
57_58_50_51,
57_58_51_52,
57_58_52_53,
57_58_53_54,
57_58_54_56,
58_59_49_50,
58_59_50_51,
58_59_51_52,
58_59_52_53,
58_59_53_54,
58_59_54_56,
58_59_56_57,
60_61_62_64,
62_64_60_61,
13_14_15_16,
13_14_16_17,
13_14_17_18,
13_14_18_19,
13_14_19_20,
13_14_20_21,
13_14_21_22,
14_15_16_17,
14_15_17_18,
14_15_18_19,
14_15_19_20,
14_15_20_21,
14_15_21_22,
15_16_13_14,
15_16_17_18,
15_16_18_19,
15_16_19_20,
15_16_20_21,
15_16_21_22,
16_17_13_14,
16_17_14_15,
16_17_18_19,
16_17_19_20,
16_17_20_21,
16_17_21_22,
17_18_13_14,
17_18_14_15,
17_18_15_16,
17_18_19_20,
17_18_20_21,
17_18_21_22,
18_19_13_14,
18_19_14_15,
18_19_15_16,
18_19_16_17,
18_19_20_21,
18_19_21_22,
19_20_13_14,
19_20_14_15,
19_20_15_16,
19_20_16_17,
19_20_17_18,
19_20_21_22,
20_21_13_14,
20_21_14_15,
20_21_15_16,
20_21_16_17,
20_21_17_18,
20_21_18_19,
21_22_13_14,
21_22_14_15,
21_22_15_16,
21_22_16_17,
21_22_17_18,
21_22_18_19,
21_22_19_20,
60_61_62_64,
62_64_60_61,
1_4_2_3,
2_3_1_4,
2_5_3_4,
3_4_2_5,
3_6_4_5,
4_5_3_6,
4_7_5_6,
5_6_4_7,
5_9_6_7,
60_61_62_64,
62_64_60_61,
6_10_7_9,
6_7_5_9,
7_11_9_10,
7_9_6_10,
9_10_7_11,
1_4_2_3,
2_3_1_4,
2_5_3_4,
3_4_2_5,
3_6_4_5,
4_5_3_6,
4_7_5_6,
5_6_4_7,
5_9_6_7,
60_61_62_64,
62_64_60_61,
6_10_7_9,
6_7_5_9,
7_11_9_10,
7_9_6_10,
9_10_7_11,
49_50_51_52,
49_50_52_53,
49_50_53_54,
49_50_54_56,
49_50_56_57,
49_50_57_58,
49_50_58_59,
50_51_52_53,
50_51_53_54,
50_51_54_56,
50_51_56_57,
50_51_57_58,
50_51_58_59,
51_52_49_50,
51_52_53_54,
51_52_54_56,
51_52_56_57,
51_52_57_58,
51_52_58_59,
52_53_49_50,
52_53_50_51,
52_53_54_56,
52_53_56_57,
52_53_57_58,
52_53_58_59,
53_54_49_50,
53_54_50_51,
53_54_51_52,
53_54_56_57,
53_54_57_58,
53_54_58_59,
54_56_49_50,
54_56_50_51,
54_56_51_52,
54_56_52_53,
54_56_57_58,
54_56_58_59,
56_57_49_50,
56_57_50_51,
56_57_51_52,
56_57_52_53,
56_57_53_54,
56_57_58_59,
57_58_49_50,
57_58_50_51,
57_58_51_52,
57_58_52_53,
57_58_53_54,
57_58_54_56,
58_59_49_50,
58_59_50_51,
58_59_51_52,
58_59_52_53,
58_59_53_54,
58_59_54_56,
58_59_56_57,
60_61_62_64,
62_64_60_61,
49_50_51_52,
49_50_52_53,
49_50_53_54,
49_50_54_56,
49_50_56_57,
49_50_57_58,
49_50_58_59,
50_51_52_53,
50_51_53_54,
50_51_54_56,
50_51_56_57,
50_51_57_58,
50_51_58_59,
51_52_49_50,
51_52_53_54,
51_52_54_56,
51_52_56_57,
51_52_57_58,
51_52_58_59,
52_53_49_50,
52_53_50_51,
52_53_54_56,
52_53_56_57,
52_53_57_58,
52_53_58_59,
53_54_49_50,
53_54_50_51,
53_54_51_52,
53_54_56_57,
53_54_57_58,
53_54_58_59,
54_56_49_50,
54_56_50_51,
54_56_51_52,
54_56_52_53,
54_56_57_58,
54_56_58_59,
56_57_49_50,
56_57_50_51,
56_57_51_52,
56_57_52_53,
56_57_53_54,
56_57_58_59,
57_58_49_50,
57_58_50_51,
57_58_51_52,
57_58_52_53,
57_58_53_54,
57_58_54_56,
58_59_49_50,
58_59_50_51,
58_59_51_52,
58_59_52_53,
58_59_53_54,
58_59_54_56,
58_59_56_57,
60_61_62_64,
62_64_60_61,
13_16_14_15,
14_15_13_16,
14_17_15_16,
15_16_14_17,
15_18_16_17,
16_17_15_18,
16_19_17_18,
17_18_16_19,
17_20_18_19,
18_19_17_20,
18_21_19_20,
19_20_18_21,
19_22_20_21,
20_21_19_22,
60_61_62_64,
62_64_60_61,
10_11_1_2,
10_11_2_3,
10_11_3_4,
10_11_4_5,
10_11_5_6,
10_11_6_7,
10_11_7_9,
1_2_10_11,
1_2_3_4,
1_2_4_5,
1_2_5_6,
1_2_6_7,
1_2_7_9,
1_2_9_10,
2_3_10_11,
2_3_4_5,
2_3_5_6,
2_3_6_7,
2_3_7_9,
2_3_9_10,
3_4_10_11,
3_4_1_2,
3_4_5_6,
3_4_6_7,
3_4_7_9,
3_4_9_10,
4_5_10_11,
4_5_1_2,
4_5_2_3,
4_5_6_7,
4_5_7_9,
4_5_9_10,
5_6_10_11,
5_6_1_2,
5_6_2_3,
5_6_3_4,
5_6_7_9,
5_6_9_10,
60_61_62_64,
62_64_60_61,
6_7_10_11,
6_7_1_2,
6_7_2_3,
6_7_3_4,
6_7_4_5,
6_7_9_10,
7_9_10_11,
7_9_1_2,
7_9_2_3,
7_9_3_4,
7_9_4_5,
7_9_5_6,
9_10_1_2,
9_10_2_3,
9_10_3_4,
9_10_4_5,
9_10_5_6,
9_10_6_7,
13_14_15_16,
13_14_16_17,
13_14_17_18,
13_14_18_19,
13_14_19_20,
13_14_20_21,
13_14_21_22,
14_15_16_17,
14_15_17_18,
14_15_18_19,
14_15_19_20,
14_15_20_21,
14_15_21_22,
15_16_13_14,
15_16_17_18,
15_16_18_19,
15_16_19_20,
15_16_20_21,
15_16_21_22,
16_17_13_14,
16_17_14_15,
16_17_18_19,
16_17_19_20,
16_17_20_21,
16_17_21_22,
17_18_13_14,
17_18_14_15,
17_18_15_16,
17_18_19_20,
17_18_20_21,
17_18_21_22,
18_19_13_14,
18_19_14_15,
18_19_15_16,
18_19_16_17,
18_19_20_21,
18_19_21_22,
19_20_13_14,
19_20_14_15,
19_20_15_16,
19_20_16_17,
19_20_17_18,
19_20_21_22,
20_21_13_14,
20_21_14_15,
20_21_15_16,
20_21_16_17,
20_21_17_18,
20_21_18_19,
21_22_13_14,
21_22_14_15,
21_22_15_16,
21_22_16_17,
21_22_17_18,
21_22_18_19,
21_22_19_20,
60_61_62_64,
62_64_60_61,
1_4_2_3,
2_3_1_4,
2_5_3_4,
3_4_2_5,
3_6_4_5,
4_5_3_6,
4_7_5_6,
5_6_4_7,
5_9_6_7,
60_61_62_64,
62_64_60_61,
6_10_7_9,
6_7_5_9,
7_11_9_10,
7_9_6_10,
9_10_7_11,
36_37_38_39,
36_37_39_40,
36_37_40_42,
36_37_42_43,
36_37_43_44,
36_37_44_45,
36_37_45_46,
37_38_39_40,
37_38_40_42,
37_38_42_43,
37_38_43_44,
37_38_44_45,
37_38_45_46,
38_39_36_37,
38_39_40_42,
38_39_42_43,
38_39_43_44,
38_39_44_45,
38_39_45_46,
39_40_36_37,
39_40_37_38,
39_40_42_43,
39_40_43_44,
39_40_44_45,
39_40_45_46,
40_42_36_37,
40_42_37_38,
40_42_38_39,
40_42_43_44,
40_42_44_45,
40_42_45_46,
42_43_36_37,
42_43_37_38,
42_43_38_39,
42_43_39_40,
42_43_44_45,
42_43_45_46,
43_44_36_37,
43_44_37_38,
43_44_38_39,
43_44_39_40,
43_44_40_42,
43_44_45_46,
44_45_36_37,
44_45_37_38,
44_45_38_39,
44_45_39_40,
44_45_40_42,
44_45_42_43,
45_46_36_37,
45_46_37_38,
45_46_38_39,
45_46_39_40,
45_46_40_42,
45_46_42_43,
45_46_43_44,
60_61_62_64,
62_64_60_61,
25_28_26_27,
26_27_25_28,
26_29_27_28,
27_28_26_29,
27_30_28_29,
28_29_27_30,
28_31_29_30,
29_30_28_31,
29_32_30_31,
30_31_29_32,
30_33_31_32,
31_32_30_33,
31_34_32_33,
32_33_31_34,
60_61_62_64,
62_64_60_61,
1_4_2_3,
2_3_1_4,
2_5_3_4,
3_4_2_5,
3_6_4_5,
4_5_3_6,
4_7_5_6,
5_6_4_7,
5_9_6_7,
60_61_62_64,
62_64_60_61,
6_10_7_9,
6_7_5_9,
7_11_9_10,
7_9_6_10,
9_10_7_11,
25_26_27_28,
25_26_28_29,
25_26_29_30,
25_26_30_31,
25_26_31_32,
25_26_32_33,
25_26_33_34,
26_27_28_29,
26_27_29_30,
26_27_30_31,
26_27_31_32,
26_27_32_33,
26_27_33_34,
27_28_25_26,
27_28_29_30,
27_28_30_31,
27_28_31_32,
27_28_32_33,
27_28_33_34,
28_29_25_26,
28_29_26_27,
28_29_30_31,
28_29_31_32,
28_29_32_33,
28_29_33_34,
29_30_25_26,
29_30_26_27,
29_30_27_28,
29_30_31_32,
29_30_32_33,
29_30_33_34,
30_31_25_26,
30_31_26_27,
30_31_27_28,
30_31_28_29,
30_31_32_33,
30_31_33_34,
31_32_25_26,
31_32_26_27,
31_32_27_28,
31_32_28_29,
31_32_29_30,
31_32_33_34,
32_33_25_26,
32_33_26_27,
32_33_27_28,
32_33_28_29,
32_33_29_30,
32_33_30_31,
33_34_25_26,
33_34_26_27,
33_34_27_28,
33_34_28_29,
33_34_29_30,
33_34_30_31,
33_34_31_32,
60_61_62_64,
62_64_60_61,
49_50_51_52,
49_50_52_53,
49_50_53_54,
49_50_54_56,
49_50_56_57,
49_50_57_58,
49_50_58_59,
50_51_52_53,
50_51_53_54,
50_51_54_56,
50_51_56_57,
50_51_57_58,
50_51_58_59,
51_52_49_50,
51_52_53_54,
51_52_54_56,
51_52_56_57,
51_52_57_58,
51_52_58_59,
52_53_49_50,
52_53_50_51,
52_53_54_56,
52_53_56_57,
52_53_57_58,
52_53_58_59,
53_54_49_50,
53_54_50_51,
53_54_51_52,
53_54_56_57,
53_54_57_58,
53_54_58_59,
54_56_49_50,
54_56_50_51,
54_56_51_52,
54_56_52_53,
54_56_57_58,
54_56_58_59,
56_57_49_50,
56_57_50_51,
56_57_51_52,
56_57_52_53,
56_57_53_54,
56_57_58_59,
57_58_49_50,
57_58_50_51,
57_58_51_52,
57_58_52_53,
57_58_53_54,
57_58_54_56,
58_59_49_50,
58_59_50_51,
58_59_51_52,
58_59_52_53,
58_59_53_54,
58_59_54_56,
58_59_56_57,
60_61_62_64,
62_64_60_61,
1_4_2_3,
2_3_1_4,
2_5_3_4,
3_4_2_5,
3_6_4_5,
4_5_3_6,
4_7_5_6,
5_6_4_7,
5_9_6_7,
60_61_62_64,
62_64_60_61,
6_10_7_9,
6_7_5_9,
7_11_9_10,
7_9_6_10,
9_10_7_11,
49_50_51_52,
49_50_52_53,
49_50_53_54,
49_50_54_56,
49_50_56_57,
49_50_57_58,
49_50_58_59,
50_51_52_53,
50_51_53_54,
50_51_54_56,
50_51_56_57,
50_51_57_58,
50_51_58_59,
51_52_49_50,
51_52_53_54,
51_52_54_56,
51_52_56_57,
51_52_57_58,
51_52_58_59,
52_53_49_50,
52_53_50_51,
52_53_54_56,
52_53_56_57,
52_53_57_58,
52_53_58_59,
53_54_49_50,
53_54_50_51,
53_54_51_52,
53_54_56_57,
53_54_57_58,
53_54_58_59,
54_56_49_50,
54_56_50_51,
54_56_51_52,
54_56_52_53,
54_56_57_58,
54_56_58_59,
56_57_49_50,
56_57_50_51,
56_57_51_52,
56_57_52_53,
56_57_53_54,
56_57_58_59,
57_58_49_50,
57_58_50_51,
57_58_51_52,
57_58_52_53,
57_58_53_54,
57_58_54_56,
58_59_49_50,
58_59_50_51,
58_59_51_52,
58_59_52_53,
58_59_53_54,
58_59_54_56,
58_59_56_57,
60_61_62_64,
62_64_60_61,
13_16_14_15,
14_15_13_16,
14_17_15_16,
15_16_14_17,
15_18_16_17,
16_17_15_18,
16_19_17_18,
17_18_16_19,
17_20_18_19,
18_19_17_20,
18_21_19_20,
19_20_18_21,
19_22_20_21,
20_21_19_22,
60_61_62_64,
62_64_60_61,
25_26_27_28,
25_26_28_29,
25_26_29_30,
25_26_30_31,
25_26_31_32,
25_26_32_33,
25_26_33_34,
26_27_28_29,
26_27_29_30,
26_27_30_31,
26_27_31_32,
26_27_32_33,
26_27_33_34,
27_28_25_26,
27_28_29_30,
27_28_30_31,
27_28_31_32,
27_28_32_33,
27_28_33_34,
28_29_25_26,
28_29_26_27,
28_29_30_31,
28_29_31_32,
28_29_32_33,
28_29_33_34,
29_30_25_26,
29_30_26_27,
29_30_27_28,
29_30_31_32,
29_30_32_33,
29_30_33_34,
30_31_25_26,
30_31_26_27,
30_31_27_28,
30_31_28_29,
30_31_32_33,
30_31_33_34,
31_32_25_26,
31_32_26_27,
31_32_27_28,
31_32_28_29,
31_32_29_30,
31_32_33_34,
32_33_25_26,
32_33_26_27,
32_33_27_28,
32_33_28_29,
32_33_29_30,
32_33_30_31,
33_34_25_26,
33_34_26_27,
33_34_27_28,
33_34_28_29,
33_34_29_30,
33_34_30_31,
33_34_31_32,
60_61_62_64,
62_64_60_61,
1_4_2_3,
2_3_1_4,
2_5_3_4,
3_4_2_5,
3_6_4_5,
4_5_3_6,
4_7_5_6,
5_6_4_7,
5_9_6_7,
60_61_62_64,
62_64_60_61,
6_10_7_9,
6_7_5_9,
7_11_9_10,
7_9_6_10,
9_10_7_11,
36_39_37_38,
37_38_36_39,
37_40_38_39,
38_39_37_40,
38_42_39_40,
39_40_38_42,
39_43_40_42,
40_42_39_43,
40_44_42_43,
42_43_40_44,
42_45_43_44,
43_44_42_45,
43_46_44_45,
44_45_43_46,
60_61_62_64,
62_64_60_61,
25_28_26_27,
26_27_25_28,
26_29_27_28,
27_28_26_29,
27_30_28_29,
28_29_27_30,
28_31_29_30,
29_30_28_31,
29_32_30_31,
30_31_29_32,
30_33_31_32,
31_32_30_33,
31_34_32_33,
32_33_31_34,
60_61_62_64,
62_64_60_61,
49_52_50_51,
50_51_49_52,
50_53_51_52,
51_52_50_53,
51_54_52_53,
52_53_51_54,
52_56_53_54,
53_54_52_56,
53_57_54_56,
54_56_53_57,
54_58_56_57,
56_57_54_58,
56_59_57_58,
57_58_56_59,
60_61_62_64,
62_64_60_61,
25_28_26_27,
26_27_25_28,
26_29_27_28,
27_28_26_29,
27_30_28_29,
28_29_27_30,
28_31_29_30,
29_30_28_31,
29_32_30_31,
30_31_29_32,
30_33_31_32,
31_32_30_33,
31_34_32_33,
32_33_31_34,
60_61_62_64,
62_64_60_61,
10_11_1_2,
10_11_2_3,
10_11_3_4,
10_11_4_5,
10_11_5_6,
10_11_6_7,
10_11_7_9,
1_2_10_11,
1_2_3_4,
1_2_4_5,
1_2_5_6,
1_2_6_7,
1_2_7_9,
1_2_9_10,
2_3_10_11,
2_3_4_5,
2_3_5_6,
2_3_6_7,
2_3_7_9,
2_3_9_10,
3_4_10_11,
3_4_1_2,
3_4_5_6,
3_4_6_7,
3_4_7_9,
3_4_9_10,
4_5_10_11,
4_5_1_2,
4_5_2_3,
4_5_6_7,
4_5_7_9,
4_5_9_10,
5_6_10_11,
5_6_1_2,
5_6_2_3,
5_6_3_4,
5_6_7_9,
5_6_9_10,
60_61_62_64,
62_64_60_61,
6_7_10_11,
6_7_1_2,
6_7_2_3,
6_7_3_4,
6_7_4_5,
6_7_9_10,
7_9_10_11,
7_9_1_2,
7_9_2_3,
7_9_3_4,
7_9_4_5,
7_9_5_6,
9_10_1_2,
9_10_2_3,
9_10_3_4,
9_10_4_5,
9_10_5_6,
9_10_6_7,
36_39_37_38,
37_38_36_39,
37_40_38_39,
38_39_37_40,
38_42_39_40,
39_40_38_42,
39_43_40_42,
40_42_39_43,
40_44_42_43,
42_43_40_44,
42_45_43_44,
43_44_42_45,
43_46_44_45,
44_45_43_46,
60_61_62_64,
62_64_60_61,
49_52_50_51,
50_51_49_52,
50_53_51_52,
51_52_50_53,
51_54_52_53,
52_53_51_54,
52_56_53_54,
53_54_52_56,
53_57_54_56,
54_56_53_57,
54_58_56_57,
56_57_54_58,
56_59_57_58,
57_58_56_59,
60_61_62_64,
62_64_60_61,
13_16_14_15,
14_15_13_16,
14_17_15_16,
15_16_14_17,
15_18_16_17,
16_17_15_18,
16_19_17_18,
17_18_16_19,
17_20_18_19,
18_19_17_20,
18_21_19_20,
19_20_18_21,
19_22_20_21,
20_21_19_22,
60_61_62_64,
62_64_60_61,
10_11_1_2,
10_11_2_3,
10_11_3_4,
10_11_4_5,
10_11_5_6,
10_11_6_7,
10_11_7_9,
1_2_10_11,
1_2_3_4,
1_2_4_5,
1_2_5_6,
1_2_6_7,
1_2_7_9,
1_2_9_10,
2_3_10_11,
2_3_4_5,
2_3_5_6,
2_3_6_7,
2_3_7_9,
2_3_9_10,
3_4_10_11,
3_4_1_2,
3_4_5_6,
3_4_6_7,
3_4_7_9,
3_4_9_10,
4_5_10_11,
4_5_1_2,
4_5_2_3,
4_5_6_7,
4_5_7_9,
4_5_9_10,
5_6_10_11,
5_6_1_2,
5_6_2_3,
5_6_3_4,
5_6_7_9,
5_6_9_10,
60_61_62_64,
62_64_60_61,
6_7_10_11,
6_7_1_2,
6_7_2_3,
6_7_3_4,
6_7_4_5,
6_7_9_10,
7_9_10_11,
7_9_1_2,
7_9_2_3,
7_9_3_4,
7_9_4_5,
7_9_5_6,
9_10_1_2,
9_10_2_3,
9_10_3_4,
9_10_4_5,
9_10_5_6,
9_10_6_7,
10_11_1_2,
10_11_2_3,
10_11_3_4,
10_11_4_5,
10_11_5_6,
10_11_6_7,
10_11_7_9,
1_2_10_11,
1_2_3_4,
1_2_4_5,
1_2_5_6,
1_2_6_7,
1_2_7_9,
1_2_9_10,
2_3_10_11,
2_3_4_5,
2_3_5_6,
2_3_6_7,
2_3_7_9,
2_3_9_10,
3_4_10_11,
3_4_1_2,
3_4_5_6,
3_4_6_7,
3_4_7_9,
3_4_9_10,
4_5_10_11,
4_5_1_2,
4_5_2_3,
4_5_6_7,
4_5_7_9,
4_5_9_10,
5_6_10_11,
5_6_1_2,
5_6_2_3,
5_6_3_4,
5_6_7_9,
5_6_9_10,
60_61_62_64,
62_64_60_61,
6_7_10_11,
6_7_1_2,
6_7_2_3,
6_7_3_4,
6_7_4_5,
6_7_9_10,
7_9_10_11,
7_9_1_2,
7_9_2_3,
7_9_3_4,
7_9_4_5,
7_9_5_6,
9_10_1_2,
9_10_2_3,
9_10_3_4,
9_10_4_5,
9_10_5_6,
9_10_6_7,
49_50_51_52,
49_50_52_53,
49_50_53_54,
49_50_54_56,
49_50_56_57,
49_50_57_58,
49_50_58_59,
50_51_52_53,
50_51_53_54,
50_51_54_56,
50_51_56_57,
50_51_57_58,
50_51_58_59,
51_52_49_50,
51_52_53_54,
51_52_54_56,
51_52_56_57,
51_52_57_58,
51_52_58_59,
52_53_49_50,
52_53_50_51,
52_53_54_56,
52_53_56_57,
52_53_57_58,
52_53_58_59,
53_54_49_50,
53_54_50_51,
53_54_51_52,
53_54_56_57,
53_54_57_58,
53_54_58_59,
54_56_49_50,
54_56_50_51,
54_56_51_52,
54_56_52_53,
54_56_57_58,
54_56_58_59,
56_57_49_50,
56_57_50_51,
56_57_51_52,
56_57_52_53,
56_57_53_54,
56_57_58_59,
57_58_49_50,
57_58_50_51,
57_58_51_52,
57_58_52_53,
57_58_53_54,
57_58_54_56,
58_59_49_50,
58_59_50_51,
58_59_51_52,
58_59_52_53,
58_59_53_54,
58_59_54_56,
58_59_56_57,
60_61_62_64,
62_64_60_61,
49_50_51_52,
49_50_52_53,
49_50_53_54,
49_50_54_56,
49_50_56_57,
49_50_57_58,
49_50_58_59,
50_51_52_53,
50_51_53_54,
50_51_54_56,
50_51_56_57,
50_51_57_58,
50_51_58_59,
51_52_49_50,
51_52_53_54,
51_52_54_56,
51_52_56_57,
51_52_57_58,
51_52_58_59,
52_53_49_50,
52_53_50_51,
52_53_54_56,
52_53_56_57,
52_53_57_58,
52_53_58_59,
53_54_49_50,
53_54_50_51,
53_54_51_52,
53_54_56_57,
53_54_57_58,
53_54_58_59,
54_56_49_50,
54_56_50_51,
54_56_51_52,
54_56_52_53,
54_56_57_58,
54_56_58_59,
56_57_49_50,
56_57_50_51,
56_57_51_52,
56_57_52_53,
56_57_53_54,
56_57_58_59,
57_58_49_50,
57_58_50_51,
57_58_51_52,
57_58_52_53,
57_58_53_54,
57_58_54_56,
58_59_49_50,
58_59_50_51,
58_59_51_52,
58_59_52_53,
58_59_53_54,
58_59_54_56,
58_59_56_57,
60_61_62_64,
62_64_60_61,
13_14_15_16,
13_14_16_17,
13_14_17_18,
13_14_18_19,
13_14_19_20,
13_14_20_21,
13_14_21_22,
14_15_16_17,
14_15_17_18,
14_15_18_19,
14_15_19_20,
14_15_20_21,
14_15_21_22,
15_16_13_14,
15_16_17_18,
15_16_18_19,
15_16_19_20,
15_16_20_21,
15_16_21_22,
16_17_13_14,
16_17_14_15,
16_17_18_19,
16_17_19_20,
16_17_20_21,
16_17_21_22,
17_18_13_14,
17_18_14_15,
17_18_15_16,
17_18_19_20,
17_18_20_21,
17_18_21_22,
18_19_13_14,
18_19_14_15,
18_19_15_16,
18_19_16_17,
18_19_20_21,
18_19_21_22,
19_20_13_14,
19_20_14_15,
19_20_15_16,
19_20_16_17,
19_20_17_18,
19_20_21_22,
20_21_13_14,
20_21_14_15,
20_21_15_16,
20_21_16_17,
20_21_17_18,
20_21_18_19,
21_22_13_14,
21_22_14_15,
21_22_15_16,
21_22_16_17,
21_22_17_18,
21_22_18_19,
21_22_19_20,
60_61_62_64,
62_64_60_61,
13_16_14_15,
14_15_13_16,
14_17_15_16,
15_16_14_17,
15_18_16_17,
16_17_15_18,
16_19_17_18,
17_18_16_19,
17_20_18_19,
18_19_17_20,
18_21_19_20,
19_20_18_21,
19_22_20_21,
20_21_19_22,
60_61_62_64,
62_64_60_61,
13_16_14_15,
14_15_13_16,
14_17_15_16,
15_16_14_17,
15_18_16_17,
16_17_15_18,
16_19_17_18,
17_18_16_19,
17_20_18_19,
18_19_17_20,
18_21_19_20,
19_20_18_21,
19_22_20_21,
20_21_19_22,
60_61_62_64,
62_64_60_61,
49_52_50_51,
50_51_49_52,
50_53_51_52,
51_52_50_53,
51_54_52_53,
52_53_51_54,
52_56_53_54,
53_54_52_56,
53_57_54_56,
54_56_53_57,
54_58_56_57,
56_57_54_58,
56_59_57_58,
57_58_56_59,
60_61_62_64,
62_64_60_61,
49_52_50_51,
50_51_49_52,
50_53_51_52,
51_52_50_53,
51_54_52_53,
52_53_51_54,
52_56_53_54,
53_54_52_56,
53_57_54_56,
54_56_53_57,
54_58_56_57,
56_57_54_58,
56_59_57_58,
57_58_56_59,
60_61_62_64,
62_64_60_61,
25_26_27_28,
25_26_28_29,
25_26_29_30,
25_26_30_31,
25_26_31_32,
25_26_32_33,
25_26_33_34,
26_27_28_29,
26_27_29_30,
26_27_30_31,
26_27_31_32,
26_27_32_33,
26_27_33_34,
27_28_25_26,
27_28_29_30,
27_28_30_31,
27_28_31_32,
27_28_32_33,
27_28_33_34,
28_29_25_26,
28_29_26_27,
28_29_30_31,
28_29_31_32,
28_29_32_33,
28_29_33_34,
29_30_25_26,
29_30_26_27,
29_30_27_28,
29_30_31_32,
29_30_32_33,
29_30_33_34,
30_31_25_26,
30_31_26_27,
30_31_27_28,
30_31_28_29,
30_31_32_33,
30_31_33_34,
31_32_25_26,
31_32_26_27,
31_32_27_28,
31_32_28_29,
31_32_29_30,
31_32_33_34,
32_33_25_26,
32_33_26_27,
32_33_27_28,
32_33_28_29,
32_33_29_30,
32_33_30_31,
33_34_25_26,
33_34_26_27,
33_34_27_28,
33_34_28_29,
33_34_29_30,
33_34_30_31,
33_34_31_32,
60_61_62_64,
62_64_60_61,
10_11_1_2,
10_11_2_3,
10_11_3_4,
10_11_4_5,
10_11_5_6,
10_11_6_7,
10_11_7_9,
1_2_10_11,
1_2_3_4,
1_2_4_5,
1_2_5_6,
1_2_6_7,
1_2_7_9,
1_2_9_10,
2_3_10_11,
2_3_4_5,
2_3_5_6,
2_3_6_7,
2_3_7_9,
2_3_9_10,
3_4_10_11,
3_4_1_2,
3_4_5_6,
3_4_6_7,
3_4_7_9,
3_4_9_10,
4_5_10_11,
4_5_1_2,
4_5_2_3,
4_5_6_7,
4_5_7_9,
4_5_9_10,
5_6_10_11,
5_6_1_2,
5_6_2_3,
5_6_3_4,
5_6_7_9,
5_6_9_10,
60_61_62_64,
62_64_60_61,
6_7_10_11,
6_7_1_2,
6_7_2_3,
6_7_3_4,
6_7_4_5,
6_7_9_10,
7_9_10_11,
7_9_1_2,
7_9_2_3,
7_9_3_4,
7_9_4_5,
7_9_5_6,
9_10_1_2,
9_10_2_3,
9_10_3_4,
9_10_4_5,
9_10_5_6,
9_10_6_7,
1_4_2_3,
2_3_1_4,
2_5_3_4,
3_4_2_5,
3_6_4_5,
4_5_3_6,
4_7_5_6,
5_6_4_7,
5_9_6_7,
60_61_62_64,
62_64_60_61,
6_10_7_9,
6_7_5_9,
7_11_9_10,
7_9_6_10,
9_10_7_11,
36_37_38_39,
36_37_39_40,
36_37_40_42,
36_37_42_43,
36_37_43_44,
36_37_44_45,
36_37_45_46,
37_38_39_40,
37_38_40_42,
37_38_42_43,
37_38_43_44,
37_38_44_45,
37_38_45_46,
38_39_36_37,
38_39_40_42,
38_39_42_43,
38_39_43_44,
38_39_44_45,
38_39_45_46,
39_40_36_37,
39_40_37_38,
39_40_42_43,
39_40_43_44,
39_40_44_45,
39_40_45_46,
40_42_36_37,
40_42_37_38,
40_42_38_39,
40_42_43_44,
40_42_44_45,
40_42_45_46,
42_43_36_37,
42_43_37_38,
42_43_38_39,
42_43_39_40,
42_43_44_45,
42_43_45_46,
43_44_36_37,
43_44_37_38,
43_44_38_39,
43_44_39_40,
43_44_40_42,
43_44_45_46,
44_45_36_37,
44_45_37_38,
44_45_38_39,
44_45_39_40,
44_45_40_42,
44_45_42_43,
45_46_36_37,
45_46_37_38,
45_46_38_39,
45_46_39_40,
45_46_40_42,
45_46_42_43,
45_46_43_44,
60_61_62_64,
62_64_60_61,
10_11_1_2,
10_11_2_3,
10_11_3_4,
10_11_4_5,
10_11_5_6,
10_11_6_7,
10_11_7_9,
1_2_10_11,
1_2_3_4,
1_2_4_5,
1_2_5_6,
1_2_6_7,
1_2_7_9,
1_2_9_10,
2_3_10_11,
2_3_4_5,
2_3_5_6,
2_3_6_7,
2_3_7_9,
2_3_9_10,
3_4_10_11,
3_4_1_2,
3_4_5_6,
3_4_6_7,
3_4_7_9,
3_4_9_10,
4_5_10_11,
4_5_1_2,
4_5_2_3,
4_5_6_7,
4_5_7_9,
4_5_9_10,
5_6_10_11,
5_6_1_2,
5_6_2_3,
5_6_3_4,
5_6_7_9,
5_6_9_10,
60_61_62_64,
62_64_60_61,
6_7_10_11,
6_7_1_2,
6_7_2_3,
6_7_3_4,
6_7_4_5,
6_7_9_10,
7_9_10_11,
7_9_1_2,
7_9_2_3,
7_9_3_4,
7_9_4_5,
7_9_5_6,
9_10_1_2,
9_10_2_3,
9_10_3_4,
9_10_4_5,
9_10_5_6,
9_10_6_7,
25_26_27_28,
25_26_28_29,
25_26_29_30,
25_26_30_31,
25_26_31_32,
25_26_32_33,
25_26_33_34,
26_27_28_29,
26_27_29_30,
26_27_30_31,
26_27_31_32,
26_27_32_33,
26_27_33_34,
27_28_25_26,
27_28_29_30,
27_28_30_31,
27_28_31_32,
27_28_32_33,
27_28_33_34,
28_29_25_26,
28_29_26_27,
28_29_30_31,
28_29_31_32,
28_29_32_33,
28_29_33_34,
29_30_25_26,
29_30_26_27,
29_30_27_28,
29_30_31_32,
29_30_32_33,
29_30_33_34,
30_31_25_26,
30_31_26_27,
30_31_27_28,
30_31_28_29,
30_31_32_33,
30_31_33_34,
31_32_25_26,
31_32_26_27,
31_32_27_28,
31_32_28_29,
31_32_29_30,
31_32_33_34,
32_33_25_26,
32_33_26_27,
32_33_27_28,
32_33_28_29,
32_33_29_30,
32_33_30_31,
33_34_25_26,
33_34_26_27,
33_34_27_28,
33_34_28_29,
33_34_29_30,
33_34_30_31,
33_34_31_32,
60_61_62_64,
62_64_60_61,
36_37_38_39,
36_37_39_40,
36_37_40_42,
36_37_42_43,
36_37_43_44,
36_37_44_45,
36_37_45_46,
37_38_39_40,
37_38_40_42,
37_38_42_43,
37_38_43_44,
37_38_44_45,
37_38_45_46,
38_39_40_42,
38_39_42_43,
38_39_43_44,
38_39_44_45,
38_39_45_46,
39_40_42_43,
39_40_43_44,
39_40_44_45,
39_40_45_46,
40_42_43_44,
40_42_44_45,
40_42_45_46,
42_43_44_45,
42_43_45_46,
43_44_45_46,
60_61_62_64,
49_52_50_51,
50_51_49_52,
50_53_51_52,
51_52_50_53,
51_54_52_53,
52_53_51_54,
52_56_53_54,
53_54_52_56,
53_57_54_56,
54_56_53_57,
54_58_56_57,
56_57_54_58,
56_59_57_58,
57_58_56_59,
60_61_62_64,
62_64_60_61,
13_16_14_15,
14_17_15_16,
15_18_16_17,
16_19_17_18,
17_20_18_19,
18_21_19_20,
19_22_20_21,
60_61_62_64,
25_28_26_27,
26_27_25_28,
26_29_27_28,
27_28_26_29,
27_30_28_29,
28_29_27_30,
28_31_29_30,
29_30_28_31,
29_32_30_31,
30_31_29_32,
30_33_31_32,
31_32_30_33,
31_34_32_33,
32_33_31_34,
60_61_62_64,
62_64_60_61,
49_52_50_51,
50_51_49_52,
50_53_51_52,
51_52_50_53,
51_54_52_53,
52_53_51_54,
52_56_53_54,
53_54_52_56,
53_57_54_56,
54_56_53_57,
54_58_56_57,
56_57_54_58,
56_59_57_58,
57_58_56_59,
60_61_62_64,
62_64_60_61,
25_28_26_27,
26_27_25_28,
26_29_27_28,
27_28_26_29,
27_30_28_29,
28_29_27_30,
28_31_29_30,
29_30_28_31,
29_32_30_31,
30_31_29_32,
30_33_31_32,
31_32_30_33,
31_34_32_33,
32_33_31_34,
60_61_62_64,
62_64_60_61,
49_52_50_51,
50_51_49_52,
50_53_51_52,
51_52_50_53,
51_54_52_53,
52_53_51_54,
52_56_53_54,
53_54_52_56,
53_57_54_56,
54_56_53_57,
54_58_56_57,
56_57_54_58,
56_59_57_58,
57_58_56_59,
60_61_62_64,
62_64_60_61,
36_39_37_38,
37_38_36_39,
37_40_38_39,
38_39_37_40,
38_42_39_40,
39_40_38_42,
39_43_40_42,
40_42_39_43,
40_44_42_43,
42_43_40_44,
42_45_43_44,
43_44_42_45,
43_46_44_45,
44_45_43_46,
60_61_62_64,
62_64_60_61,
25_26_27_28,
25_26_28_29,
25_26_29_30,
25_26_30_31,
25_26_31_32,
25_26_32_33,
25_26_33_34,
26_27_28_29,
26_27_29_30,
26_27_30_31,
26_27_31_32,
26_27_32_33,
26_27_33_34,
27_28_25_26,
27_28_29_30,
27_28_30_31,
27_28_31_32,
27_28_32_33,
27_28_33_34,
28_29_25_26,
28_29_26_27,
28_29_30_31,
28_29_31_32,
28_29_32_33,
28_29_33_34,
29_30_25_26,
29_30_26_27,
29_30_27_28,
29_30_31_32,
29_30_32_33,
29_30_33_34,
30_31_25_26,
30_31_26_27,
30_31_27_28,
30_31_28_29,
30_31_32_33,
30_31_33_34,
31_32_25_26,
31_32_26_27,
31_32_27_28,
31_32_28_29,
31_32_29_30,
31_32_33_34,
32_33_25_26,
32_33_26_27,
32_33_27_28,
32_33_28_29,
32_33_29_30,
32_33_30_31,
33_34_25_26,
33_34_26_27,
33_34_27_28,
33_34_28_29,
33_34_29_30,
33_34_30_31,
33_34_31_32,
60_61_62_64,
62_64_60_61,
49_50_51_52,
49_50_52_53,
49_50_53_54,
49_50_54_56,
49_50_56_57,
49_50_57_58,
49_50_58_59,
50_51_52_53,
50_51_53_54,
50_51_54_56,
50_51_56_57,
50_51_57_58,
50_51_58_59,
51_52_49_50,
51_52_53_54,
51_52_54_56,
51_52_56_57,
51_52_57_58,
51_52_58_59,
52_53_49_50,
52_53_50_51,
52_53_54_56,
52_53_56_57,
52_53_57_58,
52_53_58_59,
53_54_49_50,
53_54_50_51,
53_54_51_52,
53_54_56_57,
53_54_57_58,
53_54_58_59,
54_56_49_50,
54_56_50_51,
54_56_51_52,
54_56_52_53,
54_56_57_58,
54_56_58_59,
56_57_49_50,
56_57_50_51,
56_57_51_52,
56_57_52_53,
56_57_53_54,
56_57_58_59,
57_58_49_50,
57_58_50_51,
57_58_51_52,
57_58_52_53,
57_58_53_54,
57_58_54_56,
58_59_49_50,
58_59_50_51,
58_59_51_52,
58_59_52_53,
58_59_53_54,
58_59_54_56,
58_59_56_57,
60_61_62_64,
62_64_60_61,
25_26_27_28,
25_26_28_29,
25_26_29_30,
25_26_30_31,
25_26_31_32,
25_26_32_33,
25_26_33_34,
26_27_28_29,
26_27_29_30,
26_27_30_31,
26_27_31_32,
26_27_32_33,
26_27_33_34,
27_28_25_26,
27_28_29_30,
27_28_30_31,
27_28_31_32,
27_28_32_33,
27_28_33_34,
28_29_25_26,
28_29_26_27,
28_29_30_31,
28_29_31_32,
28_29_32_33,
28_29_33_34,
29_30_25_26,
29_30_26_27,
29_30_27_28,
29_30_31_32,
29_30_32_33,
29_30_33_34,
30_31_25_26,
30_31_26_27,
30_31_27_28,
30_31_28_29,
30_31_32_33,
30_31_33_34,
31_32_25_26,
31_32_26_27,
31_32_27_28,
31_32_28_29,
31_32_29_30,
31_32_33_34,
32_33_25_26,
32_33_26_27,
32_33_27_28,
32_33_28_29,
32_33_29_30,
32_33_30_31,
33_34_25_26,
33_34_26_27,
33_34_27_28,
33_34_28_29,
33_34_29_30,
33_34_30_31,
33_34_31_32,
60_61_62_64,
62_64_60_61,
25_28_26_27,
26_29_27_28,
27_30_28_29,
28_31_29_30,
29_32_30_31,
30_33_31_32,
31_34_32_33,
60_61_62_64,
13_16_14_15,
14_15_13_16,
14_17_15_16,
15_16_14_17,
15_18_16_17,
16_17_15_18,
16_19_17_18,
17_18_16_19,
17_20_18_19,
18_19_17_20,
18_21_19_20,
19_20_18_21,
19_22_20_21,
20_21_19_22,
60_61_62_64,
62_64_60_61,
25_28_26_27,
26_27_25_28,
26_29_27_28,
27_28_26_29,
27_30_28_29,
28_29_27_30,
28_31_29_30,
29_30_28_31,
29_32_30_31,
30_31_29_32,
30_33_31_32,
31_32_30_33,
31_34_32_33,
32_33_31_34,
60_61_62_64,
62_64_60_61,
10_11_1_2,
10_11_2_3,
10_11_3_4,
10_11_4_5,
10_11_5_6,
10_11_6_7,
10_11_7_9,
1_2_10_11,
1_2_3_4,
1_2_4_5,
1_2_5_6,
1_2_6_7,
1_2_7_9,
1_2_9_10,
2_3_10_11,
2_3_4_5,
2_3_5_6,
2_3_6_7,
2_3_7_9,
2_3_9_10,
3_4_10_11,
3_4_1_2,
3_4_5_6,
3_4_6_7,
3_4_7_9,
3_4_9_10,
4_5_10_11,
4_5_1_2,
4_5_2_3,
4_5_6_7,
4_5_7_9,
4_5_9_10,
5_6_10_11,
5_6_1_2,
5_6_2_3,
5_6_3_4,
5_6_7_9,
5_6_9_10,
60_61_62_64,
62_64_60_61,
6_7_10_11,
6_7_1_2,
6_7_2_3,
6_7_3_4,
6_7_4_5,
6_7_9_10,
7_9_10_11,
7_9_1_2,
7_9_2_3,
7_9_3_4,
7_9_4_5,
7_9_5_6,
9_10_1_2,
9_10_2_3,
9_10_3_4,
9_10_4_5,
9_10_5_6,
9_10_6_7,
49_50_51_52,
49_50_52_53,
49_50_53_54,
49_50_54_56,
49_50_56_57,
49_50_57_58,
49_50_58_59,
50_51_52_53,
50_51_53_54,
50_51_54_56,
50_51_56_57,
50_51_57_58,
50_51_58_59,
51_52_49_50,
51_52_53_54,
51_52_54_56,
51_52_56_57,
51_52_57_58,
51_52_58_59,
52_53_49_50,
52_53_50_51,
52_53_54_56,
52_53_56_57,
52_53_57_58,
52_53_58_59,
53_54_49_50,
53_54_50_51,
53_54_51_52,
53_54_56_57,
53_54_57_58,
53_54_58_59,
54_56_49_50,
54_56_50_51,
54_56_51_52,
54_56_52_53,
54_56_57_58,
54_56_58_59,
56_57_49_50,
56_57_50_51,
56_57_51_52,
56_57_52_53,
56_57_53_54,
56_57_58_59,
57_58_49_50,
57_58_50_51,
57_58_51_52,
57_58_52_53,
57_58_53_54,
57_58_54_56,
58_59_49_50,
58_59_50_51,
58_59_51_52,
58_59_52_53,
58_59_53_54,
58_59_54_56,
58_59_56_57,
60_61_62_64,
62_64_60_61,
1_4_2_3,
2_3_1_4,
2_5_3_4,
3_4_2_5,
3_6_4_5,
4_5_3_6,
4_7_5_6,
5_6_4_7,
5_9_6_7,
60_61_62_64,
62_64_60_61,
6_10_7_9,
6_7_5_9,
7_11_9_10,
7_9_6_10,
9_10_7_11,
25_28_26_27,
26_27_25_28,
26_29_27_28,
27_28_26_29,
27_30_28_29,
28_29_27_30,
28_31_29_30,
29_30_28_31,
29_32_30_31,
30_31_29_32,
30_33_31_32,
31_32_30_33,
31_34_32_33,
32_33_31_34,
60_61_62_64,
62_64_60_61,
1_4_2_3,
2_3_1_4,
2_5_3_4,
3_4_2_5,
3_6_4_5,
4_5_3_6,
4_7_5_6,
5_6_4_7,
5_9_6_7,
60_61_62_64,
62_64_60_61,
6_10_7_9,
6_7_5_9,
7_11_9_10,
7_9_6_10,
9_10_7_11,
1_4_2_3,
2_3_1_4,
2_5_3_4,
3_4_2_5,
3_6_4_5,
4_5_3_6,
4_7_5_6,
5_6_4_7,
5_9_6_7,
60_61_62_64,
62_64_60_61,
6_10_7_9,
6_7_5_9,
7_11_9_10,
7_9_6_10,
9_10_7_11,
13_14_15_16,
13_14_16_17,
13_14_17_18,
13_14_18_19,
13_14_19_20,
13_14_20_21,
13_14_21_22,
14_15_16_17,
14_15_17_18,
14_15_18_19,
14_15_19_20,
14_15_20_21,
14_15_21_22,
15_16_13_14,
15_16_17_18,
15_16_18_19,
15_16_19_20,
15_16_20_21,
15_16_21_22,
16_17_13_14,
16_17_14_15,
16_17_18_19,
16_17_19_20,
16_17_20_21,
16_17_21_22,
17_18_13_14,
17_18_14_15,
17_18_15_16,
17_18_19_20,
17_18_20_21,
17_18_21_22,
18_19_13_14,
18_19_14_15,
18_19_15_16,
18_19_16_17,
18_19_20_21,
18_19_21_22,
19_20_13_14,
19_20_14_15,
19_20_15_16,
19_20_16_17,
19_20_17_18,
19_20_21_22,
20_21_13_14,
20_21_14_15,
20_21_15_16,
20_21_16_17,
20_21_17_18,
20_21_18_19,
21_22_13_14,
21_22_14_15,
21_22_15_16,
21_22_16_17,
21_22_17_18,
21_22_18_19,
21_22_19_20,
60_61_62_64,
62_64_60_61,
