event,event_start,sensor_id,treatment,location,tag,depth_cm,baseline_vwc,peak_vwc,delta_vwc,t_to_peak_h,mean_dvdt_per_h,peak_time,responded
0,1.7175024e+18,SMS01,swale,SwB,slope,10,0.28409963500000013,0.2958724,0.011772764999999852,6.5,0.0018111946153845926,1.7175258e+18,true
1,1.7177103e+18,SMS01,swale,SwB,slope,10,0.28737738999999995,0.29214856,0.004771170000000047,20.916666666666668,0.00022810374501992255,1.7177856e+18,false
2,1.7190819e+18,SMS01,swale,SwB,slope,10,0.309429505,0.3148795,0.005449994999999985,23.0,0.00023695630434782545,1.7191647e+18,true
3,1.7191647e+18,SMS01,swale,SwB,slope,10,0.313735195,0.32058163,0.006846434999999984,24.0,0.0002852681249999993,1.7192511e+18,true
4,1.7202123e+18,SMS01,swale,SwB,slope,10,0.34680367,0.4037473899999999,0.056943719999999864,21.833333333333332,0.002608109312977093,1.7202909e+18,true
5,1.7228331e+18,SMS01,swale,SwB,slope,10,0.38330506000000003,0.3852833499999999,0.0019782899999998826,13.75,0.00014387563636362782,1.7228826e+18,false
6,1.7229834e+18,SMS01,swale,SwB,slope,10,0.38848352500000005,0.40925557,0.02077204499999996,19.833333333333332,0.001047329999999998,1.7230548e+18,true
7,1.723077e+18,SMS01,swale,SwB,slope,10,0.405745075,0.4363697799999999,0.030624704999999863,21.5,0.001424404883720924,1.7231544e+18,true
8,1.7231418e+18,SMS01,swale,SwB,slope,10,0.4244224599999999,0.4419167500000001,0.01749429000000019,22.75,0.0007689797802197886,1.7232237e+18,true
9,1.7232363e+18,SMS01,swale,SwB,slope,10,0.43968632500000004,0.4921110100000001,0.05242468500000008,1.9166666666666667,0.027352009565217432,1.7232432e+18,true
10,1.7233407e+18,SMS01,swale,SwB,slope,10,0.46224271000000006,0.4731426999999999,0.01089998999999986,1.5833333333333333,0.006884204210526227,1.7233464e+18,true
11,1.7253117e+18,SMS01,swale,SwB,slope,10,0.4347405999999999,0.4399772500000001,0.005236650000000176,20.166666666666668,0.000259668595041331,1.7253843e+18,true
12,1.7255781e+18,SMS01,swale,SwB,slope,10,0.43638917499999996,0.44951959,0.013130415000000062,18.166666666666668,0.0007227751376146823,1.7256435e+18,true
13,1.7279928e+18,SMS01,swale,SwB,slope,10,0.425431,0.42601285,0.0005818499999999949,19.333333333333332,0.000030095689655172152,1.7280624e+18,false
14,1.728558e+18,SMS01,swale,SwB,slope,10,0.41879791,0.4294651600000001,0.010667250000000128,7.166666666666667,0.0014884534883721108,1.7285838e+18,true
15,1.7286273e+18,SMS01,swale,SwB,slope,10,0.4240345599999999,0.4382704900000001,0.01423593000000023,10.916666666666666,0.0013040546564885708,1.7286666e+18,true
16,1.7287227e+18,SMS01,swale,SwB,slope,10,0.42799114,0.4390075,0.011016360000000003,21.583333333333332,0.0005104105019305021,1.7288004e+18,true
17,1.7287812e+18,SMS01,swale,SwB,slope,10,0.4351866849999999,0.44692066,0.011733975000000119,15.0,0.0007822650000000079,1.7288352e+18,true
18,1.728882e+18,SMS01,swale,SwB,slope,10,0.437320135,0.46356157,0.02624143499999998,16.75,0.0015666528358208942,1.7289423e+18,true
19,1.728927e+18,SMS01,swale,SwB,slope,10,0.4528555299999999,0.4644537399999999,0.011598209999999998,23.916666666666668,0.00048494257839721243,1.7290131e+18,true
20,1.7289927e+18,SMS01,swale,SwB,slope,10,0.4534761700000001,0.4645313200000001,0.011055149999999958,6.0,0.001842524999999993,1.7290143e+18,true
21,1.7293176e+18,SMS01,swale,SwB,slope,10,0.439453585,0.45460108,0.01514749500000001,11.083333333333334,0.0013666912781954896,1.7293575e+18,true
22,1.7303526e+18,SMS01,swale,SwB,slope,10,0.427700215,0.43916266,0.011462444999999988,0.5,0.022924889999999976,1.7303544e+18,true
23,1.7304471e+18,SMS01,swale,SwB,slope,10,0.427777795,0.44226586,0.014488064999999994,8.833333333333334,0.0016401583018867917,1.7304789e+18,true
24,1.7305146e+18,SMS01,swale,SwB,slope,10,0.435031525,0.44370109,0.008669565000000046,14.333333333333334,0.0006048533720930265,1.7305662e+18,true
25,1.7305929e+18,SMS01,swale,SwB,slope,10,0.43761105999999994,0.4426149700000002,0.005003910000000278,16.75,0.00029874089552240463,1.7306532e+18,true
26,1.7314542e+18,SMS01,swale,SwB,slope,10,0.42616801,0.46813879,0.04197078000000004,13.166666666666666,0.0031876541772151933,1.7315016e+18,true
27,1.7315361e+18,SMS01,swale,SwB,slope,10,0.457335775,0.4623590799999999,0.005023304999999922,4.083333333333333,0.0012301971428571238,1.7315508e+18,true
28,1.7315775e+18,SMS01,swale,SwB,slope,10,0.456482395,0.4692637,0.01278130500000002,18.5,0.0006908813513513525,1.7316441e+18,true
29,1.7316243e+18,SMS01,swale,SwB,slope,10,0.45593933499999995,0.4692637,0.01332436500000006,5.5,0.002422611818181829,1.7316441e+18,true
30,1.7316954e+18,SMS01,swale,SwB,slope,10,0.46171904499999994,0.46251424,0.0007951950000000818,0.9166666666666666,0.0008674854545455439,1.7316987e+18,false
31,1.7318088e+18,SMS01,swale,SwB,slope,10,0.45749093499999993,0.4615057,0.004014765000000087,4.083333333333333,0.000983207755102062,1.7318235e+18,false
32,1.7326116e+18,SMS01,swale,SwB,slope,10,0.42793295500000006,0.4750434100000001,0.04711045500000005,21.0,0.0022433550000000024,1.7326872e+18,true
33,1.7329545e+18,SMS01,swale,SwB,slope,10,0.4420719100000001,0.4668587200000001,0.024786809999999992,23.25,0.0010660993548387095,1.7330382e+18,true
34,1.7339076e+18,SMS01,swale,SwB,slope,10,0.42768082,0.4682163700000002,0.0405355500000002,22.25,0.0018218224719101213,1.7339877e+18,true
35,1.7339751e+18,SMS01,swale,SwB,slope,10,0.455124745,0.4716686799999998,0.016543934999999788,15.833333333333334,0.0010448801052631445,1.7340321e+18,true
36,1.7340084e+18,SMS01,swale,SwB,slope,10,0.4589843499999999,0.4716686799999998,0.01268432999999991,6.583333333333333,0.0019267336708860623,1.7340321e+18,true
37,1.7340723e+18,SMS01,swale,SwB,slope,10,0.4571224299999999,0.4620487600000001,0.004926330000000201,8.75,0.0005630091428571658,1.7341038e+18,false
38,1.7340993e+18,SMS01,swale,SwB,slope,10,0.456947875,0.4620487600000001,0.0051008850000001105,1.25,0.004080708000000088,1.7341038e+18,true
39,1.7352846e+18,SMS01,swale,SwB,slope,10,0.4222890100000001,0.4323356200000001,0.010046610000000011,9.166666666666666,0.0010959938181818196,1.7353176e+18,true
40,1.7355024e+18,SMS01,swale,SwB,slope,10,0.42781658499999997,0.44525269,0.017436105000000035,20.25,0.0008610422222222239,1.7355753e+18,true
41,1.7417259e+18,SMS01,swale,SwB,slope,10,0.3585,0.365,0.006500000000000006,19.25,0.00033766233766233794,1.7417952e+18,true
42,1.7474355e+18,SMS01,swale,SwB,slope,10,0.333,0.332,-0.0010000000000000009,0.0,NaN,1.7474355e+18,false
43,1.7474958e+18,SMS01,swale,SwB,slope,10,0.323,0.325,0.0020000000000000018,0.16666666666666666,0.01200000000000001,1.7474964e+18,false
44,1.7475318e+18,SMS01,swale,SwB,slope,10,0.317,0.326,0.009000000000000008,15.166666666666666,0.0005934065934065939,1.7475864e+18,true
45,1.7496783e+18,SMS01,swale,SwB,slope,10,0.352,0.36,0.008000000000000007,19.416666666666668,0.0004120171673819746,1.7497482e+18,true
46,1.7506251e+18,SMS01,swale,SwB,slope,10,0.396,0.395,-0.0010000000000000009,0.0,NaN,1.7506251e+18,false
47,1.7531298e+18,SMS01,swale,SwB,slope,10,0.337,0.337,0.0,19.416666666666668,0.0,1.7531997e+18,false
48,1.7540874e+18,SMS01,swale,SwB,slope,10,0.347,0.354,0.007000000000000006,18.916666666666668,0.00037004405286343643,1.7541555e+18,true
49,1.7542404e+18,SMS01,swale,SwB,slope,10,0.357,0.382,0.025000000000000022,24.0,0.0010416666666666675,1.7543268e+18,true
50,1.7543367e+18,SMS01,swale,SwB,slope,10,0.382,0.436,0.05399999999999999,20.25,0.002666666666666666,1.7544096e+18,true
51,1.7554563e+18,SMS01,swale,SwB,slope,10,0.414,0.414,0.0,0.0,NaN,1.7554563e+18,false
52,1.7566785e+18,SMS01,swale,SwB,slope,10,0.409,0.408,-0.0010000000000000009,0.0,NaN,1.7566785e+18,false
53,1.7572914e+18,SMS01,swale,SwB,slope,10,0.417,0.423,0.006000000000000005,16.75,0.0003582089552238809,1.7573517e+18,true
54,1.7576217e+18,SMS01,swale,SwB,slope,10,0.427,0.426,-0.0010000000000000009,0.0,NaN,1.7576217e+18,false
55,1.7577351e+18,SMS01,swale,SwB,slope,10,0.418,0.434,0.016000000000000014,13.0,0.001230769230769232,1.7577819e+18,true
56,1.7582472e+18,SMS01,swale,SwB,slope,10,0.423,0.426,0.0030000000000000027,12.583333333333334,0.00023841059602649028,1.7582925e+18,false
57,1.7585001e+18,SMS01,swale,SwB,slope,10,0.42,0.445,0.025000000000000022,5.833333333333333,0.004285714285714289,1.7585211e+18,true
58,1.7585838e+18,SMS01,swale,SwB,slope,10,0.437,0.44,0.0030000000000000027,15.333333333333334,0.00019565217391304365,1.758639e+18,false
59,1.7588304e+18,SMS01,swale,SwB,slope,10,0.433,0.443,0.010000000000000009,18.833333333333332,0.0005309734513274341,1.7588982e+18,true
60,1.7590014e+18,SMS01,swale,SwB,slope,10,0.441,0.44,-0.0010000000000000009,0.0,NaN,1.7590014e+18,false
61,1.7593677e+18,SMS01,swale,SwB,slope,10,0.423,0.434,0.01100000000000001,13.833333333333334,0.000795180722891567,1.7594175e+18,true
62,1.7595441e+18,SMS01,swale,SwB,slope,10,0.422,0.442,0.020000000000000018,4.416666666666667,0.0045283018867924565,1.75956e+18,true
63,1.7599257e+18,SMS01,swale,SwB,slope,10,0.424,0.43,0.006000000000000005,4.333333333333333,0.001384615384615386,1.7599413e+18,true
64,1.7603586e+18,SMS01,swale,SwB,slope,10,0.4175,0.435,0.017500000000000016,22.916666666666668,0.0007636363636363642,1.7604411e+18,true
65,1.7603955e+18,SMS01,swale,SwB,slope,10,0.423,0.439,0.016000000000000014,17.083333333333332,0.0009365853658536594,1.760457e+18,true
66,1.7605098e+18,SMS01,swale,SwB,slope,10,0.43,0.436,0.006000000000000005,6.416666666666667,0.0009350649350649358,1.7605329e+18,true
67,1.760571e+18,SMS01,swale,SwB,slope,10,0.432,0.441,0.009000000000000008,15.5,0.0005806451612903231,1.7606268e+18,true
68,1.7606115e+18,SMS01,swale,SwB,slope,10,0.433,0.441,0.008000000000000007,4.25,0.0018823529411764722,1.7606268e+18,true
69,1.7606736e+18,SMS01,swale,SwB,slope,10,0.433,0.446,0.013000000000000012,23.583333333333332,0.0005512367491166082,1.7607585e+18,true
70,1.7607393e+18,SMS01,swale,SwB,slope,10,0.441,0.453,0.01200000000000001,18.166666666666668,0.0006605504587155968,1.7608047e+18,true
71,1.760841e+18,SMS01,swale,SwB,slope,10,0.446,0.453,0.007000000000000006,12.333333333333334,0.0005675675675675681,1.7608854e+18,true
72,1.7609427e+18,SMS01,swale,SwB,slope,10,0.442,0.444,0.0020000000000000018,5.666666666666667,0.00035294117647058853,1.7609631e+18,false
73,1.7610255e+18,SMS01,swale,SwB,slope,10,0.438,0.468,0.030000000000000027,18.583333333333332,0.001614349775784755,1.7610924e+18,true
74,1.7623863e+18,SMS01,swale,SwB,slope,10,0.418,0.434,0.016000000000000014,14.25,0.0011228070175438607,1.7624376e+18,true
75,1.7625267e+18,SMS01,swale,SwB,slope,10,0.429,0.438,0.009000000000000008,2.5833333333333335,0.0034838709677419383,1.762536e+18,true
76,1.7632917e+18,SMS01,swale,SwB,slope,10,0.416,0.458,0.04200000000000004,18.833333333333332,0.0022300884955752235,1.7633595e+18,true
77,1.7633358e+18,SMS01,swale,SwB,slope,10,0.429,0.458,0.029000000000000026,6.583333333333333,0.0044050632911392445,1.7633595e+18,true
78,1.7633988e+18,SMS01,swale,SwB,slope,10,0.449,0.471,0.021999999999999964,14.833333333333334,0.0014831460674157278,1.7634522e+18,true
79,1.7634321e+18,SMS01,swale,SwB,slope,10,0.45,0.471,0.020999999999999963,5.583333333333333,0.0037611940298507398,1.7634522e+18,true
80,1.7637624e+18,SMS01,swale,SwB,slope,10,0.441,0.449,0.008000000000000007,16.0,0.0005000000000000004,1.76382e+18,true
81,1.7638281e+18,SMS01,swale,SwB,slope,10,0.449,0.455,0.006000000000000005,16.0,0.00037500000000000033,1.7638857e+18,true
82,1.7638641e+18,SMS01,swale,SwB,slope,10,0.444,0.455,0.01100000000000001,6.0,0.001833333333333335,1.7638857e+18,true
83,1.7639235e+18,SMS01,swale,SwB,slope,10,0.454,0.455,0.0010000000000000009,1.1666666666666667,0.0008571428571428579,1.7639277e+18,false
84,1.7639622e+18,SMS01,swale,SwB,slope,10,0.45,0.455,0.0050000000000000044,5.666666666666667,0.0008823529411764714,1.7639826e+18,true
85,1.764387e+18,SMS01,swale,SwB,slope,10,0.425,0.463,0.038000000000000034,21.25,0.0017882352941176486,1.7644635e+18,true
86,1.7644239e+18,SMS01,swale,SwB,slope,10,0.438,0.463,0.025000000000000022,11.0,0.002272727272727275,1.7644635e+18,true
87,1.7646543e+18,SMS01,swale,SwB,slope,10,0.44,0.45,0.010000000000000009,19.5,0.0005128205128205133,1.7647245e+18,true
88,1.7647029e+18,SMS01,swale,SwB,slope,10,0.442,0.45,0.008000000000000007,6.0,0.0013333333333333346,1.7647245e+18,true
89,1.7647875e+18,SMS01,swale,SwB,slope,10,0.449,0.459,0.010000000000000009,2.5833333333333335,0.003870967741935487,1.7647968e+18,true
90,1.7648802e+18,SMS01,swale,SwB,slope,10,0.448,0.449,0.0010000000000000009,17.083333333333332,0.00005853658536585371,1.7649417e+18,false
91,1.7649243e+18,SMS01,swale,SwB,slope,10,0.444,0.449,0.0050000000000000044,4.833333333333333,0.0010344827586206906,1.7649417e+18,true
92,1.7659152e+18,SMS01,swale,SwB,slope,10,0.412,0.423,0.01100000000000001,20.75,0.0005301204819277113,1.7659899e+18,true
93,1.769319e+18,SMS01,swale,SwB,slope,10,0.379,0.461,0.08200000000000002,14.333333333333334,0.00572093023255814,1.7693706e+18,true
0,1.7175024e+18,SMS04,swale,SwD,mount,10,0.2715122799999999,0.2725596100000001,0.001047330000000235,18.833333333333332,0.00005561044247788859,1.7175702e+18,false
1,1.7177103e+18,SMS04,swale,SwD,mount,10,0.2719001799999999,0.2728699299999999,0.000969750000000047,6.25,0.0001551600000000075,1.7177328e+18,false
2,1.7190819e+18,SMS04,swale,SwD,mount,10,0.2767489299999999,0.44730856,0.17055963000000013,24.0,0.007106651250000005,1.7191683e+18,true
3,1.7191647e+18,SMS04,swale,SwD,mount,10,0.422618725,0.4654234900000001,0.04280476500000013,3.4166666666666665,0.012528223902439064,1.719177e+18,true
4,1.7202123e+18,SMS04,swale,SwD,mount,10,0.3966100299999999,0.4587904,0.062180370000000096,11.416666666666666,0.005446455766423366,1.7202534e+18,true
5,1.7228331e+18,SMS04,swale,SwD,mount,10,0.4144146399999999,0.4144146399999999,0.0,0.0,NaN,1.7228331e+18,false
6,1.7229834e+18,SMS04,swale,SwD,mount,10,0.4134061,0.42616801,0.012761909999999987,23.833333333333332,0.0005354647552447548,1.7230692e+18,true
7,1.723077e+18,SMS04,swale,SwD,mount,10,0.4262067999999999,0.4720953700000001,0.04588857000000024,1.5833333333333333,0.028982254736842256,1.7230827e+18,true
8,1.7231418e+18,SMS04,swale,SwD,mount,10,0.45496958499999995,0.4676733100000001,0.012703725000000166,19.416666666666668,0.0006542690987124548,1.7232117e+18,true
9,1.7232363e+18,SMS04,swale,SwD,mount,10,0.46185481000000006,0.46930249,0.0074476799999999566,1.8333333333333333,0.004062370909090886,1.7232429e+18,true
10,1.7233407e+18,SMS04,swale,SwD,mount,10,0.46511317,0.46992313,0.004809960000000002,5.416666666666667,0.0008879926153846158,1.7233602e+18,false
11,1.7253117e+18,SMS04,swale,SwD,mount,10,0.3088282600000001,0.3094876899999999,0.0006594299999998499,4.25,0.00015515999999996468,1.725327e+18,false
12,1.7255781e+18,SMS04,swale,SwD,mount,10,0.3094489,0.4600316799999999,0.15058277999999986,21.666666666666668,0.006949974461538454,1.7256561e+18,true
13,1.7279928e+18,SMS04,swale,SwD,mount,10,0.44372048499999994,0.47290996,0.029189475000000076,7.583333333333333,0.0038491615384615486,1.7280201e+18,true
14,1.728558e+18,SMS04,swale,SwD,mount,10,0.4410245799999999,0.4495971700000001,0.008572590000000213,22.333333333333332,0.00038384731343284536,1.7286384e+18,true
15,1.7286273e+18,SMS04,swale,SwD,mount,10,0.448685605,0.4495971700000001,0.0009115650000001141,3.0833333333333335,0.0002956427027027397,1.7286384e+18,false
16,1.7287227e+18,SMS04,swale,SwD,mount,10,0.4488213700000001,0.4504117599999999,0.001590389999999775,23.583333333333332,0.00006743703180211061,1.7288076e+18,false
17,1.7287812e+18,SMS04,swale,SwD,mount,10,0.44967475,0.4505281299999999,0.0008533799999999037,8.333333333333334,0.00010240559999998843,1.7288112e+18,false
18,1.728882e+18,SMS04,swale,SwD,mount,10,0.45006265,0.46957402,0.019511369999999972,17.833333333333332,0.00109409551401869,1.7289462e+18,true
19,1.728927e+18,SMS04,swale,SwD,mount,10,0.45398044,0.46957402,0.015593579999999996,5.333333333333333,0.002923796249999999,1.7289462e+18,true
20,1.7289927e+18,SMS04,swale,SwD,mount,10,0.460904455,0.4693800700000001,0.008475615000000103,9.083333333333334,0.0009330952293578094,1.7290254e+18,true
21,1.7293176e+18,SMS04,swale,SwD,mount,10,0.4453302700000001,0.4672466200000001,0.02191635000000003,1.4166666666666667,0.015470364705882372,1.7293227e+18,true
22,1.7303526e+18,SMS04,swale,SwD,mount,10,0.4330726299999998,0.4331114200000001,0.000038790000000288316,0.08333333333333333,0.0004654800000034598,1.7303529e+18,false
23,1.7304471e+18,SMS04,swale,SwD,mount,10,0.4312495000000001,0.4334605299999998,0.0022110299999996696,24.0,0.00009212624999998624,1.7305335e+18,false
24,1.7305146e+18,SMS04,swale,SwD,mount,10,0.43249078,0.43574914,0.00325835999999996,23.25,0.00014014451612903055,1.7305983e+18,false
25,1.7305929e+18,SMS04,swale,SwD,mount,10,0.4351672899999999,0.4373783200000001,0.0022110300000002248,23.666666666666668,0.0000934238028169109,1.7306781e+18,false
26,1.7314542e+18,SMS04,swale,SwD,mount,10,0.42783598,0.4653847,0.03754871999999998,6.083333333333333,0.00617239232876712,1.7314761e+18,true
27,1.7315361e+18,SMS04,swale,SwD,mount,10,0.4607686899999999,0.4634064099999999,0.0026377199999999545,22.416666666666668,0.00011766780669144778,1.7316168e+18,false
28,1.7315775e+18,SMS04,swale,SwD,mount,10,0.4618160200000001,0.4648416399999999,0.0030256199999997846,17.083333333333332,0.00017710946341462154,1.731639e+18,false
29,1.7316243e+18,SMS04,swale,SwD,mount,10,0.4631348799999999,0.4669363,0.003801420000000111,24.0,0.00015839250000000463,1.7317107e+18,false
30,1.7316954e+18,SMS04,swale,SwD,mount,10,0.46553986,0.46759573,0.0020558699999999597,5.833333333333333,0.00035243485714285023,1.7317164e+18,false
31,1.7318088e+18,SMS04,swale,SwD,mount,10,0.46237847499999996,0.4702334500000001,0.007854975000000153,6.916666666666667,0.0011356590361446004,1.7318337e+18,true
32,1.7326116e+18,SMS04,swale,SwD,mount,10,0.43772743,0.4589455600000001,0.021218130000000113,21.916666666666668,0.0009681276045627427,1.7326905e+18,true
33,1.7329545e+18,SMS04,swale,SwD,mount,10,0.44932563999999997,0.4617772299999998,0.012451589999999846,6.083333333333333,0.002046836712328742,1.7329764e+18,true
34,1.7339076e+18,SMS04,swale,SwD,mount,10,0.43547761,0.4576267000000001,0.022149090000000093,24.0,0.0009228787500000039,1.733994e+18,true
35,1.7339751e+18,SMS04,swale,SwD,mount,10,0.4341199600000001,0.45836371,0.024243749999999897,16.5,0.0014693181818181756,1.7340345e+18,true
36,1.7340084e+18,SMS04,swale,SwD,mount,10,0.45747154,0.4602644200000001,0.0027928800000001086,22.583333333333332,0.00012366996309963582,1.7340897e+18,false
37,1.7340723e+18,SMS04,swale,SwD,mount,10,0.45859644999999993,0.4627081899999999,0.004111739999999975,22.75,0.00018073582417582306,1.7341542e+18,false
38,1.7340993e+18,SMS04,swale,SwD,mount,10,0.45997349499999995,0.4627081899999999,0.0027346949999999537,15.25,0.00017932426229507893,1.7341542e+18,false
39,1.7352846e+18,SMS04,swale,SwD,mount,10,0.4233363399999999,0.4233363399999999,0.0,0.0,NaN,1.7352846e+18,false
40,1.7355024e+18,SMS04,swale,SwD,mount,10,0.4159662399999999,0.41666446,0.0006982200000001382,9.833333333333334,0.00007100542372882761,1.7355378e+18,false
41,1.7417259e+18,SMS04,swale,SwD,mount,10,0.3211440849999999,0.32151259,0.00036850500000007447,5.583333333333333,0.0000660008955224014,1.741746e+18,false
42,1.7474355e+18,SMS04,swale,SwD,mount,10,0.3175560100000001,0.46472527,0.1471692599999999,20.0,0.007358462999999996,1.7475075e+18,true
43,1.7474958e+18,SMS04,swale,SwD,mount,10,0.3169353700000002,0.46472527,0.1477898999999998,3.25,0.045473815384615326,1.7475075e+18,true
44,1.7475318e+18,SMS04,swale,SwD,mount,10,0.4613117499999999,0.4645701099999999,0.0032583600000000157,18.0,0.00018102000000000087,1.7475966e+18,false
45,1.7496783e+18,SMS04,swale,SwD,mount,10,0.3655392399999999,0.4601092600000001,0.0945700200000002,21.083333333333332,0.004485534545454555,1.7497542e+18,true
46,1.7506251e+18,SMS04,swale,SwD,mount,10,0.4029715899999999,0.4038637600000001,0.0008921700000002475,7.333333333333333,0.0001216595454545792,1.7506515e+18,false
47,1.7531298e+18,SMS04,swale,SwD,mount,10,0.3093325299999998,0.3097592200000001,0.0004266900000003404,8.5,0.000050198823529451816,1.7531604e+18,false
48,1.7540874e+18,SMS04,swale,SwD,mount,10,0.30448378,0.3104186499999999,0.0059348699999999255,24.0,0.0002472862499999969,1.7541738e+18,true
49,1.7542404e+18,SMS04,swale,SwD,mount,10,0.327699595,0.4603807899999999,0.13268119499999986,16.833333333333332,0.007882051188118805,1.754301e+18,true
50,1.7543367e+18,SMS04,swale,SwD,mount,10,0.45630784,0.46360036,0.007292519999999969,4.416666666666667,0.0016511366037735779,1.7543526e+18,true
51,1.7554563e+18,SMS04,swale,SwD,mount,10,0.40576447,0.40622995,0.0004654800000000181,8.166666666666666,0.00005699755102041038,1.7554857e+18,false
52,1.7566785e+18,SMS04,swale,SwD,mount,10,0.33487574499999995,0.460342,0.12546625500000003,9.083333333333334,0.013812798715596332,1.7567112e+18,true
53,1.7572914e+18,SMS04,swale,SwD,mount,10,0.4185263799999999,0.4623202899999999,0.04379390999999999,20.333333333333332,0.0021537988524590163,1.7573646e+18,true
54,1.7576217e+18,SMS04,swale,SwD,mount,10,0.4378825899999998,0.43811533,0.0002327400000002311,2.5833333333333335,0.00009009290322589591,1.757631e+18,false
55,1.7577351e+18,SMS04,swale,SwD,mount,10,0.4326071499999999,0.4604971600000001,0.027890010000000243,7.0,0.003984287142857178,1.7577603e+18,true
56,1.7582472e+18,SMS04,swale,SwD,mount,10,0.43055128,0.43066765,0.00011637000000003228,0.3333333333333333,0.00034911000000009684,1.7582484e+18,false
57,1.7585001e+18,SMS04,swale,SwD,mount,10,0.4178087650000001,0.4360982499999999,0.018289484999999828,23.0,0.0007951949999999925,1.7585829e+18,true
58,1.7585838e+18,SMS04,swale,SwD,mount,10,0.4357879299999998,0.44540785,0.00961992000000017,23.333333333333332,0.000412282285714293,1.7586678e+18,true
59,1.7588304e+18,SMS04,swale,SwD,mount,10,0.432704125,0.4648416399999999,0.032137514999999894,2.6666666666666665,0.01205156812499996,1.75884e+18,true
60,1.7590014e+18,SMS04,swale,SwD,mount,10,0.44928685,0.46007047,0.010783619999999994,12.75,0.0008457741176470583,1.7590473e+18,true
61,1.7593677e+18,SMS04,swale,SwD,mount,10,0.43508971,0.43508971,0.0,0.4166666666666667,0.0,1.7593692e+18,false
62,1.7595441e+18,SMS04,swale,SwD,mount,10,0.42938758,0.4393566099999999,0.009969029999999934,23.916666666666668,0.0004168235540069659,1.7596302e+18,true
63,1.7599257e+18,SMS04,swale,SwD,mount,10,0.4277584000000001,0.42768082,-0.00007758000000007703,0.5,-0.00015516000000015406,1.7599275e+18,false
64,1.7603586e+18,SMS04,swale,SwD,mount,10,0.4106908,0.45824734,0.04755653999999998,14.833333333333334,0.0032060588764044927,1.760412e+18,true
65,1.7603955e+18,SMS04,swale,SwD,mount,10,0.4141819,0.45824734,0.04406544000000001,4.583333333333333,0.009614277818181822,1.760412e+18,true
66,1.7605098e+18,SMS04,swale,SwD,mount,10,0.45138150999999993,0.4508772400000001,-0.0005042699999998068,0.0,NaN,1.7605098e+18,false
67,1.760571e+18,SMS04,swale,SwD,mount,10,0.4449423700000001,0.44470963,-0.00023274000000006456,0.0,NaN,1.760571e+18,false
68,1.7606115e+18,SMS04,swale,SwD,mount,10,0.442595575,0.4636391499999999,0.02104357499999987,22.333333333333332,0.0009422496268656659,1.7606919e+18,true
69,1.7606736e+18,SMS04,swale,SwD,mount,10,0.4394341900000001,0.4651907500000001,0.025756559999999984,23.666666666666668,0.0010883053521126753,1.7607588e+18,true
70,1.7607393e+18,SMS04,swale,SwD,mount,10,0.4588291899999999,0.4670526700000002,0.008223480000000338,19.166666666666668,0.00042905113043480023,1.7608083e+18,true
71,1.760841e+18,SMS04,swale,SwD,mount,10,0.46394947,0.46398826,0.00003879000000001076,4.75,8.16631578947595e-6,1.7608581e+18,false
72,1.7609427e+18,SMS04,swale,SwD,mount,10,0.45632723499999994,0.45603631,-0.0002909249999999419,0.5833333333333334,-0.0004987285714284719,1.7609448e+18,false
73,1.7610255e+18,SMS04,swale,SwD,mount,10,0.449073505,0.4645313200000001,0.015457815000000097,17.0,0.0009092832352941234,1.7610867e+18,true
74,1.7623863e+18,SMS04,swale,SwD,mount,10,0.4068118000000001,0.40727728,0.0004654799999999071,5.333333333333333,0.00008727749999998258,1.7624055e+18,false
75,1.7625267e+18,SMS04,swale,SwD,mount,10,0.4033594899999999,0.4588291899999999,0.05546970000000001,7.166666666666667,0.007739958139534885,1.7625525e+18,true
76,1.7632917e+18,SMS04,swale,SwD,mount,10,0.41848759,0.4568509000000001,0.038363310000000095,20.666666666666668,0.0018562891935483916,1.7633661e+18,true
77,1.7633358e+18,SMS04,swale,SwD,mount,10,0.4173626799999999,0.45813097,0.04076829000000015,18.25,0.0022338789041095974,1.7634015e+18,true
78,1.7633988e+18,SMS04,swale,SwD,mount,10,0.45696727,0.45890677,0.0019395000000000384,15.083333333333334,0.00012858563535911855,1.7634531e+18,false
79,1.7634321e+18,SMS04,swale,SwD,mount,10,0.4567345299999999,0.45890677,0.002172240000000103,5.833333333333333,0.0003723840000000177,1.7634531e+18,false
80,1.7637624e+18,SMS04,swale,SwD,mount,10,0.445582405,0.44548543,-0.00009697499999999915,0.08333333333333333,-0.0011636999999999897,1.7637627e+18,false
81,1.7638281e+18,SMS04,swale,SwD,mount,10,0.44275073499999995,0.4602256299999998,0.017474894999999824,17.666666666666668,0.00098914499999999,1.7638917e+18,true
82,1.7638641e+18,SMS04,swale,SwD,mount,10,0.442595575,0.4604195799999999,0.017824004999999865,20.25,0.0008801977777777711,1.763937e+18,true
83,1.7639235e+18,SMS04,swale,SwD,mount,10,0.4601092600000001,0.4608850600000001,0.0007758000000000487,15.166666666666666,0.00005115164835165156,1.7639781e+18,false
84,1.7639622e+18,SMS04,swale,SwD,mount,10,0.46007047,0.4608850600000001,0.0008145900000001149,4.416666666666667,0.00018443547169813923,1.7639781e+18,false
85,1.764387e+18,SMS04,swale,SwD,mount,10,0.4360982499999999,0.45913951,0.023041260000000063,23.416666666666668,0.000983968398576515,1.7644713e+18,true
86,1.7644239e+18,SMS04,swale,SwD,mount,10,0.4350509200000001,0.45952741,0.024476489999999906,19.166666666666668,0.0012770342608695604,1.7644929e+18,true
87,1.7646543e+18,SMS04,swale,SwD,mount,10,0.4473861399999999,0.44719219,-0.00019394999999988727,0.0,NaN,1.7646543e+18,false
88,1.7647029e+18,SMS04,swale,SwD,mount,10,0.44459326,0.4451751100000001,0.0005818500000001059,23.5,0.000024759574468089612,1.7647875e+18,false
89,1.7647875e+18,SMS04,swale,SwD,mount,10,0.4450199500000001,0.4610014299999998,0.015981479999999715,18.333333333333332,0.0008717170909090754,1.7648535e+18,true
90,1.7648802e+18,SMS04,swale,SwD,mount,10,0.4586352400000001,0.4582861299999998,-0.0003491100000003189,2.4166666666666665,-0.00014445931034495955,1.7648889e+18,false
91,1.7649243e+18,SMS04,swale,SwD,mount,10,0.45652118499999994,0.45619147,-0.0003297149999999527,0.0,NaN,1.7649243e+18,false
92,1.7659152e+18,SMS04,swale,SwD,mount,10,0.41616019,0.4162377700000002,0.00007758000000018805,2.8333333333333335,0.000027381176470654605,1.7659254e+18,false
93,1.769319e+18,SMS04,swale,SwD,mount,10,0.33788197,0.3405584799999999,0.00267650999999991,23.916666666666668,0.00011190982578396835,1.7694051e+18,false
0,1.7175024e+18,SMS06,swale,SwE,down,10,0.1176323499999999,0.1202700700000001,0.0026377200000002043,4.583333333333333,0.0005755025454545901,1.7175189e+18,false
1,1.7177103e+18,SMS06,swale,SwE,down,10,0.11701171,0.11720566,0.0001939499999999983,20.916666666666668,9.27250996015928e-6,1.7177856e+18,false
2,1.7190819e+18,SMS06,swale,SwE,down,10,0.11693413,0.11697292,0.00003878999999999688,21.833333333333332,1.7766412213739032e-6,1.7191605e+18,false
3,1.7191647e+18,SMS06,swale,SwE,down,10,0.11683715499999996,0.11681776,-0.00001939499999994987,23.916666666666668,-8.109407665484265e-7,1.7192508e+18,false
4,1.7202123e+18,SMS06,swale,SwE,down,10,0.129986965,0.1985870799999999,0.06860011499999988,18.0,0.0038111174999999934,1.7202771e+18,true
5,1.7228331e+18,SMS06,swale,SwE,down,10,0.143524675,0.1456387299999999,0.0021140549999999203,12.0,0.00017617124999999337,1.7228763e+18,false
6,1.7229834e+18,SMS06,swale,SwE,down,10,0.14672485,0.2160425799999999,0.06931772999999991,11.166666666666666,0.0062075579104477535,1.7230236e+18,true
7,1.723077e+18,SMS06,swale,SwE,down,10,0.20425042,0.3077809299999998,0.1035305099999998,24.0,0.004313771249999991,1.7231634e+18,true
8,1.7231418e+18,SMS06,swale,SwE,down,10,0.23972387499999998,0.3189524500000001,0.07922857500000013,13.916666666666666,0.0056930712574850394,1.7231919e+18,true
9,1.7232363e+18,SMS06,swale,SwE,down,10,0.29949926499999996,0.3483552700000001,0.04885600500000015,12.416666666666666,0.003934711812080549,1.723281e+18,true
10,1.7233407e+18,SMS06,swale,SwE,down,10,0.31941792999999996,0.33411934,0.014701410000000026,5.25,0.002800268571428576,1.7233596e+18,true
11,1.7253117e+18,SMS06,swale,SwE,down,10,0.1663525899999999,0.19432018,0.027967590000000098,17.083333333333332,0.0016371272195122009,1.7253732e+18,true
12,1.7255781e+18,SMS06,swale,SwE,down,10,0.18113158,0.3352442499999999,0.15411266999999992,10.166666666666666,0.015158623278688518,1.7256147e+18,true
13,1.7279928e+18,SMS06,swale,SwE,down,10,0.14945954499999994,0.15479317,0.005333625000000064,22.666666666666668,0.00023530698529412045,1.7280744e+18,true
14,1.728558e+18,SMS06,swale,SwE,down,10,0.196395445,0.26976673,0.07337128500000001,22.833333333333332,0.00321334094890511,1.7286402e+18,true
15,1.7286273e+18,SMS06,swale,SwE,down,10,0.25650055,0.26976673,0.013266180000000016,3.5833333333333335,0.0037021897674418647,1.7286402e+18,true
16,1.7287227e+18,SMS06,swale,SwE,down,10,0.2517681700000001,0.28757134,0.035803169999999884,18.666666666666668,0.001918026964285708,1.7287899e+18,true
17,1.7287812e+18,SMS06,swale,SwE,down,10,0.26961157,0.28757134,0.017959769999999986,2.4166666666666665,0.007431628965517236,1.7287899e+18,true
18,1.728882e+18,SMS06,swale,SwE,down,10,0.26689627,0.3166638399999999,0.04976756999999993,17.083333333333332,0.0029132236097560936,1.7289435e+18,true
19,1.728927e+18,SMS06,swale,SwE,down,10,0.2970361,0.39443779,0.09740168999999999,22.666666666666668,0.00429713338235294,1.7290086e+18,true
20,1.7289927e+18,SMS06,swale,SwE,down,10,0.30306794499999995,0.39443779,0.09136984500000006,4.416666666666667,0.02068751207547171,1.7290086e+18,true
21,1.7293176e+18,SMS06,swale,SwE,down,10,0.2725208200000001,0.3561908499999999,0.08367002999999978,1.8333333333333333,0.045638198181818065,1.7293242e+18,true
22,1.7303526e+18,SMS06,swale,SwE,down,10,0.22015432,0.2438938,0.023739480000000007,6.916666666666667,0.0034322139759036152,1.7303775e+18,true
23,1.7304471e+18,SMS06,swale,SwE,down,10,0.2383274349999999,0.2897823700000001,0.05145493500000023,20.583333333333332,0.0024998348987854365,1.7305212e+18,true
24,1.7305146e+18,SMS06,swale,SwE,down,10,0.2759731299999999,0.2897823700000001,0.013809240000000222,1.8333333333333333,0.007532312727272849,1.7305212e+18,true
25,1.7305929e+18,SMS06,swale,SwE,down,10,0.27411121,0.28660159,0.012490380000000023,3.5,0.003568680000000007,1.7306055e+18,true
26,1.7314542e+18,SMS06,swale,SwE,down,10,0.20772212499999995,0.3796588000000001,0.17193667500000012,7.416666666666667,0.023182473033707882,1.7314809e+18,true
27,1.7315361e+18,SMS06,swale,SwE,down,10,0.364588885,0.3622033,-0.002385584999999968,2.0,-0.001192792499999984,1.7315433e+18,false
28,1.7315775e+18,SMS06,swale,SwE,down,10,0.348219505,0.3610783899999999,0.012858884999999931,21.166666666666668,0.0006075063779527526,1.7316537e+18,true
29,1.7316243e+18,SMS06,swale,SwE,down,10,0.34020937,0.3610783899999999,0.020869019999999905,8.166666666666666,0.0025553902040816212,1.7316537e+18,true
30,1.7316954e+18,SMS06,swale,SwE,down,10,0.3548525950000001,0.3586346200000001,0.003782025000000022,0.3333333333333333,0.011346075000000067,1.7316966e+18,false
31,1.7318088e+18,SMS06,swale,SwE,down,10,0.33823108,0.3594104200000001,0.021179340000000102,4.666666666666667,0.004538430000000021,1.7318256e+18,true
32,1.7326116e+18,SMS06,swale,SwE,down,10,0.2721329200000001,0.37729261,0.10515968999999986,24.0,0.0043816537499999945,1.732698e+18,true
33,1.7329545e+18,SMS06,swale,SwE,down,10,0.3240727299999999,0.3717456399999999,0.04767290999999996,23.916666666666668,0.0019932924041811827,1.7330406e+18,true
34,1.7339076e+18,SMS06,swale,SwE,down,10,0.24509629,0.3422652399999999,0.09716894999999992,22.75,0.004271162637362634,1.7339895e+18,true
35,1.7339751e+18,SMS06,swale,SwE,down,10,0.32973607000000005,0.3738015100000001,0.04406544000000007,22.666666666666668,0.0019440635294117675,1.7340567e+18,true
36,1.7340084e+18,SMS06,swale,SwE,down,10,0.336194605,0.3738015100000001,0.037606905000000135,13.416666666666666,0.0028029991304347928,1.7340567e+18,true
37,1.7340723e+18,SMS06,swale,SwE,down,10,0.3680024049999999,0.3676339,-0.00036850499999990793,0.5833333333333334,-0.0006317228571426993,1.7340744e+18,false
38,1.7340993e+18,SMS06,swale,SwE,down,10,0.3577812400000001,0.36166024,0.0038789999999999103,1.0,0.0038789999999999103,1.7341029e+18,false
39,1.7352846e+18,SMS06,swale,SwE,down,10,0.2362133799999999,0.25556959,0.019356210000000124,10.666666666666666,0.0018146446875000116,1.735323e+18,true
40,1.7355024e+18,SMS06,swale,SwE,down,10,0.25776122500000004,0.3156165100000001,0.057855285000000034,10.333333333333334,0.005598898548387099,1.7355396e+18,true
41,1.7417259e+18,SMS06,swale,SwE,down,10,0.1353593799999999,0.2358642700000001,0.10050489000000021,18.583333333333332,0.005408334887892388,1.7417928e+18,true
42,1.7474355e+18,SMS06,swale,SwE,down,10,0.132197995,0.3123581499999999,0.18016015499999988,24.0,0.007506673124999995,1.7475219e+18,true
43,1.7474958e+18,SMS06,swale,SwE,down,10,0.137977705,0.34273072,0.20475301499999998,18.583333333333332,0.011018099461883408,1.7475627e+18,true
44,1.7475318e+18,SMS06,swale,SwE,down,10,0.31453039,0.34273072,0.028200329999999996,8.583333333333334,0.0032854753398058245,1.7475627e+18,true
45,1.7496783e+18,SMS06,swale,SwE,down,10,0.1524269799999999,0.34649335,0.19406637000000007,13.416666666666666,0.01446457416149069,1.7497266e+18,true
46,1.7506251e+18,SMS06,swale,SwE,down,10,0.187085845,0.28679554,0.09970969500000001,4.166666666666667,0.023930326800000002,1.7506401e+18,true
47,1.7531298e+18,SMS06,swale,SwE,down,10,0.13892806,0.23578669,0.09685863,15.833333333333334,0.0061173871578947365,1.7531868e+18,true
48,1.7540874e+18,SMS06,swale,SwE,down,10,0.14889709,0.31243573,0.16353864,5.083333333333333,0.03217153573770492,1.7541057e+18,true
49,1.7542404e+18,SMS06,swale,SwE,down,10,0.262416025,0.32760262,0.06518659500000001,1.25,0.05214927600000001,1.7542449e+18,true
50,1.7543367e+18,SMS06,swale,SwE,down,10,0.294611725,0.40184668,0.10723495500000002,10.25,0.010461946829268294,1.7543736e+18,true
51,1.7554563e+18,SMS06,swale,SwE,down,10,0.21423884499999996,0.30262186,0.08838301500000006,2.4166666666666665,0.036572282068965546,1.755465e+18,true
52,1.7566785e+18,SMS06,swale,SwE,down,10,0.1695721600000001,0.32736988,0.1577977199999999,2.1666666666666665,0.07282971692307688,1.7566863e+18,true
53,1.7572914e+18,SMS06,swale,SwE,down,10,0.2372219200000001,0.3488983299999999,0.11167640999999981,11.333333333333334,0.009853800882352924,1.7573322e+18,true
54,1.7576217e+18,SMS06,swale,SwE,down,10,0.2781453700000001,0.3094876899999999,0.03134231999999981,1.6666666666666667,0.018805391999999886,1.7576277e+18,true
55,1.7577351e+18,SMS06,swale,SwE,down,10,0.2967257799999999,0.3531652299999999,0.05643945,1.6666666666666667,0.03386367,1.7577411e+18,true
56,1.7582472e+18,SMS06,swale,SwE,down,10,0.28667917,0.30188485,0.01520568,2.1666666666666665,0.007018006153846154,1.758255e+18,true
57,1.7585001e+18,SMS06,swale,SwE,down,10,0.27350996500000013,0.35153605,0.07802608499999986,5.75,0.013569753913043454,1.7585208e+18,true
58,1.7585838e+18,SMS06,swale,SwE,down,10,0.3217065399999999,0.34230403,0.020597490000000107,1.4166666666666667,0.014539404705882428,1.7585889e+18,true
59,1.7588304e+18,SMS06,swale,SwE,down,10,0.28761013,0.3946317399999999,0.10702160999999988,13.166666666666666,0.008128223544303788,1.7588778e+18,true
60,1.7590014e+18,SMS06,swale,SwE,down,10,0.3180408850000001,0.3454848100000001,0.02744392499999998,1.25,0.021955139999999984,1.7590059e+18,true
61,1.7593677e+18,SMS06,swale,SwE,down,10,0.2889289899999999,0.31763359,0.028704600000000136,4.333333333333333,0.006624138461538493,1.7593833e+18,true
62,1.7595441e+18,SMS06,swale,SwE,down,10,0.29951866000000005,0.35285491,0.053336249999999974,4.416666666666667,0.012076132075471691,1.75956e+18,true
63,1.7599257e+18,SMS06,swale,SwE,down,10,0.27511975,0.29463112,0.019511370000000028,2.75,0.007095043636363646,1.7599356e+18,true
64,1.7603586e+18,SMS06,swale,SwE,down,10,0.2469582100000001,0.3350503,0.08809208999999993,13.083333333333334,0.006733153375796172,1.7604057e+18,true
65,1.7603955e+18,SMS06,swale,SwE,down,10,0.29918894500000004,0.3350503,0.035861354999999984,2.8333333333333335,0.012656948823529406,1.7604057e+18,true
66,1.7605098e+18,SMS06,swale,SwE,down,10,0.3184869700000001,0.3258958599999999,0.007408889999999835,19.25,0.000384877402597394,1.7605791e+18,true
67,1.760571e+18,SMS06,swale,SwE,down,10,0.31718750500000004,0.32632255,0.009135044999999953,13.416666666666666,0.0006808729192546549,1.7606193e+18,true
68,1.7606115e+18,SMS06,swale,SwE,down,10,0.3233745100000001,0.3511093599999999,0.02773484999999981,18.833333333333332,0.0014726469026548573,1.7606793e+18,true
69,1.7606736e+18,SMS06,swale,SwE,down,10,0.31968946,0.35351434,0.03382488,23.416666666666668,0.0014444788612099644,1.7607579e+18,true
70,1.7607393e+18,SMS06,swale,SwE,down,10,0.3297554650000001,0.3553762600000001,0.02562079500000003,10.75,0.002383329767441863,1.760778e+18,true
71,1.760841e+18,SMS06,swale,SwE,down,10,0.332703505,0.3504499299999999,0.0177464249999999,2.9166666666666665,0.006084488571428537,1.7608515e+18,true
72,1.7609427e+18,SMS06,swale,SwE,down,10,0.32591525500000007,0.33516667,0.00925141499999993,24.0,0.00038547562499999705,1.7610291e+18,true
73,1.7610255e+18,SMS06,swale,SwE,down,10,0.3227732649999999,0.39470932,0.07193605500000005,23.833333333333332,0.0030182960139860165,1.7611113e+18,true
74,1.7623863e+18,SMS06,swale,SwE,down,10,0.23340110500000005,0.3326453200000001,0.09924421500000002,9.416666666666666,0.010539208672566375,1.7624202e+18,true
75,1.7625267e+18,SMS06,swale,SwE,down,10,0.316256545,0.34998445,0.033727905,1.25,0.026982324000000002,1.7625312e+18,true
76,1.7632917e+18,SMS06,swale,SwE,down,10,0.2872610200000001,0.36895276,0.0816917399999999,19.166666666666668,0.004262177739130429,1.7633607e+18,true
77,1.7633358e+18,SMS06,swale,SwE,down,10,0.3212022700000001,0.36895276,0.04775048999999987,6.916666666666667,0.0069036853012047995,1.7633607e+18,true
78,1.7633988e+18,SMS06,swale,SwE,down,10,0.35149726000000003,0.3878822799999999,0.03638501999999988,23.833333333333332,0.0015266441958041907,1.7634846e+18,true
79,1.7634321e+18,SMS06,swale,SwE,down,10,0.3548719899999999,0.3912958,0.03642381000000011,23.75,0.0015336341052631626,1.7635176e+18,true
80,1.7637624e+18,SMS06,swale,SwE,down,10,0.3307252150000001,0.3538246600000001,0.023099445000000052,8.75,0.0026399365714285775,1.7637939e+18,true
81,1.7638281e+18,SMS06,swale,SwE,down,10,0.34383623499999993,0.37597375,0.03213751500000006,24.0,0.0013390631250000025,1.7639145e+18,true
82,1.7638641e+18,SMS06,swale,SwE,down,10,0.343487125,0.3787666299999999,0.03527950499999988,18.0,0.001959972499999993,1.7639289e+18,true
83,1.7639235e+18,SMS06,swale,SwE,down,10,0.3754112949999999,0.3795812200000002,0.004169925000000296,14.5,0.00028758103448277907,1.7639757e+18,false
84,1.7639622e+18,SMS06,swale,SwE,down,10,0.369321265,0.3795812200000002,0.01025995500000021,3.75,0.002735988000000056,1.7639757e+18,true
85,1.764387e+18,SMS06,swale,SwE,down,10,0.31065138999999997,0.3769822899999999,0.06633089999999991,23.833333333333332,0.002783114685314682,1.7644728e+18,true
86,1.7644239e+18,SMS06,swale,SwE,down,10,0.3439719999999999,0.3796588000000001,0.035686800000000185,21.083333333333332,0.0016926545454545544,1.7644998e+18,true
87,1.7646543e+18,SMS06,swale,SwE,down,10,0.343215595,0.36429796,0.021082364999999992,19.666666666666668,0.0010719846610169486,1.7647251e+18,true
88,1.7647029e+18,SMS06,swale,SwE,down,10,0.34191613,0.36429796,0.02238182999999999,6.166666666666667,0.0036294859459459444,1.7647251e+18,true
89,1.7647875e+18,SMS06,swale,SwE,down,10,0.35372768500000007,0.37504279,0.021315104999999945,2.5833333333333335,0.008251008387096753,1.7647968e+18,true
90,1.7648802e+18,SMS06,swale,SwE,down,10,0.349577155,0.3615826600000001,0.012005505000000138,14.0,0.0008575360714285814,1.7649306e+18,true
91,1.7649243e+18,SMS06,swale,SwE,down,10,0.35079903999999995,0.3615826600000001,0.01078362000000016,1.75,0.006162068571428663,1.7649306e+18,true
92,1.7659152e+18,SMS06,swale,SwE,down,10,0.257761225,0.3042510399999999,0.046489814999999934,4.166666666666667,0.011157555599999983,1.7659302e+18,true
93,1.769319e+18,SMS06,swale,SwE,down,10,0.1604565100000001,0.3661598799999999,0.20570336999999977,14.166666666666666,0.014520237882352925,1.76937e+18,true
0,1.7175024e+18,SMS08,swale,SwF,far,10,0.1102234600000001,0.1118914299999999,0.0016679699999997966,7.25,0.00023006482758617882,1.7175285e+18,false
1,1.7177103e+18,SMS08,swale,SwF,far,10,0.1105337799999999,0.1161195399999999,0.005585759999999995,22.083333333333332,0.0002529400754716979,1.7177898e+18,true
2,1.7190819e+18,SMS08,swale,SwF,far,10,0.105743215,0.1078184799999999,0.0020752649999998957,23.083333333333332,0.00008990317689530234,1.719165e+18,false
3,1.7191647e+18,SMS08,swale,SwF,far,10,0.10733360500000005,0.1084779100000001,0.0011443050000000399,24.0,0.00004767937500000166,1.7192511e+18,false
4,1.7202123e+18,SMS08,swale,SwF,far,10,0.1135981899999999,0.1395487,0.025950510000000093,20.916666666666668,0.001240661832669327,1.7202876e+18,true
5,1.7228331e+18,SMS08,swale,SwF,far,10,0.10568503,0.1078960600000001,0.0022110300000001,13.833333333333334,0.00015983349397591083,1.7228829e+18,false
6,1.7229834e+18,SMS08,swale,SwF,far,10,0.10871065,0.1150334200000001,0.006322770000000089,20.833333333333332,0.0003034929600000043,1.7230584e+18,true
7,1.723077e+18,SMS08,swale,SwF,far,10,0.11447096500000005,0.20553049,0.09105952499999996,24.0,0.003794146874999998,1.7231634e+18,true
8,1.7231418e+18,SMS08,swale,SwF,far,10,0.1365618700000001,0.2370279700000001,0.10046609999999997,10.75,0.009345683720930231,1.7231805e+18,true
9,1.7232363e+18,SMS08,swale,SwF,far,10,0.20143814499999996,0.29490265,0.09346450500000003,11.25,0.008307956000000003,1.7232768e+18,true
10,1.7233407e+18,SMS08,swale,SwF,far,10,0.25754788,0.2975403700000001,0.0399924900000001,5.75,0.006955215652173931,1.7233614e+18,true
11,1.7253117e+18,SMS08,swale,SwF,far,10,0.131150665,0.1320622299999999,0.000911564999999892,2.3333333333333335,0.000390670714285668,1.7253201e+18,false
12,1.7255781e+18,SMS08,swale,SwF,far,10,0.13469995,0.18252802,0.04782807,12.666666666666666,0.003775900263157895,1.7256237e+18,true
13,1.7279928e+18,SMS08,swale,SwF,far,10,0.124052095,0.1239163299999999,-0.00013576500000010705,0.4166666666666667,-0.00032583600000025693,1.7279943e+18,false
14,1.728558e+18,SMS08,swale,SwF,far,10,0.122500495,0.1239551200000001,0.0014546250000000982,8.083333333333334,0.00017995360824743482,1.7285871e+18,false
15,1.7286273e+18,SMS08,swale,SwF,far,10,0.1231793200000001,0.12593341,0.0027540899999998897,11.75,0.00023439063829786295,1.7286696e+18,false
16,1.7287227e+18,SMS08,swale,SwF,far,10,0.1245369700000001,0.1272134799999999,0.0026765099999998127,24.0,0.00011152124999999219,1.7288091e+18,false
17,1.7287812e+18,SMS08,swale,SwF,far,10,0.12554551,0.13182949,0.006283979999999995,17.666666666666668,0.0003556969811320751,1.7288448e+18,true
18,1.728882e+18,SMS08,swale,SwF,far,10,0.13157735500000006,0.28159768,0.15002032499999995,19.5,0.007693349999999997,1.7289522e+18,true
19,1.728927e+18,SMS08,swale,SwF,far,10,0.20545290999999993,0.3093325299999998,0.10387961999999984,24.0,0.004328317499999994,1.7290134e+18,true
20,1.7289927e+18,SMS08,swale,SwF,far,10,0.2688939549999999,0.31359943,0.044705475000000106,9.25,0.004833024324324336,1.729026e+18,true
21,1.7293176e+18,SMS08,swale,SwF,far,10,0.22145378499999996,0.32283145,0.10137766500000006,6.166666666666667,0.01643962135135136,1.7293398e+18,true
22,1.7303526e+18,SMS08,swale,SwF,far,10,0.168544225,0.17310205,0.004557825000000015,22.916666666666668,0.00019888690909090976,1.7304351e+18,false
23,1.7304471e+18,SMS08,swale,SwF,far,10,0.1730632600000001,0.2074312,0.0343679399999999,24.0,0.001431997499999996,1.7305335e+18,true
24,1.7305146e+18,SMS08,swale,SwF,far,10,0.198800425,0.2108059299999999,0.012005504999999889,10.333333333333334,0.0011618230645161181,1.7305518e+18,true
25,1.7305929e+18,SMS08,swale,SwF,far,10,0.20452195,0.2132497,0.008727749999999979,10.666666666666666,0.000818226562499998,1.7306313e+18,true
26,1.7314542e+18,SMS08,swale,SwF,far,10,0.16918426,0.34893712,0.17975286,12.916666666666666,0.013916350451612903,1.7315007e+18,true
27,1.7315361e+18,SMS08,swale,SwF,far,10,0.32616739000000006,0.3396275200000001,0.01346013000000007,3.25,0.004141578461538483,1.7315478e+18,true
28,1.7315775e+18,SMS08,swale,SwF,far,10,0.32046525999999986,0.34827769,0.02781243000000011,18.666666666666668,0.0014899516071428629,1.7316447e+18,true
29,1.7316243e+18,SMS08,swale,SwF,far,10,0.303921325,0.34827769,0.04435636499999995,5.666666666666667,0.007827593823529403,1.7316447e+18,true
30,1.7316954e+18,SMS08,swale,SwF,far,10,0.320601025,0.3291542200000002,0.008553195000000235,0.6666666666666666,0.012829792500000353,1.7316978e+18,true
31,1.7318088e+18,SMS08,swale,SwF,far,10,0.311175055,0.3349727200000001,0.023797665000000134,5.333333333333333,0.004462062187500025,1.731828e+18,true
32,1.7326116e+18,SMS08,swale,SwF,far,10,0.21096109,0.3577036600000001,0.1467425700000001,24.0,0.006114273750000004,1.732698e+18,true
33,1.7329545e+18,SMS08,swale,SwF,far,10,0.29761795,0.3867185799999999,0.0891006299999999,18.666666666666668,0.00477324803571428,1.7330217e+18,true
34,1.7339076e+18,SMS08,swale,SwF,far,10,0.204114655,0.3470751999999999,0.1429605449999999,22.666666666666668,0.006307082867647054,1.7339892e+18,true
35,1.7339751e+18,SMS08,swale,SwF,far,10,0.32717593,0.36519013,0.0380142,20.916666666666668,0.0018174119521912348,1.7340504e+18,true
36,1.7340084e+18,SMS08,swale,SwF,far,10,0.33291684999999993,0.36519013,0.03227328000000007,11.666666666666666,0.002766281142857149,1.7340504e+18,true
37,1.7340723e+18,SMS08,swale,SwF,far,10,0.35046932500000005,0.35401861,0.0035492849999999576,0.6666666666666666,0.005323927499999936,1.7340747e+18,false
38,1.7340993e+18,SMS08,swale,SwF,far,10,0.33881293,0.3460278700000001,0.007214940000000114,1.25,0.005771952000000091,1.7341038e+18,true
39,1.7352846e+18,SMS08,swale,SwF,far,10,0.19104242499999996,0.2019230200000001,0.010880595000000132,11.333333333333334,0.0009600525000000115,1.7353254e+18,true
40,1.7355024e+18,SMS08,swale,SwF,far,10,0.2000611,0.2805503499999999,0.0804892499999999,9.75,0.008255307692307682,1.7355375e+18,true
41,1.7417259e+18,SMS08,swale,SwF,far,10,0.1243430200000001,0.12837718,0.004034159999999912,23.25,0.00017351225806451232,1.7418096e+18,false
42,1.7474355e+18,SMS08,swale,SwF,far,10,0.1244206,0.2272141,0.1027935,23.5,0.004374191489361702,1.7475201e+18,true
43,1.7474958e+18,SMS08,swale,SwF,far,10,0.13956809499999995,0.2489365,0.10936840500000006,11.75,0.009307949361702133,1.7475381e+18,true
44,1.7475318e+18,SMS08,swale,SwF,far,10,0.220018555,0.2489365,0.028917945,1.75,0.01652454,1.7475381e+18,true
45,1.7496783e+18,SMS08,swale,SwF,far,10,0.1260109899999999,0.23183011,0.1058191200000001,3.5833333333333335,0.029530917209302354,1.7496912e+18,true
46,1.7506251e+18,SMS08,swale,SwF,far,10,0.13060760500000002,0.13117006,0.0005624549999999895,1.1666666666666667,0.0004821042857142767,1.7506293e+18,false
47,1.7531298e+18,SMS08,swale,SwF,far,10,0.121336795,0.12461455,0.003277755000000007,23.166666666666668,0.00014148582733812979,1.7532132e+18,false
48,1.7540874e+18,SMS08,swale,SwF,far,10,0.12610796500000004,0.23105431,0.10494634499999997,8.583333333333334,0.012226758640776695,1.7541183e+18,true
49,1.7542404e+18,SMS08,swale,SwF,far,10,0.19432018,0.2291923899999999,0.034872209999999904,13.416666666666666,0.0025991709316770116,1.7542887e+18,true
50,1.7543367e+18,SMS08,swale,SwF,far,10,0.22034827,0.31868092,0.09833264999999997,5.083333333333333,0.019344127868852454,1.754355e+18,true
51,1.7554563e+18,SMS08,swale,SwF,far,10,0.16910668,0.24975109,0.08064441,3.75,0.021505176,1.7554698e+18,true
52,1.7566785e+18,SMS08,swale,SwF,far,10,0.1401887349999999,0.2602631799999999,0.12007444500000003,5.75,0.02088251217391305,1.7566992e+18,true
53,1.7572914e+18,SMS08,swale,SwF,far,10,0.1636760799999999,0.2879980299999999,0.12432195000000001,2.5833333333333335,0.04812462580645162,1.7573007e+18,true
54,1.7576217e+18,SMS08,swale,SwF,far,10,0.20345522500000002,0.2288044899999999,0.02534926499999987,9.166666666666666,0.00276537436363635,1.7576547e+18,true
55,1.7577351e+18,SMS08,swale,SwF,far,10,0.219203965,0.3118150899999999,0.0926111249999999,1.8333333333333333,0.05051515909090904,1.7577417e+18,true
56,1.7582472e+18,SMS08,swale,SwF,far,10,0.1984513150000001,0.22740805,0.0289567349999999,10.5,0.002757784285714276,1.758285e+18,true
57,1.7585001e+18,SMS08,swale,SwF,far,10,0.20653903,0.3420325,0.13549347,5.166666666666667,0.02622454258064516,1.7585187e+18,true
58,1.7585838e+18,SMS08,swale,SwF,far,10,0.2810546199999999,0.3174008500000001,0.0363462300000002,1.5,0.024230820000000135,1.7585892e+18,true
59,1.7588304e+18,SMS08,swale,SwF,far,10,0.232043455,0.34350652,0.11146306499999997,6.166666666666667,0.018075091621621617,1.7588526e+18,true
60,1.7590014e+18,SMS08,swale,SwF,far,10,0.262803925,0.30165211,0.03884818499999998,1.1666666666666667,0.03329844428571427,1.7590056e+18,true
61,1.7593677e+18,SMS08,swale,SwF,far,10,0.2271365200000001,0.2585564200000001,0.03141990000000003,8.416666666666666,0.003733057425742578,1.759398e+18,true
62,1.7595441e+18,SMS08,swale,SwF,far,10,0.2333817100000001,0.3327616899999999,0.09937997999999978,4.333333333333333,0.02293384153846149,1.7595597e+18,true
63,1.7599257e+18,SMS08,swale,SwF,far,10,0.2210077,0.24230341,0.021295709999999995,2.6666666666666665,0.007985891249999998,1.7599353e+18,true
64,1.7603586e+18,SMS08,swale,SwF,far,10,0.19319527,0.3144916,0.12129632999999998,12.916666666666666,0.009390683612903225,1.7604051e+18,true
65,1.7603955e+18,SMS08,swale,SwF,far,10,0.24261373,0.3144916,0.07187786999999998,2.6666666666666665,0.026954201249999993,1.7604051e+18,true
66,1.7605098e+18,SMS08,swale,SwF,far,10,0.281811025,0.3015745299999999,0.019763504999999904,18.666666666666668,0.0010587591964285662,1.760577e+18,true
67,1.760571e+18,SMS08,swale,SwF,far,10,0.28035639999999995,0.3027382299999999,0.022381829999999936,12.416666666666666,0.0018025634899328808,1.7606157e+18,true
68,1.7606115e+18,SMS08,swale,SwF,far,10,0.29420443,0.3269044000000001,0.03269997000000008,19.0,0.001721051052631583,1.7606799e+18,true
69,1.7606736e+18,SMS08,swale,SwF,far,10,0.28530212499999996,0.33295564,0.047653515000000035,23.583333333333332,0.0020206437455830405,1.7607585e+18,true
70,1.7607393e+18,SMS08,swale,SwF,far,10,0.2985683050000001,0.34020937,0.04164106499999992,10.75,0.003873587441860458,1.760778e+18,true
71,1.760841e+18,SMS08,swale,SwF,far,10,0.29796706000000006,0.3284947899999999,0.030527729999999864,3.0,0.010175909999999955,1.7608518e+18,true
72,1.7609427e+18,SMS08,swale,SwF,far,10,0.286077925,0.3031649200000001,0.017086995000000105,24.0,0.0007119581250000043,1.7610291e+18,true
73,1.7610255e+18,SMS08,swale,SwF,far,10,0.28359536500000004,0.36674173,0.08314636499999994,23.5,0.003538143191489359,1.7611101e+18,true
74,1.7623863e+18,SMS08,swale,SwF,far,10,0.18210133,0.31387096,0.13176962999999997,8.916666666666666,0.01477790242990654,1.7624184e+18,true
75,1.7625267e+18,SMS08,swale,SwF,far,10,0.27676832500000004,0.3222108100000001,0.04544248500000009,1.3333333333333333,0.034081863750000066,1.7625315e+18,true
76,1.7632917e+18,SMS08,swale,SwF,far,10,0.2339247700000001,0.34982929,0.11590451999999993,19.0,0.006100237894736838,1.7633601e+18,true
77,1.7633358e+18,SMS08,swale,SwF,far,10,0.2879398449999999,0.34982929,0.0618894450000001,6.75,0.009168806666666682,1.7633601e+18,true
78,1.7633988e+18,SMS08,swale,SwF,far,10,0.32857236999999995,0.3617378200000001,0.03316545000000015,19.5,0.0017007923076923154,1.763469e+18,true
79,1.7634321e+18,SMS08,swale,SwF,far,10,0.33280047999999995,0.3664314100000001,0.03363093000000017,20.416666666666668,0.0016472292244898042,1.7635056e+18,true
80,1.7637624e+18,SMS08,swale,SwF,far,10,0.28256743,0.3239563599999999,0.04138892999999988,9.25,0.004474478918918906,1.7637957e+18,true
81,1.7638281e+18,SMS08,swale,SwF,far,10,0.309061,0.3530100700000001,0.043949070000000146,17.083333333333332,0.0025726284878048867,1.7638896e+18,true
82,1.7638641e+18,SMS08,swale,SwF,far,10,0.31070957499999996,0.3530100700000001,0.04230049500000016,7.083333333333333,0.005971834588235317,1.7638896e+18,true
83,1.7639235e+18,SMS08,swale,SwF,far,10,0.32719532500000004,0.35114815,0.023952824999999955,16.583333333333332,0.0014443914572864296,1.7639832e+18,true
84,1.7639622e+18,SMS08,swale,SwF,far,10,0.32766080500000005,0.35114815,0.023487344999999937,5.833333333333333,0.00402640199999999,1.7639832e+18,true
85,1.764387e+18,SMS08,swale,SwF,far,10,0.2517875650000001,0.36546166,0.11367409499999992,23.333333333333332,0.004871746928571425,1.764471e+18,true
86,1.7644239e+18,SMS08,swale,SwF,far,10,0.320872555,0.36596593,0.04509337499999999,16.916666666666668,0.0026656182266009843,1.7644848e+18,true
87,1.7646543e+18,SMS08,swale,SwF,far,10,0.308382175,0.34699762,0.038615445000000026,20.083333333333332,0.0019227607468879683,1.7647266e+18,true
88,1.7647029e+18,SMS08,swale,SwF,far,10,0.30935192499999997,0.34699762,0.037645695000000035,6.583333333333333,0.005718333417721525,1.7647266e+18,true
89,1.7647875e+18,SMS08,swale,SwF,far,10,0.33082219000000007,0.3630178900000001,0.03219570000000005,2.9166666666666665,0.011038525714285732,1.764798e+18,true
90,1.7648802e+18,SMS08,swale,SwF,far,10,0.309157975,0.3390068799999999,0.029848904999999926,14.666666666666666,0.0020351526136363584,1.764933e+18,true
91,1.7649243e+18,SMS08,swale,SwF,far,10,0.31726508500000006,0.3390068799999999,0.02174179499999984,2.4166666666666665,0.008996604827586142,1.764933e+18,true
92,1.7659152e+18,SMS08,swale,SwF,far,10,0.197365195,0.20995255,0.012587354999999995,24.0,0.0005244731249999997,1.7660016e+18,true
93,1.769319e+18,SMS08,swale,SwF,far,10,0.1382686299999999,0.3486267999999999,0.21035817,14.583333333333334,0.014424560228571429,1.7693715e+18,true
0,1.7175024e+18,SMS11,control,ConG,top,10,0.2524276,0.2621251,0.009697500000000026,5.75,0.0016865217391304392,1.7175231e+18,true
1,1.7177103e+18,SMS11,control,ConG,top,10,0.25293186999999995,0.4719402100000001,0.21900834000000013,1.0833333333333333,0.20216154461538474,1.7177142e+18,true
2,1.7190819e+18,SMS11,control,ConG,top,10,0.36963158499999993,0.4684491100000001,0.09881752500000018,22.916666666666668,0.004312037454545462,1.7191644e+18,true
3,1.7191647e+18,SMS11,control,ConG,top,10,0.43947298000000007,0.4681775799999999,0.028704599999999858,0.0,NaN,1.7191647e+18,true
4,1.7202123e+18,SMS11,control,ConG,top,10,0.404620165,0.4650355900000001,0.060415425000000134,0.3333333333333333,0.1812462750000004,1.7202135e+18,true
5,1.7228331e+18,SMS11,control,ConG,top,10,0.36030258999999987,0.4365637299999998,0.07626113999999995,1.5,0.050840759999999964,1.7228385e+18,true
6,1.7229834e+18,SMS11,control,ConG,top,10,0.410011975,0.4619711799999999,0.05195920499999995,0.9166666666666666,0.056682769090909045,1.7229867e+18,true
7,1.723077e+18,SMS11,control,ConG,top,10,0.4311331300000001,0.4671302500000001,0.035997119999999994,18.5,0.00194579027027027,1.7231436e+18,true
8,1.7231418e+18,SMS11,control,ConG,top,10,0.44377866999999993,0.4671302500000001,0.02335158000000015,0.5,0.0467031600000003,1.7231436e+18,true
9,1.7232363e+18,SMS11,control,ConG,top,10,0.44356532500000007,0.4669363,0.02337097499999996,1.3333333333333333,0.01752823124999997,1.7232411e+18,true
10,1.7233407e+18,SMS11,control,ConG,top,10,0.43827049000000007,0.4627469799999999,0.02447648999999985,0.6666666666666666,0.036714734999999776,1.7233431e+18,true
11,1.7253117e+18,SMS11,control,ConG,top,10,0.41724631,0.4613117499999999,0.0440654399999999,0.16666666666666666,0.2643926399999994,1.7253123e+18,true
12,1.7255781e+18,SMS11,control,ConG,top,10,0.419205205,0.4622427099999999,0.043037504999999865,0.5833333333333334,0.07377857999999976,1.7255802e+18,true
13,1.7279928e+18,SMS11,control,ConG,top,10,0.36503497,0.42263812,0.05760314999999999,16.666666666666668,0.0034561889999999993,1.7280528e+18,true
14,1.728558e+18,SMS11,control,ConG,top,10,0.3815207199999999,0.4521961000000001,0.07067538000000018,0.9166666666666666,0.07710041454545474,1.7285613e+18,true
15,1.7286273e+18,SMS11,control,ConG,top,10,0.426458935,0.4428477100000001,0.016388775000000133,7.166666666666667,0.002286805813953507,1.7286531e+18,true
16,1.7287227e+18,SMS11,control,ConG,top,10,0.4237630299999999,0.45665695,0.03289392000000013,18.0,0.0018274400000000074,1.7287875e+18,true
17,1.7287812e+18,SMS11,control,ConG,top,10,0.4368740499999999,0.45665695,0.019782900000000103,1.75,0.011304514285714344,1.7287875e+18,true
18,1.728882e+18,SMS11,control,ConG,top,10,0.43014398499999995,0.4588291899999999,0.028685204999999936,14.5,0.0019782899999999954,1.7289342e+18,true
19,1.728927e+18,SMS11,control,ConG,top,10,0.44573756500000006,0.4589843499999999,0.013246784999999817,19.166666666666668,0.0006911366086956426,1.728996e+18,true
20,1.7289927e+18,SMS11,control,ConG,top,10,0.44277013,0.4589843499999999,0.01621421999999989,0.9166666666666666,0.01768823999999988,1.728996e+18,true
21,1.7293176e+18,SMS11,control,ConG,top,10,0.42087317499999993,0.4525840000000001,0.031710825000000165,1.1666666666666667,0.027180707142857283,1.7293218e+18,true
22,1.7303526e+18,SMS11,control,ConG,top,10,0.41226179499999993,0.45138151,0.039119715000000055,1.1666666666666667,0.03353118428571433,1.7303568e+18,true
23,1.7304471e+18,SMS11,control,ConG,top,10,0.4329562600000001,0.4561138899999999,0.023157629999999818,19.75,0.001172538227848092,1.7305182e+18,true
24,1.7305146e+18,SMS11,control,ConG,top,10,0.43968632499999993,0.4561138899999999,0.016427564999999977,1.0,0.016427564999999977,1.7305182e+18,true
25,1.7305929e+18,SMS11,control,ConG,top,10,0.43968632500000004,0.4544459200000002,0.01475959500000018,1.1666666666666667,0.012651081428571583,1.7305971e+18,true
26,1.7314542e+18,SMS11,control,ConG,top,10,0.4055317299999999,0.4537864899999999,0.04825475999999995,24.0,0.002010614999999998,1.7315406e+18,true
27,1.7315361e+18,SMS11,control,ConG,top,10,0.45068328999999996,0.4575103299999999,0.006827039999999951,15.166666666666666,0.00045013450549450225,1.7315907e+18,true
28,1.7315775e+18,SMS11,control,ConG,top,10,0.452409445,0.45979894,0.007389494999999968,17.166666666666668,0.00043045601941747383,1.7316393e+18,true
29,1.7316243e+18,SMS11,control,ConG,top,10,0.447056425,0.4605359499999999,0.013479524999999937,20.416666666666668,0.0006602216326530581,1.7316978e+18,true
30,1.7316954e+18,SMS11,control,ConG,top,10,0.45173061999999997,0.4605359499999999,0.008805329999999945,0.6666666666666666,0.013207994999999917,1.7316978e+18,true
31,1.7318088e+18,SMS11,control,ConG,top,10,0.45527990499999993,0.4596437799999999,0.0043638749999999615,0.6666666666666666,0.006545812499999942,1.7318112e+18,false
32,1.7326116e+18,SMS11,control,ConG,top,10,0.4040189200000002,0.4530882700000001,0.0490693499999999,10.666666666666666,0.004600251562499991,1.73265e+18,true
33,1.7329545e+18,SMS11,control,ConG,top,10,0.429135445,0.4495971700000001,0.020461725000000097,23.833333333333332,0.0008585339160839202,1.7330403e+18,true
34,1.7339076e+18,SMS11,control,ConG,top,10,0.4064239000000001,0.45006265,0.04363874999999989,4.333333333333333,0.010070480769230745,1.7339232e+18,true
35,1.7339751e+18,SMS11,control,ConG,top,10,0.4493450349999999,0.45487261,0.005527575000000118,15.166666666666666,0.00036445549450550227,1.7340297e+18,true
36,1.7340084e+18,SMS11,control,ConG,top,10,0.45072208,0.4550665600000001,0.004344480000000095,19.916666666666668,0.00021813288702929345,1.7340801e+18,false
37,1.7340723e+18,SMS11,control,ConG,top,10,0.44773525000000003,0.4575103299999999,0.00977507999999988,7.833333333333333,0.0012478825531914743,1.7341005e+18,true
38,1.7340993e+18,SMS11,control,ConG,top,10,0.44967475,0.4575103299999999,0.007835579999999898,0.3333333333333333,0.023506739999999693,1.7341005e+18,true
39,1.7352846e+18,SMS11,control,ConG,top,10,0.3955626999999999,0.42578011,0.03021741000000011,8.5,0.003554989411764719,1.7353152e+18,true
40,1.7355024e+18,SMS11,control,ConG,top,10,0.41552015500000006,0.4511875599999999,0.03566740499999982,2.0833333333333335,0.017120354399999912,1.7355099e+18,true
41,1.7417259e+18,SMS11,control,ConG,top,10,0.359,0.456,0.09700000000000003,2.5,0.038800000000000015,1.7417349e+18,true
42,1.7474355e+18,SMS11,control,ConG,top,10,0.311,0.451,0.14,18.75,0.0074666666666666675,1.747503e+18,true
43,1.7474958e+18,SMS11,control,ConG,top,10,0.302,0.458,0.15600000000000003,11.083333333333334,0.014075187969924813,1.7475357e+18,true
44,1.7475318e+18,SMS11,control,ConG,top,10,0.433,0.458,0.025000000000000022,1.0833333333333333,0.0230769230769231,1.7475357e+18,true
45,1.7496783e+18,SMS11,control,ConG,top,10,0.331,0.456,0.125,1.25,0.1,1.7496828e+18,true
46,1.7506251e+18,SMS11,control,ConG,top,10,0.379,0.439,0.06,3.25,0.01846153846153846,1.7506368e+18,true
47,1.7531298e+18,SMS11,control,ConG,top,10,0.297,0.45,0.15300000000000002,1.5,0.10200000000000002,1.7531352e+18,true
48,1.7540874e+18,SMS11,control,ConG,top,10,0.362,0.462,0.10000000000000003,4.25,0.02352941176470589,1.7541027e+18,true
49,1.7542404e+18,SMS11,control,ConG,top,10,0.426,0.465,0.039000000000000035,0.8333333333333334,0.04680000000000004,1.7542434e+18,true
50,1.7543367e+18,SMS11,control,ConG,top,10,0.439,0.463,0.02400000000000002,0.75,0.03200000000000003,1.7543394e+18,true
51,1.7554563e+18,SMS11,control,ConG,top,10,0.388,0.442,0.05399999999999999,1.5,0.036,1.7554617e+18,true
52,1.7566785e+18,SMS11,control,ConG,top,10,0.371,0.454,0.08300000000000002,1.8333333333333333,0.045272727272727284,1.7566851e+18,true
53,1.7572914e+18,SMS11,control,ConG,top,10,0.399,0.457,0.057999999999999996,1.0,0.057999999999999996,1.757295e+18,true
54,1.7576217e+18,SMS11,control,ConG,top,10,0.422,0.444,0.02200000000000002,1.5,0.01466666666666668,1.7576271e+18,true
55,1.7577351e+18,SMS11,control,ConG,top,10,0.426,0.457,0.031000000000000028,0.75,0.04133333333333337,1.7577378e+18,true
56,1.7582472e+18,SMS11,control,ConG,top,10,0.408,0.429,0.02100000000000002,11.833333333333334,0.001774647887323945,1.7582898e+18,true
57,1.7585001e+18,SMS11,control,ConG,top,10,0.413,0.458,0.04500000000000004,24.0,0.0018750000000000017,1.7585865e+18,true
58,1.7585838e+18,SMS11,control,ConG,top,10,0.439,0.459,0.020000000000000018,0.8333333333333334,0.02400000000000002,1.7585868e+18,true
59,1.7588304e+18,SMS11,control,ConG,top,10,0.435,0.464,0.029000000000000026,0.8333333333333334,0.03480000000000003,1.7588334e+18,true
60,1.7590014e+18,SMS11,control,ConG,top,10,0.442,0.465,0.02300000000000002,0.75,0.030666666666666693,1.7590041e+18,true
61,1.7593677e+18,SMS11,control,ConG,top,10,0.421,0.448,0.027000000000000024,13.25,0.0020377358490566056,1.7594154e+18,true
62,1.7595441e+18,SMS11,control,ConG,top,10,0.426,0.455,0.029000000000000026,1.0,0.029000000000000026,1.7595477e+18,true
63,1.7599257e+18,SMS11,control,ConG,top,10,0.425,0.441,0.016000000000000014,3.6666666666666665,0.004363636363636367,1.7599389e+18,true
64,1.7603586e+18,SMS11,control,ConG,top,10,0.412,0.458,0.04600000000000004,10.916666666666666,0.004213740458015271,1.7603979e+18,true
65,1.7603955e+18,SMS11,control,ConG,top,10,0.439,0.458,0.019000000000000017,0.6666666666666666,0.028500000000000025,1.7603979e+18,true
66,1.7605098e+18,SMS11,control,ConG,top,10,0.4395,0.456,0.016500000000000015,18.333333333333332,0.0009000000000000008,1.7605758e+18,true
67,1.760571e+18,SMS11,control,ConG,top,10,0.44,0.456,0.016000000000000014,1.3333333333333333,0.01200000000000001,1.7605758e+18,true
68,1.7606115e+18,SMS11,control,ConG,top,10,0.446,0.458,0.01200000000000001,18.333333333333332,0.0006545454545454552,1.7606775e+18,true
69,1.7606736e+18,SMS11,control,ConG,top,10,0.44,0.461,0.02100000000000002,19.416666666666668,0.0010815450643776833,1.7607435e+18,true
70,1.7607393e+18,SMS11,control,ConG,top,10,0.447,0.461,0.014000000000000012,1.1666666666666667,0.01200000000000001,1.7607435e+18,true
71,1.760841e+18,SMS11,control,ConG,top,10,0.445,0.46,0.015000000000000013,2.4166666666666665,0.006206896551724144,1.7608497e+18,true
72,1.7609427e+18,SMS11,control,ConG,top,10,0.439,0.451,0.01200000000000001,24.0,0.0005000000000000004,1.7610291e+18,true
73,1.7610255e+18,SMS11,control,ConG,top,10,0.437,0.458,0.02100000000000002,9.916666666666666,0.0021176470588235314,1.7610612e+18,true
74,1.7623863e+18,SMS11,control,ConG,top,10,0.401,0.453,0.05199999999999999,8.416666666666666,0.006178217821782178,1.7624166e+18,true
75,1.7625267e+18,SMS11,control,ConG,top,10,0.439,0.46,0.02100000000000002,1.1666666666666667,0.018000000000000016,1.7625309e+18,true
76,1.7632917e+18,SMS11,control,ConG,top,10,0.422,0.452,0.030000000000000027,12.916666666666666,0.0023225806451612923,1.7633382e+18,true
77,1.7633358e+18,SMS11,control,ConG,top,10,0.442,0.455,0.013000000000000012,17.166666666666668,0.0007572815533980589,1.7633976e+18,true
78,1.7633988e+18,SMS11,control,ConG,top,10,0.454,0.457,0.0030000000000000027,23.0,0.00013043478260869578,1.7634816e+18,false
79,1.7634321e+18,SMS11,control,ConG,top,10,0.453,0.458,0.0050000000000000044,15.416666666666666,0.00032432432432432463,1.7634876e+18,true
80,1.7637624e+18,SMS11,control,ConG,top,10,0.432,0.457,0.025000000000000022,19.166666666666668,0.0013043478260869575,1.7638314e+18,true
81,1.7638281e+18,SMS11,control,ConG,top,10,0.449,0.458,0.009000000000000008,20.0,0.0004500000000000004,1.7639001e+18,true
82,1.7638641e+18,SMS11,control,ConG,top,10,0.447,0.461,0.014000000000000012,17.666666666666668,0.0007924528301886799,1.7639277e+18,true
83,1.7639235e+18,SMS11,control,ConG,top,10,0.451,0.461,0.010000000000000009,1.1666666666666667,0.008571428571428579,1.7639277e+18,true
84,1.7639622e+18,SMS11,control,ConG,top,10,0.4505,0.461,0.01050000000000001,7.583333333333333,0.0013846153846153858,1.7639895e+18,true
85,1.764387e+18,SMS11,control,ConG,top,10,0.419,0.45,0.031000000000000028,9.25,0.0033513513513513545,1.7644203e+18,true
86,1.7644239e+18,SMS11,control,ConG,top,10,0.449,0.452,0.0030000000000000027,23.416666666666668,0.00012811387900355884,1.7645082e+18,false
87,1.7646543e+18,SMS11,control,ConG,top,10,0.437,0.455,0.018000000000000016,14.5,0.0012413793103448287,1.7647065e+18,true
88,1.7647029e+18,SMS11,control,ConG,top,10,0.443,0.458,0.015000000000000013,20.833333333333332,0.0007200000000000007,1.7647779e+18,true
89,1.7647875e+18,SMS11,control,ConG,top,10,0.454,0.458,0.0040000000000000036,0.6666666666666666,0.006000000000000005,1.7647899e+18,false
90,1.7648802e+18,SMS11,control,ConG,top,10,0.442,0.458,0.016000000000000014,14.333333333333334,0.0011162790697674429,1.7649318e+18,true
91,1.7649243e+18,SMS11,control,ConG,top,10,0.447,0.458,0.01100000000000001,2.0833333333333335,0.005280000000000004,1.7649318e+18,true
92,1.7659152e+18,SMS11,control,ConG,top,10,0.4,0.434,0.033999999999999975,18.416666666666668,0.0018461538461538446,1.7659815e+18,true
93,1.769319e+18,SMS11,control,ConG,top,10,0.369,0.445,0.07600000000000001,13.833333333333334,0.005493975903614458,1.7693688e+18,true
0,1.7175024e+18,SMS13,control,ConH,middle,10,0.25075963,0.25735393,0.006594299999999997,6.333333333333333,0.0010412052631578945,1.7175252e+18,true
1,1.7177103e+18,SMS13,control,ConH,middle,10,0.252951265,0.2706201100000001,0.0176688450000001,23.5,0.0007518657446808553,1.7177949e+18,true
2,1.7190819e+18,SMS13,control,ConH,middle,10,0.29746279,0.3097592200000001,0.012296430000000136,22.583333333333332,0.0005444913653136592,1.7191632e+18,true
3,1.7191647e+18,SMS13,control,ConH,middle,10,0.30941011000000007,0.3186033399999999,0.00919322999999983,23.75,0.0003870833684210455,1.7192502e+18,true
4,1.7202123e+18,SMS13,control,ConH,middle,10,0.3403451350000001,0.3612335499999999,0.020888414999999827,21.916666666666668,0.0009530835741444788,1.7202912e+18,true
5,1.7228331e+18,SMS13,control,ConH,middle,10,0.3372613299999999,0.3508378299999999,0.013576499999999991,12.5,0.0010861199999999992,1.7228781e+18,true
6,1.7229834e+18,SMS13,control,ConH,middle,10,0.352525195,0.4337708499999999,0.08124565499999986,0.6666666666666666,0.12186848249999979,1.7229858e+18,true
7,1.723077e+18,SMS13,control,ConH,middle,10,0.38813441500000007,0.4393954,0.051260984999999926,19.083333333333332,0.002686165152838424,1.7231457e+18,true
8,1.7231418e+18,SMS13,control,ConH,middle,10,0.399771415,0.4393954,0.03962398499999997,1.0833333333333333,0.03657598615384613,1.7231457e+18,true
9,1.7232363e+18,SMS13,control,ConH,middle,10,0.41007015999999996,0.44176159,0.03169143000000002,1.6666666666666667,0.019014858000000013,1.7232423e+18,true
10,1.7233407e+18,SMS13,control,ConH,middle,10,0.4110205149999999,0.4374559,0.02643538500000009,2.8333333333333335,0.009330135882352972,1.7233509e+18,true
11,1.7253117e+18,SMS13,control,ConH,middle,10,0.38039581000000017,0.38245168,0.0020558699999998487,20.083333333333332,0.00010236697095434931,1.725384e+18,false
12,1.7255781e+18,SMS13,control,ConH,middle,10,0.381191005,0.3855160899999999,0.004325084999999895,18.416666666666668,0.0002348462443438857,1.7256444e+18,false
13,1.7279928e+18,SMS13,control,ConH,middle,10,0.3574127349999999,0.3565399600000001,-0.0008727749999998258,0.0,NaN,1.7279928e+18,false
14,1.728558e+18,SMS13,control,ConH,middle,10,0.34814192499999996,0.36321184,0.015069915000000045,6.666666666666667,0.0022604872500000066,1.728582e+18,true
15,1.7286273e+18,SMS13,control,ConH,middle,10,0.3595655799999999,0.3708534700000001,0.01128789000000019,10.833333333333334,0.0010419590769230943,1.7286663e+18,true
16,1.7287227e+18,SMS13,control,ConH,middle,10,0.3637549,0.3703491999999999,0.006594299999999886,9.333333333333334,0.0007065321428571306,1.7287563e+18,true
17,1.7287812e+18,SMS13,control,ConH,middle,10,0.36722660500000004,0.37795204,0.01072543499999995,15.583333333333334,0.0006882632085561465,1.7288373e+18,true
18,1.728882e+18,SMS13,control,ConH,middle,10,0.3725602299999999,0.42364666,0.05108643000000013,16.5,0.0030961472727272805,1.7289414e+18,true
19,1.728927e+18,SMS13,control,ConH,middle,10,0.40242853,0.42418972,0.021761189999999986,23.833333333333332,0.0009130569230769225,1.7290128e+18,true
20,1.7289927e+18,SMS13,control,ConH,middle,10,0.4050274600000001,0.4242285100000001,0.019201049999999997,5.916666666666667,0.003245247887323943,1.729014e+18,true
21,1.7293176e+18,SMS13,control,ConH,middle,10,0.3940110999999999,0.4155783399999999,0.021567239999999988,5.083333333333333,0.0042427357377049155,1.7293359e+18,true
22,1.7303526e+18,SMS13,control,ConH,middle,10,0.37698229000000005,0.38012428,0.003141989999999928,11.75,0.000267403404255313,1.7303949e+18,false
23,1.7304471e+18,SMS13,control,ConH,middle,10,0.37481005,0.3866022099999999,0.011792159999999885,10.25,0.0011504546341463303,1.730484e+18,true
24,1.7305146e+18,SMS13,control,ConH,middle,10,0.3830141349999999,0.3909079,0.007893765000000053,14.666666666666666,0.0005382112500000036,1.7305674e+18,true
25,1.7305929e+18,SMS13,control,ConH,middle,10,0.38714527,0.3900933100000001,0.002948040000000096,17.0,0.00017341411764706447,1.7306541e+18,false
26,1.7314542e+18,SMS13,control,ConH,middle,10,0.3757991949999999,0.4288445200000002,0.053045325000000254,6.083333333333333,0.008719779452054837,1.7314761e+18,true
27,1.7315361e+18,SMS13,control,ConH,middle,10,0.41513225500000006,0.42899968,0.013867424999999933,12.583333333333334,0.0011020470198675443,1.7315814e+18,true
28,1.7315775e+18,SMS13,control,ConH,middle,10,0.42081498999999983,0.42899968,0.008184690000000161,1.0833333333333333,0.007555098461538611,1.7315814e+18,true
29,1.7316243e+18,SMS13,control,ConH,middle,10,0.413153965,0.4288445200000002,0.01569055500000016,3.5833333333333335,0.004378759534883766,1.7316372e+18,true
30,1.7316954e+18,SMS13,control,ConH,middle,10,0.41936036500000007,0.4258188999999999,0.006458534999999821,13.166666666666666,0.0004905216455696067,1.7317428e+18,true
31,1.7318088e+18,SMS13,control,ConH,middle,10,0.4147637500000001,0.42950395,0.014740199999999926,3.5,0.004211485714285693,1.7318214e+18,true
32,1.7326116e+18,SMS13,control,ConH,middle,10,0.3838093299999998,0.42054346,0.0367341300000002,21.0,0.0017492442857142952,1.7326872e+18,true
33,1.7329545e+18,SMS13,control,ConH,middle,10,0.3972306700000001,0.4213968399999999,0.024166169999999765,6.833333333333333,0.003536512682926795,1.7329791e+18,true
34,1.7339076e+18,SMS13,control,ConH,middle,10,0.3904618150000001,0.4231811799999998,0.03271936499999972,21.833333333333332,0.001498596870228995,1.7339862e+18,true
35,1.7339751e+18,SMS13,control,ConH,middle,10,0.42042708999999984,0.42562495,0.005197860000000165,15.75,0.0003300228571428676,1.7340318e+18,true
36,1.7340084e+18,SMS13,control,ConH,middle,10,0.42015556000000004,0.42562495,0.005469389999999963,6.5,0.0008414446153846097,1.7340318e+18,true
37,1.7340723e+18,SMS13,control,ConH,middle,10,0.4160438200000001,0.4265946999999999,0.010550879999999763,8.416666666666666,0.001253569900990071,1.7341026e+18,true
38,1.7340993e+18,SMS13,control,ConH,middle,10,0.4185263799999999,0.4265946999999999,0.008068319999999962,0.9166666666666666,0.008801803636363596,1.7341026e+18,true
39,1.7352846e+18,SMS13,control,ConH,middle,10,0.3831499,0.3905975799999999,0.007447679999999901,9.25,0.000805154594594584,1.7353179e+18,true
40,1.7355024e+18,SMS13,control,ConH,middle,10,0.386893135,0.4087513,0.021858164999999985,19.916666666666668,0.001097481087866108,1.7355741e+18,true
41,1.7417259e+18,SMS13,control,ConH,middle,10,0.33,0.397,0.067,16.416666666666668,0.004081218274111675,1.741785e+18,true
42,1.7474355e+18,SMS13,control,ConH,middle,10,0.3215,0.321,-0.0005000000000000004,0.0,NaN,1.7474355e+18,false
43,1.7474958e+18,SMS13,control,ConH,middle,10,0.312,0.321,0.009000000000000008,23.583333333333332,0.0003816254416961134,1.7475807e+18,true
44,1.7475318e+18,SMS13,control,ConH,middle,10,0.313,0.323,0.010000000000000009,16.0,0.0006250000000000006,1.7475894e+18,true
45,1.7496783e+18,SMS13,control,ConH,middle,10,0.317,0.326,0.009000000000000008,19.583333333333332,0.00045957446808510684,1.7497488e+18,true
46,1.7506251e+18,SMS13,control,ConH,middle,10,0.334,0.333,-0.0010000000000000009,0.0,NaN,1.7506251e+18,false
47,1.7531298e+18,SMS13,control,ConH,middle,10,0.306,0.305,-0.0010000000000000009,0.0,NaN,1.7531298e+18,false
48,1.7540874e+18,SMS13,control,ConH,middle,10,0.315,0.314,-0.0010000000000000009,0.0,NaN,1.7540874e+18,false
49,1.7542404e+18,SMS13,control,ConH,middle,10,0.311,0.322,0.01100000000000001,23.583333333333332,0.0004664310954063609,1.7543253e+18,true
50,1.7543367e+18,SMS13,control,ConH,middle,10,0.323,0.4,0.07700000000000001,20.75,0.0037108433734939763,1.7544114e+18,true
51,1.7554563e+18,SMS13,control,ConH,middle,10,0.365,0.365,0.0,0.0,NaN,1.7554563e+18,false
52,1.7566785e+18,SMS13,control,ConH,middle,10,0.35,0.349,-0.0010000000000000009,0.0,NaN,1.7566785e+18,false
53,1.7572914e+18,SMS13,control,ConH,middle,10,0.347,0.351,0.0040000000000000036,16.25,0.00024615384615384636,1.7573499e+18,false
54,1.7576217e+18,SMS13,control,ConH,middle,10,0.349,0.347,-0.0020000000000000018,0.0,NaN,1.7576217e+18,false
55,1.7577351e+18,SMS13,control,ConH,middle,10,0.338,0.342,0.0040000000000000036,12.416666666666666,0.0003221476510067117,1.7577798e+18,false
56,1.7582472e+18,SMS13,control,ConH,middle,10,0.3555,0.358,0.0025000000000000022,15.333333333333334,0.00016304347826086971,1.7583024e+18,false
57,1.7585001e+18,SMS13,control,ConH,middle,10,0.36,0.409,0.04899999999999999,5.75,0.00852173913043478,1.7585208e+18,true
58,1.7585838e+18,SMS13,control,ConH,middle,10,0.3985,0.404,0.005500000000000005,16.833333333333332,0.000326732673267327,1.7586444e+18,true
59,1.7588304e+18,SMS13,control,ConH,middle,10,0.395,0.413,0.01799999999999996,4.5,0.003999999999999991,1.7588466e+18,true
60,1.7590014e+18,SMS13,control,ConH,middle,10,0.402,0.402,0.0,19.333333333333332,0.0,1.759071e+18,false
61,1.7593677e+18,SMS13,control,ConH,middle,10,0.385,0.392,0.007000000000000006,14.583333333333334,0.0004800000000000004,1.7594202e+18,true
62,1.7595441e+18,SMS13,control,ConH,middle,10,0.381,0.406,0.025000000000000022,10.833333333333334,0.0023076923076923096,1.7595831e+18,true
63,1.7599257e+18,SMS13,control,ConH,middle,10,0.3885,0.391,0.0025000000000000022,2.75,0.0009090909090909098,1.7599356e+18,false
64,1.7603586e+18,SMS13,control,ConH,middle,10,0.379,0.389,0.010000000000000009,23.666666666666668,0.000422535211267606,1.7604438e+18,true
65,1.7603955e+18,SMS13,control,ConH,middle,10,0.377,0.395,0.018000000000000016,17.5,0.0010285714285714295,1.7604585e+18,true
66,1.7605098e+18,SMS13,control,ConH,middle,10,0.386,0.392,0.006000000000000005,8.583333333333334,0.0006990291262135928,1.7605407e+18,true
67,1.760571e+18,SMS13,control,ConH,middle,10,0.388,0.394,0.006000000000000005,15.083333333333334,0.0003977900552486191,1.7606253e+18,true
68,1.7606115e+18,SMS13,control,ConH,middle,10,0.387,0.402,0.015000000000000013,23.333333333333332,0.0006428571428571435,1.7606955e+18,true
69,1.7606736e+18,SMS13,control,ConH,middle,10,0.389,0.41,0.020999999999999963,23.75,0.0008842105263157879,1.7607591e+18,true
70,1.7607393e+18,SMS13,control,ConH,middle,10,0.401,0.414,0.012999999999999956,12.666666666666666,0.0010263157894736807,1.7607849e+18,true
71,1.760841e+18,SMS13,control,ConH,middle,10,0.405,0.414,0.008999999999999952,13.0,0.0006923076923076887,1.7608878e+18,true
72,1.7609427e+18,SMS13,control,ConH,middle,10,0.402,0.403,0.0010000000000000009,7.083333333333333,0.00014117647058823542,1.7609682e+18,false
73,1.7610255e+18,SMS13,control,ConH,middle,10,0.397,0.425,0.02799999999999997,17.166666666666668,0.0016310679611650466,1.7610873e+18,true
74,1.7623863e+18,SMS13,control,ConH,middle,10,0.383,0.394,0.01100000000000001,16.5,0.0006666666666666673,1.7624457e+18,true
75,1.7625267e+18,SMS13,control,ConH,middle,10,0.392,0.4,0.008000000000000007,23.833333333333332,0.00033566433566433596,1.7626125e+18,true
76,1.7632917e+18,SMS13,control,ConH,middle,10,0.373,0.411,0.03799999999999998,19.25,0.001974025974025973,1.763361e+18,true
77,1.7633358e+18,SMS13,control,ConH,middle,10,0.379,0.414,0.034999999999999976,18.583333333333332,0.0018834080717488777,1.7634027e+18,true
78,1.7633988e+18,SMS13,control,ConH,middle,10,0.407,0.422,0.015000000000000013,19.25,0.0007792207792207799,1.7634681e+18,true
79,1.7634321e+18,SMS13,control,ConH,middle,10,0.413,0.423,0.010000000000000009,15.916666666666666,0.0006282722513089011,1.7634894e+18,true
80,1.7637624e+18,SMS13,control,ConH,middle,10,0.401,0.41,0.008999999999999952,16.916666666666668,0.0005320197044334947,1.7638233e+18,true
81,1.7638281e+18,SMS13,control,ConH,middle,10,0.409,0.418,0.009000000000000008,18.25,0.0004931506849315073,1.7638938e+18,true
82,1.7638641e+18,SMS13,control,ConH,middle,10,0.405,0.418,0.012999999999999956,8.25,0.0015757575757575704,1.7638938e+18,true
83,1.7639235e+18,SMS13,control,ConH,middle,10,0.413,0.421,0.008000000000000007,18.833333333333332,0.0004247787610619473,1.7639913e+18,true
84,1.7639622e+18,SMS13,control,ConH,middle,10,0.409,0.421,0.01200000000000001,8.083333333333334,0.001484536082474228,1.7639913e+18,true
85,1.764387e+18,SMS13,control,ConH,middle,10,0.391,0.42,0.02899999999999997,16.916666666666668,0.0017142857142857125,1.7644479e+18,true
86,1.7644239e+18,SMS13,control,ConH,middle,10,0.404,0.42,0.01599999999999996,6.666666666666667,0.0023999999999999937,1.7644479e+18,true
87,1.7646543e+18,SMS13,control,ConH,middle,10,0.4015,0.416,0.014499999999999957,20.333333333333332,0.0007131147540983586,1.7647275e+18,true
88,1.7647029e+18,SMS13,control,ConH,middle,10,0.4025,0.417,0.014499999999999957,19.416666666666668,0.0007467811158798261,1.7647728e+18,true
89,1.7647875e+18,SMS13,control,ConH,middle,10,0.413,0.422,0.009000000000000008,3.3333333333333335,0.0027000000000000023,1.7647995e+18,true
90,1.7648802e+18,SMS13,control,ConH,middle,10,0.408,0.411,0.0030000000000000027,17.0,0.00017647058823529426,1.7649414e+18,false
91,1.7649243e+18,SMS13,control,ConH,middle,10,0.404,0.411,0.006999999999999951,4.75,0.0014736842105263054,1.7649414e+18,true
92,1.7659152e+18,SMS13,control,ConH,middle,10,0.38,0.387,0.007000000000000006,20.583333333333332,0.00034008097165991934,1.7659893e+18,true
93,1.769319e+18,SMS13,control,ConH,middle,10,0.345,0.415,0.07,16.25,0.004307692307692308,1.7693775e+18,true
0,1.7175024e+18,SMS15,control,ConI,bottom,10,0.28088006499999996,0.28179163,0.0009115650000000586,5.5,0.00016573909090910157,1.7175222e+18,false
1,1.7177103e+18,SMS15,control,ConI,bottom,10,0.27271477,0.4674017799999999,0.19468700999999988,2.5,0.07787480399999995,1.7177193e+18,true
2,1.7190819e+18,SMS15,control,ConI,bottom,10,0.412223005,0.46619929,0.05397628500000001,5.916666666666667,0.009122752394366199,1.7191032e+18,true
3,1.7191647e+18,SMS15,control,ConI,bottom,10,0.45824733999999984,0.45991531,0.0016679700000001851,0.4166666666666667,0.004003128000000444,1.7191662e+18,false
4,1.7202123e+18,SMS15,control,ConI,bottom,10,0.43208348500000004,0.4533598000000001,0.021276315000000046,6.5,0.003273279230769238,1.7202357e+18,true
5,1.7228331e+18,SMS15,control,ConI,bottom,10,0.36183479499999993,0.40390255,0.042067755000000095,12.916666666666666,0.0032568584516129108,1.7228796e+18,true
6,1.7229834e+18,SMS15,control,ConI,bottom,10,0.40085753499999993,0.4211253100000001,0.020267775000000154,19.083333333333332,0.0010620668122270824,1.7230521e+18,true
7,1.723077e+18,SMS15,control,ConI,bottom,10,0.4141043200000001,0.4719402100000001,0.05783589,19.416666666666668,0.002978672446351931,1.7231469e+18,true
8,1.7231418e+18,SMS15,control,ConI,bottom,10,0.444341125,0.4719402100000001,0.02759908500000008,1.4166666666666667,0.019481707058823582,1.7231469e+18,true
9,1.7232363e+18,SMS15,control,ConI,bottom,10,0.454853215,0.4727160100000001,0.017862795000000098,1.25,0.014290236000000078,1.7232408e+18,true
10,1.7233407e+18,SMS15,control,ConI,bottom,10,0.454232575,0.4681,0.013867424999999989,0.8333333333333334,0.016640909999999984,1.7233437e+18,true
11,1.7253117e+18,SMS15,control,ConI,bottom,10,0.41961250000000005,0.44381746,0.024204959999999942,19.5,0.001241279999999997,1.7253819e+18,true
12,1.7255781e+18,SMS15,control,ConI,bottom,10,0.43322779,0.4679448399999999,0.034717049999999916,0.9166666666666666,0.037873145454545364,1.7255814e+18,true
13,1.7279928e+18,SMS15,control,ConI,bottom,10,0.367536925,0.37166806,0.004131135000000008,18.916666666666668,0.0002183859911894277,1.7280609e+18,false
14,1.728558e+18,SMS15,control,ConI,bottom,10,0.36020561500000003,0.3747712599999999,0.01456564499999985,24.0,0.0006069018749999938,1.7286444e+18,true
15,1.7286273e+18,SMS15,control,ConI,bottom,10,0.36951521500000006,0.3871064799999999,0.017591264999999856,10.416666666666666,0.0016887614399999863,1.7286648e+18,true
16,1.7287227e+18,SMS15,control,ConI,bottom,10,0.3812491899999999,0.3973858299999999,0.01613663999999998,24.0,0.0006723599999999991,1.7288091e+18,true
17,1.7287812e+18,SMS15,control,ConI,bottom,10,0.3889684,0.41169934,0.022730940000000033,15.416666666666666,0.0014744393513513535,1.7288367e+18,true
18,1.728882e+18,SMS15,control,ConI,bottom,10,0.40432924,0.4612729600000001,0.05694372000000014,17.25,0.0033010852173913125,1.7289441e+18,true
19,1.728927e+18,SMS15,control,ConI,bottom,10,0.44470963,0.4679060500000001,0.02319642000000005,23.916666666666668,0.0009698851567944271,1.7290131e+18,true
20,1.7289927e+18,SMS15,control,ConI,bottom,10,0.4504117599999999,0.4679060500000001,0.01749429000000019,5.666666666666667,0.0030872276470588567,1.7290131e+18,true
21,1.7293176e+18,SMS15,control,ConI,bottom,10,0.437785615,0.46162207,0.02383645499999998,6.666666666666667,0.0035754682499999964,1.7293416e+18,true
22,1.7303526e+18,SMS15,control,ConI,bottom,10,0.4248879399999999,0.4417228,0.016834860000000118,11.083333333333334,0.0015189347368421157,1.7303925e+18,true
23,1.7304471e+18,SMS15,control,ConI,bottom,10,0.43326658,0.4492092700000001,0.015942690000000093,8.166666666666666,0.001952166122448991,1.7304765e+18,true
24,1.7305146e+18,SMS15,control,ConI,bottom,10,0.44197493500000007,0.44785162,0.005876684999999937,13.916666666666666,0.0004222767664670614,1.7305647e+18,true
25,1.7305929e+18,SMS15,control,ConI,bottom,10,0.44238223,0.4446320500000001,0.0022498200000001245,16.416666666666668,0.00013704487309645428,1.730652e+18,false
26,1.7314542e+18,SMS15,control,ConI,bottom,10,0.4189142799999999,0.4608074799999999,0.041893199999999964,23.333333333333332,0.0017954228571428557,1.7315382e+18,true
27,1.7315361e+18,SMS15,control,ConI,bottom,10,0.45747154,0.46356157,0.0060900299999999685,14.25,0.0004273705263157873,1.7315874e+18,true
28,1.7315775e+18,SMS15,control,ConI,bottom,10,0.4590037450000001,0.4648416399999999,0.005837894999999815,15.5,0.0003766383870967623,1.7316333e+18,true
29,1.7316243e+18,SMS15,control,ConI,bottom,10,0.457025455,0.46720783,0.010182374999999966,20.333333333333332,0.0005007725409836049,1.7316975e+18,true
30,1.7316954e+18,SMS15,control,ConI,bottom,10,0.462456055,0.46720783,0.004751775000000014,0.5833333333333334,0.008145900000000024,1.7316975e+18,false
31,1.7318088e+18,SMS15,control,ConI,bottom,10,0.46185480999999984,0.46631566,0.004460850000000183,5.916666666666667,0.0007539464788732703,1.7318301e+18,false
32,1.7326116e+18,SMS15,control,ConI,bottom,10,0.42771961,0.4583249200000001,0.030605310000000108,23.5,0.001302353617021281,1.7326962e+18,true
33,1.7329545e+18,SMS15,control,ConI,bottom,10,0.4427313399999999,0.4585964499999999,0.01586510999999996,24.0,0.0006610462499999983,1.7330409e+18,true
34,1.7339076e+18,SMS15,control,ConI,bottom,10,0.43012459000000003,0.45863524,0.02851064999999997,5.916666666666667,0.004818701408450699,1.7339289e+18,true
35,1.7339751e+18,SMS15,control,ConI,bottom,10,0.45785944,0.4623590799999999,0.004499639999999916,15.25,0.0002950583606557322,1.73403e+18,false
36,1.7340084e+18,SMS15,control,ConI,bottom,10,0.4589455600000001,0.4623590799999999,0.0034135199999998367,6.0,0.0005689199999999728,1.73403e+18,false
37,1.7340723e+18,SMS15,control,ConI,bottom,10,0.458111575,0.4637555200000001,0.005643945000000095,10.0,0.0005643945000000095,1.7341083e+18,true
38,1.7340993e+18,SMS15,control,ConI,bottom,10,0.46008986500000004,0.4637555200000001,0.0036656550000000454,2.5,0.001466262000000018,1.7341083e+18,false
39,1.7352846e+18,SMS15,control,ConI,bottom,10,0.42027193,0.4356715600000001,0.015399630000000109,8.333333333333334,0.0018479556000000129,1.7353146e+18,true
40,1.7355024e+18,SMS15,control,ConI,bottom,10,0.4301245899999999,0.4571224299999999,0.026997839999999995,2.5,0.010799135999999997,1.7355114e+18,true
41,1.7417259e+18,SMS15,control,ConI,bottom,10,0.3355,0.453,0.1175,3.0,0.03916666666666666,1.7417367e+18,true
42,1.7474355e+18,SMS15,control,ConI,bottom,10,0.339,0.461,0.122,18.416666666666668,0.006624434389140271,1.7475018e+18,true
43,1.7474958e+18,SMS15,control,ConI,bottom,10,0.353,0.461,0.10800000000000004,1.6666666666666667,0.06480000000000002,1.7475018e+18,true
44,1.7475318e+18,SMS15,control,ConI,bottom,10,0.44,0.46,0.020000000000000018,0.9166666666666666,0.021818181818181837,1.7475351e+18,true
45,1.7496783e+18,SMS15,control,ConI,bottom,10,0.348,0.455,0.10700000000000004,2.5833333333333335,0.04141935483870969,1.7496876e+18,true
46,1.7506251e+18,SMS15,control,ConI,bottom,10,0.395,0.395,0.0,18.333333333333332,0.0,1.7506911e+18,false
47,1.7531298e+18,SMS15,control,ConI,bottom,10,0.316,0.425,0.10899999999999999,19.75,0.005518987341772151,1.7532009e+18,true
48,1.7540874e+18,SMS15,control,ConI,bottom,10,0.364,0.458,0.09400000000000003,5.583333333333333,0.016835820895522394,1.7541075e+18,true
49,1.7542404e+18,SMS15,control,ConI,bottom,10,0.434,0.466,0.03200000000000003,1.75,0.0182857142857143,1.7542467e+18,true
50,1.7543367e+18,SMS15,control,ConI,bottom,10,0.445,0.466,0.02100000000000002,1.5833333333333333,0.013263157894736855,1.7543424e+18,true
51,1.7554563e+18,SMS15,control,ConI,bottom,10,0.408,0.422,0.014000000000000012,20.75,0.0006746987951807235,1.755531e+18,true
52,1.7566785e+18,SMS15,control,ConI,bottom,10,0.38,0.44,0.06,13.5,0.0044444444444444444,1.7567271e+18,true
53,1.7572914e+18,SMS15,control,ConI,bottom,10,0.409,0.459,0.050000000000000044,2.5,0.020000000000000018,1.7573004e+18,true
54,1.7576217e+18,SMS15,control,ConI,bottom,10,0.431,0.431,0.0,19.416666666666668,0.0,1.7576916e+18,false
55,1.7577351e+18,SMS15,control,ConI,bottom,10,0.423,0.459,0.03600000000000003,1.0,0.03600000000000003,1.7577387e+18,true
56,1.7582472e+18,SMS15,control,ConI,bottom,10,0.423,0.426,0.0030000000000000027,13.583333333333334,0.00022085889570552165,1.7582961e+18,false
57,1.7585001e+18,SMS15,control,ConI,bottom,10,0.4225,0.46,0.03750000000000003,24.0,0.0015625000000000014,1.7585865e+18,true
58,1.7585838e+18,SMS15,control,ConI,bottom,10,0.446,0.462,0.016000000000000014,1.0,0.016000000000000014,1.7585874e+18,true
59,1.7588304e+18,SMS15,control,ConI,bottom,10,0.444,0.466,0.02200000000000002,1.0,0.02200000000000002,1.758834e+18,true
60,1.7590014e+18,SMS15,control,ConI,bottom,10,0.449,0.467,0.018000000000000016,1.1666666666666667,0.01542857142857144,1.7590056e+18,true
61,1.7593677e+18,SMS15,control,ConI,bottom,10,0.432,0.445,0.013000000000000012,14.583333333333334,0.0008914285714285722,1.7594202e+18,true
62,1.7595441e+18,SMS15,control,ConI,bottom,10,0.431,0.458,0.027000000000000024,1.9166666666666667,0.014086956521739143,1.759551e+18,true
63,1.7599257e+18,SMS15,control,ConI,bottom,10,0.4335,0.442,0.008500000000000008,3.3333333333333335,0.0025500000000000024,1.7599377e+18,true
64,1.7603586e+18,SMS15,control,ConI,bottom,10,0.4245,0.46,0.03550000000000003,11.25,0.003155555555555558,1.7603991e+18,true
65,1.7603955e+18,SMS15,control,ConI,bottom,10,0.441,0.46,0.019000000000000017,1.0,0.019000000000000017,1.7603991e+18,true
66,1.7605098e+18,SMS15,control,ConI,bottom,10,0.443,0.451,0.008000000000000007,18.416666666666668,0.00043438914027149356,1.7605761e+18,true
67,1.760571e+18,SMS15,control,ConI,bottom,10,0.444,0.453,0.009000000000000008,13.083333333333334,0.0006878980891719751,1.7606181e+18,true
68,1.7606115e+18,SMS15,control,ConI,bottom,10,0.447,0.46,0.013000000000000012,20.083333333333332,0.000647302904564316,1.7606838e+18,true
69,1.7606736e+18,SMS15,control,ConI,bottom,10,0.444,0.462,0.018000000000000016,19.75,0.000911392405063292,1.7607447e+18,true
70,1.7607393e+18,SMS15,control,ConI,bottom,10,0.451,0.463,0.01200000000000001,12.416666666666666,0.0009664429530201351,1.760784e+18,true
71,1.760841e+18,SMS15,control,ConI,bottom,10,0.45,0.462,0.01200000000000001,3.1666666666666665,0.00378947368421053,1.7608524e+18,true
72,1.7609427e+18,SMS15,control,ConI,bottom,10,0.446,0.449,0.0030000000000000027,6.166666666666667,0.0004864864864864869,1.7609649e+18,false
73,1.7610255e+18,SMS15,control,ConI,bottom,10,0.443,0.461,0.018000000000000016,15.416666666666666,0.0011675675675675687,1.761081e+18,true
74,1.7623863e+18,SMS15,control,ConI,bottom,10,0.416,0.456,0.040000000000000036,8.583333333333334,0.004660194174757285,1.7624172e+18,true
75,1.7625267e+18,SMS15,control,ConI,bottom,10,0.443,0.462,0.019000000000000017,1.5,0.012666666666666678,1.7625321e+18,true
76,1.7632917e+18,SMS15,control,ConI,bottom,10,0.418,0.455,0.03700000000000003,22.5,0.001644444444444446,1.7633727e+18,true
77,1.7633358e+18,SMS15,control,ConI,bottom,10,0.439,0.457,0.018000000000000016,18.666666666666668,0.000964285714285715,1.763403e+18,true
78,1.7633988e+18,SMS15,control,ConI,bottom,10,0.455,0.458,0.0030000000000000027,23.666666666666668,0.00012676056338028178,1.763484e+18,false
79,1.7634321e+18,SMS15,control,ConI,bottom,10,0.454,0.458,0.0040000000000000036,14.416666666666666,0.0002774566473988442,1.763484e+18,false
80,1.7637624e+18,SMS15,control,ConI,bottom,10,0.44,0.456,0.016000000000000014,8.916666666666666,0.0017943925233644877,1.7637945e+18,true
81,1.7638281e+18,SMS15,control,ConI,bottom,10,0.453,0.46,0.007000000000000006,11.416666666666666,0.0006131386861313874,1.7638692e+18,true
82,1.7638641e+18,SMS15,control,ConI,bottom,10,0.449,0.462,0.013000000000000012,17.916666666666668,0.0007255813953488379,1.7639286e+18,true
83,1.7639235e+18,SMS15,control,ConI,bottom,10,0.454,0.462,0.008000000000000007,1.4166666666666667,0.0056470588235294165,1.7639286e+18,true
84,1.7639622e+18,SMS15,control,ConI,bottom,10,0.453,0.462,0.009000000000000008,7.75,0.0011612903225806462,1.7639901e+18,true
85,1.764387e+18,SMS15,control,ConI,bottom,10,0.431,0.455,0.02400000000000002,11.583333333333334,0.002071942446043167,1.7644287e+18,true
86,1.7644239e+18,SMS15,control,ConI,bottom,10,0.45,0.457,0.007000000000000006,23.833333333333332,0.00029370629370629396,1.7645097e+18,true
87,1.7646543e+18,SMS15,control,ConI,bottom,10,0.444,0.458,0.014000000000000012,14.916666666666666,0.0009385474860335205,1.764708e+18,true
88,1.7647029e+18,SMS15,control,ConI,bottom,10,0.447,0.459,0.01200000000000001,18.25,0.000657534246575343,1.7647686e+18,true
89,1.7647875e+18,SMS15,control,ConI,bottom,10,0.456,0.461,0.0050000000000000044,0.8333333333333334,0.006000000000000005,1.7647905e+18,true
90,1.7648802e+18,SMS15,control,ConI,bottom,10,0.45,0.46,0.010000000000000009,13.833333333333334,0.0007228915662650608,1.76493e+18,true
91,1.7649243e+18,SMS15,control,ConI,bottom,10,0.45,0.46,0.010000000000000009,1.5833333333333333,0.0063157894736842165,1.76493e+18,true
92,1.7659152e+18,SMS15,control,ConI,bottom,10,0.419,0.444,0.025000000000000022,0.6666666666666666,0.03750000000000003,1.7659176e+18,true
93,1.769319e+18,SMS15,control,ConI,bottom,10,0.36,0.449,0.08900000000000002,13.916666666666666,0.006395209580838325,1.7693691e+18,true
0,1.7175024e+18,SMS02,swale,SwB,slope,40,0.3703104100000001,0.3717844299999999,0.0014740199999997983,18.416666666666668,0.00008003728506786235,1.7175687e+18,false
1,1.7177103e+18,SMS02,swale,SwB,slope,40,0.36817696,0.36833212,0.00015515999999998753,0.0,NaN,1.7177103e+18,false
2,1.7190819e+18,SMS02,swale,SwB,slope,40,0.3674787399999999,0.36872002,0.0012412800000000668,6.75,0.00018389333333334324,1.7191062e+18,false
3,1.7191647e+18,SMS02,swale,SwB,slope,40,0.36662536,0.36829333,0.001667969999999963,8.333333333333334,0.00020015639999999555,1.7191947e+18,false
4,1.7202123e+18,SMS02,swale,SwB,slope,40,0.368429095,0.37038799,0.001958895000000016,8.416666666666666,0.00023274000000000192,1.7202426e+18,false
5,1.7228331e+18,SMS02,swale,SwB,slope,40,0.4145698,0.41468617,0.00011637000000003228,0.0,NaN,1.7228331e+18,false
6,1.7229834e+18,SMS02,swale,SwB,slope,40,0.4116605499999999,0.4123975600000001,0.0007370100000002044,3.8333333333333335,0.0001922634782609229,1.7229972e+18,false
7,1.723077e+18,SMS02,swale,SwB,slope,40,0.41103991,0.4110787,0.00003879000000001076,2.9166666666666665,0.000013299428571432262,1.7230875e+18,false
8,1.7231418e+18,SMS02,swale,SwB,slope,40,0.4101089499999999,0.41716873,0.007059780000000071,24.0,0.00029415750000000296,1.7232282e+18,true
9,1.7232363e+18,SMS02,swale,SwB,slope,40,0.42019434999999994,0.4767501700000001,0.056555820000000145,23.916666666666668,0.00236470327526133,1.7233224e+18,true
10,1.7233407e+18,SMS02,swale,SwB,slope,40,0.477661735,0.4804352200000002,0.002773485000000242,22.583333333333332,0.00012281114391144983,1.723422e+18,false
11,1.7253117e+18,SMS02,swale,SwB,slope,40,0.4645701099999999,0.46604413,0.0014740200000000758,23.833333333333332,0.00006184699300699619,1.7253975e+18,false
12,1.7255781e+18,SMS02,swale,SwB,slope,40,0.4662380799999999,0.47566405,0.009425970000000117,24.0,0.00039274875000000486,1.7256645e+18,true
13,1.7279928e+18,SMS02,swale,SwB,slope,40,0.46018684,0.46057474,0.0003878999999999966,4.333333333333333,0.00008951538461538384,1.7280084e+18,false
14,1.728558e+18,SMS02,swale,SwB,slope,40,0.4597213600000001,0.46007047,0.0003491099999999303,23.166666666666668,0.000015069496402874688,1.7286414e+18,false
15,1.7286273e+18,SMS02,swale,SwB,slope,40,0.4597213600000001,0.4633676200000001,0.0036462600000000123,24.0,0.00015192750000000052,1.7287137e+18,false
16,1.7287227e+18,SMS02,swale,SwB,slope,40,0.4632512499999999,0.4665484,0.003297150000000082,24.0,0.00013738125000000342,1.7288091e+18,false
17,1.7287812e+18,SMS02,swale,SwB,slope,40,0.46497740499999995,0.4692637,0.004286295000000051,23.25,0.00018435677419355057,1.7288649e+18,false
18,1.728882e+18,SMS02,swale,SwB,slope,40,0.4692249100000001,0.47931031,0.010085399999999911,19.916666666666668,0.0005063799163179871,1.7289537e+18,true
19,1.728927e+18,SMS02,swale,SwB,slope,40,0.4736469700000001,0.4797370000000001,0.0060900299999999685,23.666666666666668,0.0002573252112676043,1.7290122e+18,true
20,1.7289927e+18,SMS02,swale,SwB,slope,40,0.4776811299999999,0.4797370000000001,0.0020558700000001817,5.416666666666667,0.0003795452307692643,1.7290122e+18,false
21,1.7293176e+18,SMS02,swale,SwB,slope,40,0.4738797100000001,0.47721565,0.0033359399999998707,18.75,0.0001779167999999931,1.7293851e+18,false
22,1.7303526e+18,SMS02,swale,SwB,slope,40,0.46738238499999996,0.46736299,-0.000019394999999977625,4.916666666666667,-3.9447457627073135e-6,1.7303703e+18,false
23,1.7304471e+18,SMS02,swale,SwB,slope,40,0.46641263499999996,0.4675181500000001,0.0011055150000001124,17.833333333333332,0.0000619914953271091,1.7305113e+18,false
24,1.7305146e+18,SMS02,swale,SwB,slope,40,0.4674405700000002,0.46914733,0.0017067599999997518,21.666666666666668,0.00007877353846152701,1.7305926e+18,false
25,1.7305929e+18,SMS02,swale,SwB,slope,40,0.4688758,0.4698843399999999,0.0010085399999998912,23.916666666666668,0.00004216891986062263,1.730679e+18,false
26,1.7314542e+18,SMS02,swale,SwB,slope,40,0.46488043,0.4790775700000001,0.014197140000000108,11.833333333333334,0.001199758309859164,1.7314968e+18,true
27,1.7315361e+18,SMS02,swale,SwB,slope,40,0.4769053299999999,0.4774483899999999,0.0005430599999999841,2.8333333333333335,0.00019166823529411203,1.7315463e+18,false
28,1.7315775e+18,SMS02,swale,SwB,slope,40,0.47671138,0.47865088,0.001939499999999983,17.583333333333332,0.00011030331753554406,1.7316408e+18,false
29,1.7316243e+18,SMS02,swale,SwB,slope,40,0.4768665400000001,0.47876725,0.0019007099999998611,11.583333333333334,0.00016409007194243403,1.731666e+18,false
30,1.7316954e+18,SMS02,swale,SwB,slope,40,0.4776811299999999,0.47826298,0.0005818500000001059,12.083333333333334,0.000048153103448284625,1.7317389e+18,false
31,1.7318088e+18,SMS02,swale,SwB,slope,40,0.47808842499999993,0.4795042600000001,0.0014158350000001985,8.083333333333334,0.00017515484536084929,1.7318379e+18,false
32,1.7326116e+18,SMS02,swale,SwB,slope,40,0.4661217100000001,0.47554768,0.009425969999999895,14.583333333333334,0.0006463522285714213,1.7326641e+18,true
33,1.7329545e+18,SMS02,swale,SwB,slope,40,0.47069893,0.47527615,0.004577219999999993,6.0,0.0007628699999999988,1.7329761e+18,false
34,1.7339076e+18,SMS02,swale,SwB,slope,40,0.46672295500000005,0.4769053299999999,0.010182374999999855,20.083333333333332,0.0005070062240663828,1.7339799e+18,true
35,1.7339751e+18,SMS02,swale,SwB,slope,40,0.47294875,0.4769053299999999,0.003956579999999932,1.3333333333333333,0.002967434999999949,1.7339799e+18,false
36,1.7340084e+18,SMS02,swale,SwB,slope,40,0.4757222349999999,0.4763622700000001,0.0006400350000002053,9.083333333333334,0.00007046256880736204,1.7340411e+18,false
37,1.7340723e+18,SMS02,swale,SwB,slope,40,0.4757028399999998,0.4770216999999999,0.0013188600000000883,9.583333333333334,0.0001376201739130527,1.7341068e+18,false
38,1.7340993e+18,SMS02,swale,SwB,slope,40,0.4757416299999999,0.4770216999999999,0.0012800699999999665,2.0833333333333335,0.0006144335999999839,1.7341068e+18,false
39,1.7352846e+18,SMS02,swale,SwB,slope,40,0.462533635,0.4634064099999999,0.0008727749999998813,17.666666666666668,0.00004940235849055931,1.7353482e+18,false
40,1.7355024e+18,SMS02,swale,SwB,slope,40,0.46239787,0.46627687,0.0038790000000000213,23.0,0.0001686521739130444,1.7355852e+18,false
41,1.7417259e+18,SMS02,swale,SwB,slope,40,0.433,0.433,0.0,0.0,NaN,1.7417259e+18,false
42,1.7474355e+18,SMS02,swale,SwB,slope,40,0.425,0.426,0.0010000000000000009,0.8333333333333334,0.001200000000000001,1.7474385e+18,false
43,1.7474958e+18,SMS02,swale,SwB,slope,40,0.424,0.425,0.0010000000000000009,23.5,0.00004255319148936174,1.7475804e+18,false
44,1.7475318e+18,SMS02,swale,SwB,slope,40,0.423,0.427,0.0040000000000000036,23.416666666666668,0.00017081850533807845,1.7476161e+18,false
45,1.7496783e+18,SMS02,swale,SwB,slope,40,0.436,0.44,0.0040000000000000036,23.583333333333332,0.00016961130742049486,1.7497632e+18,false
46,1.7506251e+18,SMS02,swale,SwB,slope,40,0.451,0.452,0.0010000000000000009,5.833333333333333,0.0001714285714285716,1.7506461e+18,false
47,1.7531298e+18,SMS02,swale,SwB,slope,40,0.43,0.431,0.0010000000000000009,1.25,0.0008000000000000007,1.7531343e+18,false
48,1.7540874e+18,SMS02,swale,SwB,slope,40,0.427,0.428,0.0010000000000000009,0.0,NaN,1.7540874e+18,false
49,1.7542404e+18,SMS02,swale,SwB,slope,40,0.425,0.426,0.0010000000000000009,3.25,0.000307692307692308,1.7542521e+18,false
50,1.7543367e+18,SMS02,swale,SwB,slope,40,0.425,0.463,0.038000000000000034,22.166666666666668,0.0017142857142857157,1.7544165e+18,true
51,1.7554563e+18,SMS02,swale,SwB,slope,40,0.455,0.456,0.0010000000000000009,6.583333333333333,0.00015189873417721533,1.75548e+18,false
52,1.7566785e+18,SMS02,swale,SwB,slope,40,0.454,0.455,0.0010000000000000009,22.833333333333332,0.00004379562043795624,1.7567607e+18,false
53,1.7572914e+18,SMS02,swale,SwB,slope,40,0.462,0.467,0.0050000000000000044,23.083333333333332,0.00021660649819494606,1.7573745e+18,true
54,1.7576217e+18,SMS02,swale,SwB,slope,40,0.467,0.467,0.0,0.0,NaN,1.7576217e+18,false
55,1.7577351e+18,SMS02,swale,SwB,slope,40,0.465,0.471,0.00599999999999995,19.083333333333332,0.0003144104803493424,1.7578038e+18,true
56,1.7582472e+18,SMS02,swale,SwB,slope,40,0.467,0.467,0.0,0.0,NaN,1.7582472e+18,false
57,1.7585001e+18,SMS02,swale,SwB,slope,40,0.463,0.469,0.00599999999999995,11.666666666666666,0.00051428571428571,1.7585421e+18,true
58,1.7585838e+18,SMS02,swale,SwB,slope,40,0.469,0.47,0.0010000000000000009,8.75,0.00011428571428571439,1.7586153e+18,false
59,1.7588304e+18,SMS02,swale,SwB,slope,40,0.468,0.472,0.003999999999999948,13.5,0.00029629629629629244,1.758879e+18,false
60,1.7590014e+18,SMS02,swale,SwB,slope,40,0.472,0.473,0.0010000000000000009,4.25,0.00023529411764705902,1.7590167e+18,false
61,1.7593677e+18,SMS02,swale,SwB,slope,40,0.467,0.468,0.0010000000000000009,20.0,0.00005000000000000004,1.7594397e+18,false
62,1.7595441e+18,SMS02,swale,SwB,slope,40,0.466,0.47,0.003999999999999948,7.833333333333333,0.0005106382978723338,1.7595723e+18,false
63,1.7599257e+18,SMS02,swale,SwB,slope,40,0.468,0.468,0.0,0.25,0.0,1.7599266e+18,false
64,1.7603586e+18,SMS02,swale,SwB,slope,40,0.465,0.466,0.0010000000000000009,19.0,0.000052631578947368465,1.760427e+18,false
65,1.7603955e+18,SMS02,swale,SwB,slope,40,0.465,0.468,0.0030000000000000027,22.416666666666668,0.000133828996282528,1.7604762e+18,false
66,1.7605098e+18,SMS02,swale,SwB,slope,40,0.468,0.47,0.0019999999999999463,22.0,0.00009090909090908846,1.760589e+18,false
67,1.760571e+18,SMS02,swale,SwB,slope,40,0.469,0.471,0.0020000000000000018,20.666666666666668,0.00009677419354838718,1.7606454e+18,false
68,1.7606115e+18,SMS02,swale,SwB,slope,40,0.47,0.471,0.0010000000000000009,9.416666666666666,0.00010619469026548683,1.7606454e+18,false
69,1.7606736e+18,SMS02,swale,SwB,slope,40,0.471,0.473,0.0020000000000000018,21.666666666666668,0.00009230769230769238,1.7607516e+18,false
70,1.7607393e+18,SMS02,swale,SwB,slope,40,0.472,0.476,0.0040000000000000036,11.583333333333334,0.00034532374100719454,1.760781e+18,false
71,1.760841e+18,SMS02,swale,SwB,slope,40,0.476,0.477,0.0010000000000000009,1.75,0.0005714285714285719,1.7608473e+18,false
72,1.7609427e+18,SMS02,swale,SwB,slope,40,0.477,0.477,0.0,0.08333333333333333,0.0,1.760943e+18,false
73,1.7610255e+18,SMS02,swale,SwB,slope,40,0.475,0.481,0.006000000000000005,15.333333333333334,0.0003913043478260873,1.7610807e+18,true
74,1.7623863e+18,SMS02,swale,SwB,slope,40,0.464,0.466,0.0020000000000000018,13.583333333333334,0.0001472392638036811,1.7624352e+18,false
75,1.7625267e+18,SMS02,swale,SwB,slope,40,0.466,0.469,0.002999999999999947,17.083333333333332,0.0001756097560975579,1.7625882e+18,false
76,1.7632917e+18,SMS02,swale,SwB,slope,40,0.462,0.475,0.012999999999999956,19.833333333333332,0.0006554621848739474,1.7633631e+18,true
77,1.7633358e+18,SMS02,swale,SwB,slope,40,0.463,0.475,0.011999999999999955,7.583333333333333,0.0015824175824175766,1.7633631e+18,true
78,1.7633988e+18,SMS02,swale,SwB,slope,40,0.472,0.474,0.0020000000000000018,10.5,0.00019047619047619064,1.7634366e+18,false
79,1.7634321e+18,SMS02,swale,SwB,slope,40,0.473,0.474,0.0010000000000000009,1.25,0.0008000000000000007,1.7634366e+18,false
80,1.7637624e+18,SMS02,swale,SwB,slope,40,0.47,0.473,0.0030000000000000027,22.666666666666668,0.0001323529411764707,1.763844e+18,false
81,1.7638281e+18,SMS02,swale,SwB,slope,40,0.472,0.476,0.0040000000000000036,16.833333333333332,0.00023762376237623786,1.7638887e+18,false
82,1.7638641e+18,SMS02,swale,SwB,slope,40,0.473,0.476,0.0030000000000000027,6.833333333333333,0.00043902439024390283,1.7638887e+18,false
83,1.7639235e+18,SMS02,swale,SwB,slope,40,0.476,0.476,0.0,0.6666666666666666,0.0,1.7639259e+18,false
84,1.7639622e+18,SMS02,swale,SwB,slope,40,0.476,0.476,0.0,0.0,NaN,1.7639622e+18,false
85,1.764387e+18,SMS02,swale,SwB,slope,40,0.467,0.474,0.006999999999999951,15.0,0.00046666666666666336,1.764441e+18,true
86,1.7644239e+18,SMS02,swale,SwB,slope,40,0.468,0.474,0.00599999999999995,4.75,0.0012631578947368315,1.764441e+18,true
87,1.7646543e+18,SMS02,swale,SwB,slope,40,0.471,0.474,0.0030000000000000027,20.166666666666668,0.0001487603305785125,1.7647269e+18,false
88,1.7647029e+18,SMS02,swale,SwB,slope,40,0.47,0.474,0.0040000000000000036,6.666666666666667,0.0006000000000000005,1.7647269e+18,false
89,1.7647875e+18,SMS02,swale,SwB,slope,40,0.473,0.474,0.0010000000000000009,3.0,0.00033333333333333365,1.7647983e+18,false
90,1.7648802e+18,SMS02,swale,SwB,slope,40,0.473,0.473,0.0,2.8333333333333335,0.0,1.7648904e+18,false
91,1.7649243e+18,SMS02,swale,SwB,slope,40,0.473,0.473,0.0,0.16666666666666666,0.0,1.7649249e+18,false
92,1.7659152e+18,SMS02,swale,SwB,slope,40,0.457,0.458,0.0010000000000000009,21.75,0.000045977011494252914,1.7659935e+18,false
93,1.769319e+18,SMS02,swale,SwB,slope,40,0.436,0.466,0.030000000000000027,15.166666666666666,0.0019780219780219798,1.7693736e+18,true
0,1.7175024e+18,SMS05,swale,SwD,mount,40,0.29598877,0.2962215100000001,0.00023274000000006456,23.75,9.799578947371139e-6,1.7175879e+18,false
1,1.7177103e+18,SMS05,swale,SwD,mount,40,0.29608574499999996,0.2963766700000001,0.00029092500000016397,3.0,0.00009697500000005466,1.7177211e+18,false
2,1.7190819e+18,SMS05,swale,SwD,mount,40,0.29501902,0.2963378799999999,0.0013188599999998663,24.0,0.00005495249999999443,1.7191683e+18,false
3,1.7191647e+18,SMS05,swale,SwD,mount,40,0.29610514,0.4642985799999999,0.16819343999999992,5.666666666666667,0.02968119529411763,1.7191851e+18,true
4,1.7202123e+18,SMS05,swale,SwD,mount,40,0.41391037,0.46825516,0.054344789999999976,17.75,0.0030616783098591535,1.7202762e+18,true
5,1.7228331e+18,SMS05,swale,SwD,mount,40,0.42706018,0.4271377599999999,0.0000775799999999105,0.0,NaN,1.7228331e+18,false
6,1.7229834e+18,SMS05,swale,SwD,mount,40,0.4262067999999999,0.42706018,0.0008533800000001257,23.75,0.000035931789473689505,1.7230689e+18,false
7,1.723077e+18,SMS05,swale,SwD,mount,40,0.4270989700000001,0.4684879,0.041388929999999935,9.166666666666666,0.004515155999999993,1.72311e+18,true
8,1.7231418e+18,SMS05,swale,SwD,mount,40,0.4676733100000001,0.46841032,0.0007370099999998714,1.5,0.0004913399999999143,1.7231472e+18,false
9,1.7232363e+18,SMS05,swale,SwD,mount,40,0.46837153,0.47007829,0.0017067600000000294,20.25,0.0000842844444444459,1.7233092e+18,false
10,1.7233407e+18,SMS05,swale,SwD,mount,40,0.4700394999999999,0.4704273999999999,0.0003878999999999966,11.416666666666666,0.00003397664233576613,1.7233818e+18,false
11,1.7253117e+18,SMS05,swale,SwD,mount,40,0.32248234,0.3287275299999999,0.0062451899999999005,12.5,0.0004996151999999921,1.7253567e+18,true
12,1.7255781e+18,SMS05,swale,SwD,mount,40,0.3339641799999999,0.4696515999999999,0.13568742,23.75,0.005713154526315789,1.7256636e+18,true
13,1.7279928e+18,SMS05,swale,SwD,mount,40,0.43772743,0.47461672,0.03688929000000002,9.083333333333334,0.004061206238532112,1.7280255e+18,true
14,1.728558e+18,SMS05,swale,SwD,mount,40,0.45343738,0.45941104,0.005973659999999992,23.833333333333332,0.00025064307692307657,1.7286438e+18,true
15,1.7286273e+18,SMS05,swale,SwD,mount,40,0.45723879999999995,0.4602644200000001,0.003025620000000173,13.0,0.00023274000000001333,1.7286741e+18,false
16,1.7287227e+18,SMS05,swale,SwD,mount,40,0.459934705,0.4612729600000001,0.0013382550000001214,23.833333333333332,0.00005615055944056454,1.7288085e+18,false
17,1.7287812e+18,SMS05,swale,SwD,mount,40,0.46045837,0.4619711799999999,0.00151280999999992,15.916666666666666,0.00009504565445025676,1.7288385e+18,false
18,1.728882e+18,SMS05,swale,SwD,mount,40,0.4615832799999999,0.4775259700000001,0.015942690000000204,18.0,0.0008857050000000114,1.7289468e+18,true
19,1.728927e+18,SMS05,swale,SwD,mount,40,0.4640270499999999,0.4776811299999999,0.013654080000000013,16.666666666666668,0.0008192448000000007,1.728987e+18,true
20,1.7289927e+18,SMS05,swale,SwD,mount,40,0.47740959999999993,0.47593558,-0.0014740199999999093,4.166666666666667,-0.0003537647999999782,1.7290077e+18,false
21,1.7293176e+18,SMS05,swale,SwD,mount,40,0.4597601499999999,0.4747718799999998,0.01501172999999989,9.25,0.0016228897297297178,1.7293509e+18,true
22,1.7303526e+18,SMS05,swale,SwD,mount,40,0.4474249299999999,0.4475025100000001,0.00007758000000018805,0.3333333333333333,0.00023274000000056416,1.7303538e+18,false
23,1.7304471e+18,SMS05,swale,SwD,mount,40,0.4463388100000001,0.4463775999999999,0.000038789999999788716,0.08333333333333333,0.0004654799999974646,1.7304474e+18,false
24,1.7305146e+18,SMS05,swale,SwD,mount,40,0.4459509100000001,0.4472309799999998,0.001280069999999689,23.833333333333332,0.000053709230769217724,1.7306004e+18,false
25,1.7305929e+18,SMS05,swale,SwD,mount,40,0.44695945,0.4487049999999999,0.001745549999999929,23.75,0.00007349684210526017,1.7306784e+18,false
26,1.7314542e+18,SMS05,swale,SwD,mount,40,0.44381746,0.4719789999999999,0.02816153999999993,17.916666666666668,0.0015718068837209261,1.7315187e+18,true
27,1.7315361e+18,SMS05,swale,SwD,mount,40,0.47097046,0.47178505,0.0008145900000000039,22.75,0.00003580615384615402,1.731618e+18,false
28,1.7315775e+18,SMS05,swale,SwD,mount,40,0.4711644100000001,0.4723668999999999,0.001202489999999834,20.25,0.00005938222222221402,1.7316504e+18,false
29,1.7316243e+18,SMS05,swale,SwD,mount,40,0.47153291500000005,0.4724832700000001,0.0009503550000000693,14.583333333333334,0.00006516720000000475,1.7316768e+18,false
30,1.7316954e+18,SMS05,swale,SwD,mount,40,0.47217295,0.47256085,0.0003878999999999966,15.916666666666666,0.000024370680628272037,1.7317527e+18,false
31,1.7318088e+18,SMS05,swale,SwD,mount,40,0.4720565799999998,0.4732202799999998,0.0011637000000000453,7.0,0.00016624285714286362,1.731834e+18,false
32,1.7326116e+18,SMS05,swale,SwD,mount,40,0.4500238599999999,0.4705049799999999,0.02048112000000002,20.5,0.0009990790243902448,1.7326854e+18,true
33,1.7329545e+18,SMS05,swale,SwD,mount,40,0.4613893299999998,0.4707765100000001,0.009387180000000273,16.916666666666668,0.0005549071921182426,1.7330154e+18,true
34,1.7339076e+18,SMS05,swale,SwD,mount,40,0.44913169,0.4676345200000001,0.018502830000000137,23.75,0.0007790665263157952,1.7339931e+18,true
35,1.7339751e+18,SMS05,swale,SwD,mount,40,0.44851105,0.46914733,0.02063627999999995,22.666666666666668,0.0009104241176470567,1.7340567e+18,true
36,1.7340084e+18,SMS05,swale,SwD,mount,40,0.46786726,0.4692637,0.0013964399999999988,19.916666666666668,0.00007011414225941416,1.7340801e+18,false
37,1.7340723e+18,SMS05,swale,SwD,mount,40,0.46903096,0.4693800700000001,0.00034911000000009684,23.0,0.000015178695652178124,1.7341551e+18,false
38,1.7340993e+18,SMS05,swale,SwD,mount,40,0.4686818500000001,0.4696128100000001,0.0009309599999999807,19.166666666666668,0.000048571826086955514,1.7341683e+18,false
39,1.7352846e+18,SMS05,swale,SwD,mount,40,0.4432744,0.4433519799999999,0.0000775799999999105,1.1666666666666667,0.00006649714285706614,1.7352888e+18,false
40,1.7355024e+18,SMS05,swale,SwD,mount,40,0.4406366799999999,0.44067547,0.00003879000000012178,0.9166666666666666,0.00004231636363649649,1.7355057e+18,false
41,1.7417259e+18,SMS05,swale,SwD,mount,40,0.3376880200000001,0.33830866,0.0006206399999998946,11.5,0.00005396869565216475,1.7417673e+18,false
42,1.7474355e+18,SMS05,swale,SwD,mount,40,0.31763359,0.46294093,0.14530733999999995,23.833333333333332,0.006096811468531467,1.7475213e+18,true
43,1.7474958e+18,SMS05,swale,SwD,mount,40,0.31774996,0.46697509,0.14922512999999998,23.25,0.0064182851612903215,1.7475795e+18,true
44,1.7475318e+18,SMS05,swale,SwD,mount,40,0.4636391499999999,0.4679448399999999,0.004305690000000029,21.0,0.00020503285714285852,1.7476074e+18,false
45,1.7496783e+18,SMS05,swale,SwD,mount,40,0.4082276349999999,0.4671690399999999,0.058941405,21.083333333333332,0.0027956397628458502,1.7497542e+18,true
46,1.7506251e+18,SMS05,swale,SwD,mount,40,0.43093918,0.4312495000000001,0.0003103200000001416,23.916666666666668,0.000012975052264814283,1.7507112e+18,false
47,1.7531298e+18,SMS05,swale,SwD,mount,40,0.3574321299999998,0.3573545499999999,-0.0000775799999999105,1.0,-0.0000775799999999105,1.7531334e+18,false
48,1.7540874e+18,SMS05,swale,SwD,mount,40,0.3296197000000001,0.3300463899999999,0.0004266899999997853,11.583333333333334,0.000036836546762571394,1.7541291e+18,false
49,1.7542404e+18,SMS05,swale,SwD,mount,40,0.32907664,0.4658501799999999,0.13677353999999992,22.416666666666668,0.0061014218587360555,1.7543211e+18,true
50,1.7543367e+18,SMS05,swale,SwD,mount,40,0.46573381,0.46891459,0.003180779999999994,22.416666666666668,0.00014189353159851275,1.7544174e+18,false
51,1.7554563e+18,SMS05,swale,SwD,mount,40,0.433285975,0.43326658,-0.000019394999999977625,0.5,-0.00003878999999995525,1.7554581e+18,false
52,1.7566785e+18,SMS05,swale,SwD,mount,40,0.40743244,0.4675569399999999,0.060124499999999914,22.833333333333332,0.002633189781021894,1.7567607e+18,true
53,1.7572914e+18,SMS05,swale,SwD,mount,40,0.4406366799999999,0.47058256,0.02994588000000009,24.0,0.0012477450000000039,1.7573778e+18,true
54,1.7576217e+18,SMS05,swale,SwD,mount,40,0.45681211,0.4567733200000001,-0.00003878999999989974,0.3333333333333333,-0.00011636999999969921,1.7576229e+18,false
55,1.7577351e+18,SMS05,swale,SwD,mount,40,0.4531270600000001,0.4717074700000001,0.01858040999999999,7.25,0.002562815172413792,1.7577612e+18,true
56,1.7582472e+18,SMS05,swale,SwD,mount,40,0.45110998,0.45107119,-0.00003879000000001076,0.25,-0.00015516000000004304,1.7582481e+18,false
57,1.7585001e+18,SMS05,swale,SwD,mount,40,0.4423434399999999,0.4678284700000002,0.025485030000000297,9.333333333333334,0.0027305389285714604,1.7585337e+18,true
58,1.7585838e+18,SMS05,swale,SwD,mount,40,0.4623590799999999,0.47108683,0.00872775000000009,12.083333333333334,0.0007222965517241453,1.7586273e+18,true
59,1.7588304e+18,SMS05,swale,SwD,mount,40,0.45630784,0.4719402100000001,0.015632370000000062,14.416666666666666,0.0010843262427745709,1.7588823e+18,true
60,1.7590014e+18,SMS05,swale,SwD,mount,40,0.4666259799999999,0.4739960799999998,0.007370099999999935,22.75,0.0003239604395604367,1.7590833e+18,true
61,1.7593677e+18,SMS05,swale,SwD,mount,40,0.4566181600000001,0.4570060600000001,0.0003878999999999966,9.916666666666666,0.000039115966386554277,1.7594034e+18,false
62,1.7595441e+18,SMS05,swale,SwD,mount,40,0.45398044,0.4678284700000002,0.013848030000000233,23.916666666666668,0.0005790117073170829,1.7596302e+18,true
63,1.7599257e+18,SMS05,swale,SwD,mount,40,0.45211852,0.4529719000000001,0.0008533800000000702,16.5,0.000051720000000004255,1.7599851e+18,false
64,1.7603586e+18,SMS05,swale,SwD,mount,40,0.44253739,0.4707765100000001,0.028239120000000117,23.333333333333332,0.0012102480000000051,1.7604426e+18,true
65,1.7603955e+18,SMS05,swale,SwD,mount,40,0.4676345200000001,0.47139715,0.003762629999999878,23.166666666666668,0.00016241568345323214,1.7604789e+18,false
66,1.7605098e+18,SMS05,swale,SwD,mount,40,0.469632205,0.46918612,-0.0004460850000000405,0.08333333333333333,-0.005353020000000486,1.7605101e+18,false
67,1.760571e+18,SMS05,swale,SwD,mount,40,0.4649580099999999,0.4648416399999999,-0.00011637000000003228,0.08333333333333333,-0.0013964400000003874,1.7605713e+18,false
68,1.7606115e+18,SMS05,swale,SwD,mount,40,0.46354217499999995,0.4728323799999998,0.00929020499999983,23.0,0.00040392195652173173,1.7606943e+18,true
69,1.7606736e+18,SMS05,swale,SwD,mount,40,0.4607299,0.47368576,0.012955859999999986,23.75,0.0005455098947368415,1.7607591e+18,true
70,1.7607393e+18,SMS05,swale,SwD,mount,40,0.4734142299999999,0.47434519,0.0009309600000001472,19.916666666666668,0.00004674276150628354,1.760811e+18,false
71,1.760841e+18,SMS05,swale,SwD,mount,40,0.473705155,0.4739184999999999,0.0002133449999999204,3.75,0.000056891999999978773,1.7608545e+18,false
72,1.7609427e+18,SMS05,swale,SwD,mount,40,0.4732202799999998,0.4731039100000001,-0.00011636999999969921,0.0,NaN,1.7609427e+18,false
73,1.7610255e+18,SMS05,swale,SwD,mount,40,0.4677121,0.4753537299999999,0.007641629999999899,20.083333333333332,0.00038049609958505724,1.7610978e+18,true
74,1.7623863e+18,SMS05,swale,SwD,mount,40,0.4393566099999999,0.4394729799999999,0.00011636999999997677,3.0,0.000038789999999992254,1.7623971e+18,false
75,1.7625267e+18,SMS05,swale,SwD,mount,40,0.4386971799999999,0.4686818500000001,0.029984670000000213,17.416666666666668,0.0017216078468899642,1.7625894e+18,true
76,1.7632917e+18,SMS05,swale,SwD,mount,40,0.4445544700000001,0.4676733100000001,0.02311884000000003,23.416666666666668,0.0009872814234875456,1.763376e+18,true
77,1.7633358e+18,SMS05,swale,SwD,mount,40,0.44391443499999994,0.4684491100000001,0.024534675000000172,21.666666666666668,0.0011323696153846233,1.7634138e+18,true
78,1.7633988e+18,SMS05,swale,SwD,mount,40,0.4679060500000001,0.46918612,0.001280069999999911,19.416666666666668,0.00006592635193132588,1.7634687e+18,false
79,1.7634321e+18,SMS05,swale,SwD,mount,40,0.46798363,0.46918612,0.0012024900000000005,10.166666666666666,0.00011827770491803285,1.7634687e+18,false
80,1.7637624e+18,SMS05,swale,SwD,mount,40,0.46398826,0.4639106799999999,-0.00007758000000007703,0.08333333333333333,-0.0009309600000009244,1.7637627e+18,false
81,1.7638281e+18,SMS05,swale,SwD,mount,40,0.4623202899999999,0.4724832700000001,0.01016298000000021,23.083333333333332,0.0004402735018050633,1.7639112e+18,true
82,1.7638641e+18,SMS05,swale,SwD,mount,40,0.4618936,0.47318149,0.011287889999999967,22.166666666666668,0.0005092281203007504,1.7639439e+18,true
83,1.7639235e+18,SMS05,swale,SwD,mount,40,0.4727160100000001,0.47395729,0.0012412799999999002,21.833333333333332,0.0000568525190839649,1.7640021e+18,false
84,1.7639622e+18,SMS05,swale,SwD,mount,40,0.47318149,0.4739960799999998,0.0008145899999998374,16.0,0.00005091187499998984,1.7640198e+18,false
85,1.764387e+18,SMS05,swale,SwD,mount,40,0.45803399499999997,0.47007829,0.012044295000000038,22.583333333333332,0.0005333267158671603,1.7644683e+18,true
86,1.7644239e+18,SMS05,swale,SwD,mount,40,0.45698666500000007,0.47034982,0.013363154999999904,21.75,0.0006143979310344784,1.7645022e+18,true
87,1.7646543e+18,SMS05,swale,SwD,mount,40,0.4656174399999999,0.46553986,-0.00007757999999985499,0.4166666666666667,-0.00018619199999965195,1.7646558e+18,false
88,1.7647029e+18,SMS05,swale,SwD,mount,40,0.46373612500000005,0.46367794,-0.000058185000000043896,0.16666666666666666,-0.0003491100000002634,1.7647035e+18,false
89,1.7647875e+18,SMS05,swale,SwD,mount,40,0.4634452,0.4717074700000001,0.008262270000000072,20.916666666666668,0.00039500892430279226,1.7648628e+18,true
90,1.7648802e+18,SMS05,swale,SwD,mount,40,0.47151352,0.47190142,0.0003878999999999966,6.0,0.00006464999999999943,1.7649018e+18,false
91,1.7649243e+18,SMS05,swale,SwD,mount,40,0.47124199,0.47112562,-0.00011636999999997677,3.3333333333333335,-0.00003491099999999303,1.7649363e+18,false
92,1.7659152e+18,SMS05,swale,SwD,mount,40,0.44238223,0.4424598100000001,0.00007758000000013254,0.75,0.00010344000000017672,1.7659179e+18,false
93,1.769319e+18,SMS05,swale,SwD,mount,40,0.40692817,0.4070833299999999,0.00015515999999993202,10.333333333333334,0.000015015483870961163,1.7693562e+18,false
0,1.7175024e+18,SMS07,swale,SwE,down,40,0.33817289500000003,0.340093,0.0019201049999999498,17.416666666666668,0.00011024526315789184,1.7175651e+18,false
1,1.7177103e+18,SMS07,swale,SwE,down,40,0.3369898,0.3375716499999999,0.0005818499999998838,2.5833333333333335,0.00022523225806447115,1.7177196e+18,false
2,1.7190819e+18,SMS07,swale,SwE,down,40,0.3385026099999999,0.33974389,0.0012412800000000668,6.75,0.00018389333333334324,1.7191062e+18,false
3,1.7191647e+18,SMS07,swale,SwE,down,40,0.3374552799999999,0.3390068799999999,0.0015515999999999863,7.583333333333333,0.0002046065934065916,1.719192e+18,false
4,1.7202123e+18,SMS07,swale,SwE,down,40,0.33799833999999995,0.3395111500000001,0.001512810000000142,7.083333333333333,0.0002135731764706083,1.7202378e+18,false
5,1.7228331e+18,SMS07,swale,SwE,down,40,0.356947255,0.3571606000000001,0.00021334500000008694,0.3333333333333333,0.0006400350000002608,1.7228343e+18,false
6,1.7229834e+18,SMS07,swale,SwE,down,40,0.3529324899999999,0.3537858700000001,0.0008533800000002367,3.4166666666666665,0.00024976975609763025,1.7229957e+18,false
7,1.723077e+18,SMS07,swale,SwE,down,40,0.35190455499999995,0.5008387599999999,0.148934205,22.5,0.006619297999999999,1.723158e+18,true
8,1.7231418e+18,SMS07,swale,SwE,down,40,0.4567345300000001,0.5016145599999999,0.04488002999999985,11.916666666666666,0.003766156363636351,1.7231847e+18,true
9,1.7232363e+18,SMS07,swale,SwE,down,40,0.5005284399999999,0.50557114,0.005042700000000178,4.583333333333333,0.0011002254545454933,1.7232528e+18,true
10,1.7233407e+18,SMS07,swale,SwE,down,40,0.50374801,0.5060366200000002,0.0022886100000001353,4.25,0.0005384964705882671,1.723356e+18,false
11,1.7253117e+18,SMS07,swale,SwE,down,40,0.4853615499999999,0.48617614,0.0008145900000000594,4.833333333333333,0.00016853586206897782,1.7253291e+18,false
12,1.7255781e+18,SMS07,swale,SwE,down,40,0.4842754299999998,0.5042134899999999,0.019938060000000146,12.5,0.0015950448000000117,1.7256231e+18,true
13,1.7279928e+18,SMS07,swale,SwE,down,40,0.4880380600000001,0.4887362799999999,0.0006982199999998051,3.4166666666666665,0.0002043570731706747,1.7280051e+18,false
14,1.728558e+18,SMS07,swale,SwE,down,40,0.48662222499999996,0.4867967799999999,0.00017455499999990964,13.916666666666666,0.000012542874251490513,1.7286081e+18,false
15,1.7286273e+18,SMS07,swale,SwE,down,40,0.4864864600000001,0.4883095899999998,0.001823129999999673,21.5,0.0000847967441860313,1.7287047e+18,false
16,1.7287227e+18,SMS07,swale,SwE,down,40,0.488018665,0.4905982,0.002579534999999966,23.666666666666668,0.00010899443661971687,1.7288079e+18,false
17,1.7287812e+18,SMS07,swale,SwE,down,40,0.4889690200000001,0.4924989100000001,0.0035298900000000355,23.833333333333332,0.00014810727272727422,1.728867e+18,false
18,1.728882e+18,SMS07,swale,SwE,down,40,0.4922855650000001,0.5054935600000001,0.013207995000000028,17.25,0.000765680869565219,1.7289441e+18,true
19,1.728927e+18,SMS07,swale,SwE,down,40,0.4989768399999999,0.5054935600000001,0.006516720000000198,4.75,0.0013719410526316206,1.7289441e+18,true
20,1.7289927e+18,SMS07,swale,SwE,down,40,0.502099435,0.5044850200000002,0.00238558500000019,2.1666666666666665,0.0011010392307693184,1.7290005e+18,false
21,1.7293176e+18,SMS07,swale,SwE,down,40,0.4964942799999998,0.50370922,0.0072149400000001696,2.8333333333333335,0.0025464494117647656,1.7293278e+18,true
22,1.7303526e+18,SMS07,swale,SwE,down,40,0.49135460500000006,0.4912964200000001,-0.000058184999999932874,0.08333333333333333,-0.0006982199999991945,1.7303529e+18,false
23,1.7304471e+18,SMS07,swale,SwE,down,40,0.4902490900000001,0.4906369900000001,0.0003878999999999966,16.75,0.000023158208955223676,1.7305074e+18,false
24,1.7305146e+18,SMS07,swale,SwE,down,40,0.49050122500000004,0.4915679500000001,0.0010667250000000461,21.416666666666668,0.00004980817120622783,1.7305917e+18,false
25,1.7305929e+18,SMS07,swale,SwE,down,40,0.4913352100000001,0.4918394799999999,0.0005042699999998068,21.916666666666668,0.000023008517110257345,1.7306718e+18,false
26,1.7314542e+18,SMS07,swale,SwE,down,40,0.4879604799999999,0.50176972,0.013809240000000056,6.416666666666667,0.002152089350649359,1.7314773e+18,true
27,1.7315361e+18,SMS07,swale,SwE,down,40,0.5002956999999999,0.50076118,0.0004654800000001291,19.083333333333332,0.000024391965065508953,1.7316048e+18,false
28,1.7315775e+18,SMS07,swale,SwE,down,40,0.50021812,0.50180851,0.0015903900000000526,15.916666666666666,0.00009991979057591954,1.7316348e+18,false
29,1.7316243e+18,SMS07,swale,SwE,down,40,0.50060602,0.50180851,0.001202490000000056,2.9166666666666665,0.00041228228571430495,1.7316348e+18,false
30,1.7316954e+18,SMS07,swale,SwE,down,40,0.50138182,0.50215762,0.0007757999999999932,12.166666666666666,0.00006376438356164327,1.7317392e+18,false
31,1.7318088e+18,SMS07,swale,SwE,down,40,0.501207265,0.5030110000000001,0.001803735000000084,3.5833333333333335,0.0005033679069767676,1.7318217e+18,false
32,1.7326116e+18,SMS07,swale,SwE,down,40,0.4897836099999999,0.4994035299999999,0.009619919999999949,17.916666666666668,0.0005369257674418575,1.7326761e+18,true
33,1.7329545e+18,SMS07,swale,SwE,down,40,0.494302645,0.49839499,0.004092344999999997,5.166666666666667,0.0007920667741935478,1.7329731e+18,false
34,1.7339076e+18,SMS07,swale,SwE,down,40,0.4890466,0.49777435,0.008727749999999979,23.0,0.0003794673913043469,1.7339904e+18,true
35,1.7339751e+18,SMS07,swale,SwE,down,40,0.49009393,0.4986277299999999,0.00853379999999987,22.75,0.00037511208791208216,1.734057e+18,true
36,1.7340084e+18,SMS07,swale,SwE,down,40,0.4971924999999999,0.4986277299999999,0.001435229999999954,13.5,0.00010631333333332993,1.734057e+18,false
37,1.7340723e+18,SMS07,swale,SwE,down,40,0.4982398299999999,0.4984725700000001,0.0002327400000002311,8.416666666666666,0.000027652277227750232,1.7341026e+18,false
38,1.7340993e+18,SMS07,swale,SwE,down,40,0.49812346,0.4984725700000001,0.00034911000000009684,0.9166666666666666,0.0003808472727273784,1.7341026e+18,false
39,1.7352846e+18,SMS07,swale,SwE,down,40,0.4865252499999999,0.4867192,0.0001939500000001093,18.333333333333332,0.000010579090909096872,1.7353506e+18,false
40,1.7355024e+18,SMS07,swale,SwE,down,40,0.4857494499999999,0.4866416200000001,0.000892170000000192,23.833333333333332,0.00003743370629371435,1.7355882e+18,false
41,1.7417259e+18,SMS07,swale,SwE,down,40,0.4064626899999999,0.40665664,0.0001939500000001093,2.0833333333333335,0.00009309600000005247,1.7417334e+18,false
42,1.7474355e+18,SMS07,swale,SwE,down,40,0.3440883700000001,0.4472697700000001,0.10318140000000003,24.0,0.004299225000000001,1.7475219e+18,true
43,1.7474958e+18,SMS07,swale,SwE,down,40,0.34240100500000004,0.4992483700000001,0.15684736500000007,10.583333333333334,0.014820223464566936,1.7475339e+18,true
44,1.7475318e+18,SMS07,swale,SwE,down,40,0.49337168499999995,0.5009163399999998,0.0075446549999999,23.333333333333332,0.0003233423571428529,1.7476158e+18,true
45,1.7496783e+18,SMS07,swale,SwE,down,40,0.4744227700000001,0.5024679400000001,0.028045169999999953,24.0,0.001168548749999998,1.7497647e+18,true
46,1.7506251e+18,SMS07,swale,SwE,down,40,0.4870295200000001,0.4874562099999999,0.0004266899999997853,4.0,0.00010667249999994632,1.7506395e+18,false
47,1.7531298e+18,SMS07,swale,SwE,down,40,0.4451751100000001,0.4459896999999999,0.0008145899999997819,5.166666666666667,0.00015766258064511907,1.7531484e+18,false
48,1.7540874e+18,SMS07,swale,SwE,down,40,0.42688562499999994,0.43955056,0.012664935000000044,23.916666666666668,0.000529544320557493,1.7541735e+18,true
49,1.7542404e+18,SMS07,swale,SwE,down,40,0.4504893399999998,0.4963779100000001,0.045888570000000295,17.166666666666668,0.002673120582524289,1.7543022e+18,true
50,1.7543367e+18,SMS07,swale,SwE,down,40,0.49583485,0.50188609,0.006051239999999958,4.5,0.0013447199999999907,1.7543529e+18,true
51,1.7554563e+18,SMS07,swale,SwE,down,40,0.4830341499999999,0.48373237,0.0006982200000001382,23.666666666666668,0.000029502253521132598,1.7555415e+18,false
52,1.7566785e+18,SMS07,swale,SwE,down,40,0.47628469,0.4980458799999998,0.021761189999999764,23.333333333333332,0.0009326224285714185,1.7567625e+18,true
53,1.7572914e+18,SMS07,swale,SwE,down,40,0.48695194,0.5027782599999999,0.015826319999999894,14.583333333333334,0.001085233371428564,1.7573439e+18,true
54,1.7576217e+18,SMS07,swale,SwE,down,40,0.49490389,0.4949426799999999,0.00003878999999989974,1.1666666666666667,0.00003324857142848549,1.7576259e+18,false
55,1.7577351e+18,SMS07,swale,SwE,down,40,0.49368200500000003,0.5035152700000001,0.009833265000000035,18.083333333333332,0.0005437750230414766,1.7578002e+18,true
56,1.7582472e+18,SMS07,swale,SwE,down,40,0.4918782700000002,0.4919558500000001,0.0000775799999999105,0.3333333333333333,0.0002327399999997315,1.7582484e+18,false
57,1.7585001e+18,SMS07,swale,SwE,down,40,0.4891241799999999,0.50076118,0.01163700000000012,7.5,0.001551600000000016,1.7585271e+18,true
58,1.7585838e+18,SMS07,swale,SwE,down,40,0.4992095799999998,0.50180851,0.0025989300000002213,3.9166666666666665,0.0006635565957447374,1.7585979e+18,false
59,1.7588304e+18,SMS07,swale,SwE,down,40,0.4948650999999999,0.5042134899999999,0.00934839000000004,5.333333333333333,0.0017528231250000074,1.7588496e+18,true
60,1.7590014e+18,SMS07,swale,SwE,down,40,0.499655665,0.5013430299999999,0.0016873649999998852,6.166666666666667,0.0002736267567567381,1.7590236e+18,false
61,1.7593677e+18,SMS07,swale,SwE,down,40,0.49362382,0.49385656,0.00023274000000000905,23.25,0.00001001032258064555,1.7594514e+18,false
62,1.7595441e+18,SMS07,swale,SwE,down,40,0.49269286,0.50033449,0.007641629999999955,7.75,0.0009860167741935425,1.759572e+18,true
63,1.7599257e+18,SMS07,swale,SwE,down,40,0.4924795150000001,0.49242133,-0.00005818500000009941,0.0,NaN,1.7599257e+18,false
64,1.7603586e+18,SMS07,swale,SwE,down,40,0.4879216899999999,0.49075336,0.0028316700000001194,23.833333333333332,0.00011881132867133369,1.7604444e+18,false
65,1.7603955e+18,SMS07,swale,SwE,down,40,0.4876889499999999,0.4924601200000001,0.004771170000000213,23.833333333333332,0.00020018895104896,1.7604813e+18,false
66,1.7605098e+18,SMS07,swale,SwE,down,40,0.49319713,0.49502026,0.0018231300000000061,23.75,0.00007676336842105289,1.7605953e+18,false
67,1.760571e+18,SMS07,swale,SwE,down,40,0.4941668799999999,0.49579606,0.0016291800000000634,23.166666666666668,0.00007032431654676532,1.7606544e+18,false
68,1.7606115e+18,SMS07,swale,SwE,down,40,0.4950590500000001,0.5010714999999999,0.0060124499999997805,21.583333333333332,0.0002785691119691018,1.7606892e+18,true
69,1.7606736e+18,SMS07,swale,SwE,down,40,0.49556332,0.5030497899999999,0.007486469999999967,23.833333333333332,0.000314117622377621,1.7607594e+18,true
70,1.7607393e+18,SMS07,swale,SwE,down,40,0.4999853799999998,0.50398075,0.003995370000000165,13.333333333333334,0.0002996527500000123,1.7607873e+18,false
71,1.760841e+18,SMS07,swale,SwE,down,40,0.5015757700000001,0.5035152700000001,0.001939499999999983,3.75,0.0005171999999999954,1.7608545e+18,false
72,1.7609427e+18,SMS07,swale,SwE,down,40,0.5007029949999999,0.50072239,0.000019395000000033136,0.9166666666666666,0.00002115818181821797,1.760946e+18,false
73,1.7610255e+18,SMS07,swale,SwE,down,40,0.49889926,0.50359285,0.00469358999999997,11.75,0.0003994544680851038,1.7610678e+18,false
74,1.7623863e+18,SMS07,swale,SwE,down,40,0.48578824,0.4871846799999999,0.0013964399999999433,23.0,0.000060714782608693184,1.7624691e+18,false
75,1.7625267e+18,SMS07,swale,SwE,down,40,0.4870683099999999,0.49502026,0.007951950000000096,15.333333333333334,0.000518605434782615,1.7625819e+18,true
76,1.7632917e+18,SMS07,swale,SwE,down,40,0.48433361500000005,0.4974252399999999,0.013091624999999829,23.083333333333332,0.0005671462093862742,1.7633748e+18,true
77,1.7633358e+18,SMS07,swale,SwE,down,40,0.4840426899999999,0.49777435,0.01373166000000009,22.75,0.0006035894505494545,1.7634177e+18,true
78,1.7633988e+18,SMS07,swale,SwE,down,40,0.49684339,0.4983174100000001,0.0014740200000001313,16.416666666666668,0.00008978802030457652,1.7634579e+18,false
79,1.7634321e+18,SMS07,swale,SwE,down,40,0.4976579799999998,0.4983174100000001,0.0006594300000003495,7.166666666666667,0.00009201348837214179,1.7634579e+18,false
80,1.7637624e+18,SMS07,swale,SwE,down,40,0.49412809,0.49695976,0.002831669999999953,23.833333333333332,0.0001188113286713267,1.7638482e+18,false
81,1.7638281e+18,SMS07,swale,SwE,down,40,0.4962809349999999,0.5006835999999999,0.004402664999999972,16.333333333333332,0.00026955091836734524,1.7638869e+18,false
82,1.7638641e+18,SMS07,swale,SwE,down,40,0.4969209700000001,0.5006835999999999,0.0037626299999998225,6.333333333333333,0.0005940994736841825,1.7638869e+18,false
83,1.7639235e+18,SMS07,swale,SwE,down,40,0.5002956999999999,0.50087755,0.0005818500000001059,14.5,0.00004012758620690386,1.7639757e+18,false
84,1.7639622e+18,SMS07,swale,SwE,down,40,0.50060602,0.50087755,0.0002715300000000198,3.75,0.00007240800000000529,1.7639757e+18,false
85,1.764387e+18,SMS07,swale,SwE,down,40,0.4900163500000001,0.4982010399999999,0.008184689999999772,19.416666666666668,0.0004215290987124346,1.7644569e+18,true
86,1.7644239e+18,SMS07,swale,SwE,down,40,0.4906757799999999,0.4982010399999999,0.007525259999999978,9.166666666666666,0.0008209374545454522,1.7644569e+18,true
87,1.7646543e+18,SMS07,swale,SwE,down,40,0.4938177700000002,0.4961451700000001,0.0023273999999998685,20.833333333333332,0.0001117151999999937,1.7647293e+18,false
88,1.7647029e+18,SMS07,swale,SwE,down,40,0.49310015500000004,0.4961451700000001,0.0030450150000000398,7.333333333333333,0.00041522931818182364,1.7647293e+18,false
89,1.7647875e+18,SMS07,swale,SwE,down,40,0.49517542,0.4970373399999999,0.0018619199999999059,4.583333333333333,0.0004062370909090704,1.764804e+18,false
90,1.7648802e+18,SMS07,swale,SwE,down,40,0.4947099399999999,0.49591243,0.0012024900000001115,14.5,0.0000829303448275939,1.7649324e+18,false
91,1.7649243e+18,SMS07,swale,SwE,down,40,0.495078445,0.49591243,0.0008339850000000371,2.25,0.00037066000000001646,1.7649324e+18,false
92,1.7659152e+18,SMS07,swale,SwE,down,40,0.4798921600000001,0.48008611,0.00019394999999988727,2.3333333333333335,0.00008312142857138025,1.7659236e+18,false
93,1.769319e+18,SMS07,swale,SwE,down,40,0.45692848,0.4743063999999999,0.01737791999999988,23.916666666666668,0.0007266029268292632,1.7694051e+18,true
0,1.7175024e+18,SMS09,swale,SwF,far,40,0.31425886,0.3159656200000001,0.0017067600000001404,14.833333333333334,0.00011506247191012182,1.7175558e+18,false
1,1.7177103e+18,SMS09,swale,SwF,far,40,0.3141424900000001,0.31437523,0.00023273999999989803,1.0,0.00023273999999989803,1.7177139e+18,false
2,1.7190819e+18,SMS09,swale,SwF,far,40,0.315868645,0.31658626,0.0007176150000000048,5.5,0.0001304754545454554,1.7191017e+18,false
3,1.7191647e+18,SMS09,swale,SwF,far,40,0.31505405500000006,0.3160432,0.000989144999999969,6.916666666666667,0.00014300891566264613,1.7191896e+18,false
4,1.7202123e+18,SMS09,swale,SwF,far,40,0.3155777200000001,0.31646989,0.0008921699999998589,7.166666666666667,0.00012448883720928263,1.7202381e+18,false
5,1.7228331e+18,SMS09,swale,SwF,far,40,0.3214737999999999,0.3215513799999998,0.00007757999999985499,0.5,0.00015515999999970997,1.7228349e+18,false
6,1.7229834e+18,SMS09,swale,SwF,far,40,0.31840939,0.3189912399999999,0.0005818499999998838,2.75,0.00021158181818177596,1.7229933e+18,false
7,1.723077e+18,SMS09,swale,SwF,far,40,0.3177305650000001,0.3178275399999999,0.00009697499999983261,1.5,0.00006464999999988841,1.7230824e+18,false
8,1.7231418e+18,SMS09,swale,SwF,far,40,0.3165474700000002,0.3176723799999999,0.0011249099999997014,7.833333333333333,0.0001436055319148555,1.72317e+18,false
9,1.7232363e+18,SMS09,swale,SwF,far,40,0.3163923100000001,0.37907695,0.0626846399999999,24.0,0.002611859999999996,1.7233227e+18,true
10,1.7233407e+18,SMS09,swale,SwF,far,40,0.38524455999999996,0.4137552099999999,0.028510649999999915,23.916666666666668,0.0011920829268292647,1.7234268e+18,true
11,1.7253117e+18,SMS09,swale,SwF,far,40,0.3913733799999999,0.3922655500000001,0.000892170000000192,4.833333333333333,0.00018458689655176386,1.7253291e+18,false
12,1.7255781e+18,SMS09,swale,SwF,far,40,0.38939508999999994,0.39063637,0.0012412800000000668,4.416666666666667,0.0002810445283019019,1.725594e+18,false
13,1.7279928e+18,SMS09,swale,SwF,far,40,0.387746515,0.38873566,0.000989144999999969,5.25,0.00018840857142856553,1.7280117e+18,false
14,1.728558e+18,SMS09,swale,SwF,far,40,0.3841972299999998,0.38415844,-0.000038789999999788716,0.3333333333333333,-0.00011636999999936615,1.7285592e+18,false
15,1.7286273e+18,SMS09,swale,SwF,far,40,0.3836929600000001,0.3843911799999999,0.0006982199999998051,20.0,0.000034910999999990254,1.7286993e+18,false
16,1.7287227e+18,SMS09,swale,SwF,far,40,0.3839644899999999,0.3838481200000001,-0.00011636999999975473,0.5,-0.00023273999999950945,1.7287245e+18,false
17,1.7287812e+18,SMS09,swale,SwF,far,40,0.38338264,0.3836929600000001,0.0003103200000000861,23.25,0.00001334709677419725,1.7288649e+18,false
18,1.728882e+18,SMS09,swale,SwF,far,40,0.38361538,0.38365417,0.00003879000000001076,0.0,NaN,1.728882e+18,false
19,1.728927e+18,SMS09,swale,SwF,far,40,0.3821801499999999,0.38221894,0.00003879000000012178,0.08333333333333333,0.0004654800000014614,1.7289273e+18,false
20,1.7289927e+18,SMS09,swale,SwF,far,40,0.3803182299999999,0.4004502400000001,0.0201320100000002,24.0,0.0008388337500000084,1.7290791e+18,true
21,1.7293176e+18,SMS09,swale,SwF,far,40,0.4184100100000001,0.46398826,0.045578249999999876,19.666666666666668,0.002317538135593214,1.7293884e+18,true
22,1.7303526e+18,SMS09,swale,SwF,far,40,0.44979112,0.4497135399999999,-0.00007758000000007703,0.0,NaN,1.7303526e+18,false
23,1.7304471e+18,SMS09,swale,SwF,far,40,0.44773525,0.4476576700000001,-0.00007757999999985499,0.3333333333333333,-0.00023273999999956496,1.7304483e+18,false
24,1.7305146e+18,SMS09,swale,SwF,far,40,0.44734735,0.4475412999999999,0.00019394999999994278,22.416666666666668,8.652044609662875e-6,1.7305953e+18,false
25,1.7305929e+18,SMS09,swale,SwF,far,40,0.4472115849999999,0.44758009,0.00036850500000007447,3.0,0.0001228350000000248,1.7306037e+18,false
26,1.7314542e+18,SMS09,swale,SwF,far,40,0.4428089200000001,0.48412027,0.04131134999999991,23.583333333333332,0.0017517180212014098,1.7315391e+18,true
27,1.7315361e+18,SMS09,swale,SwF,far,40,0.48369358,0.48435301,0.0006594299999999609,4.5,0.00014653999999999132,1.7315523e+18,false
28,1.7315775e+18,SMS09,swale,SwF,far,40,0.48124981,0.4850512299999998,0.0038014199999997778,20.75,0.00018320096385541097,1.7316522e+18,false
29,1.7316243e+18,SMS09,swale,SwF,far,40,0.4800473200000002,0.4850512299999998,0.005003909999999556,7.75,0.0006456658064515556,1.7316522e+18,true
30,1.7316954e+18,SMS09,swale,SwF,far,40,0.48396511,0.4846633299999998,0.0006982199999998051,6.416666666666667,0.00010881350649347611,1.7317185e+18,false
31,1.7318088e+18,SMS09,swale,SwF,far,40,0.4807843299999999,0.4844693799999999,0.0036850499999999675,6.333333333333333,0.0005818499999999949,1.7318316e+18,false
32,1.7326116e+18,SMS09,swale,SwF,far,40,0.4611565899999999,0.4792715200000002,0.01811493000000025,21.583333333333332,0.0008393017760617877,1.7326893e+18,true
33,1.7329545e+18,SMS09,swale,SwF,far,40,0.4719402100000001,0.4789999899999999,0.0070597799999997934,7.333333333333333,0.0009626972727272446,1.7329809e+18,true
34,1.7339076e+18,SMS09,swale,SwF,far,40,0.4644149499999999,0.47256085,0.008145900000000095,24.0,0.00033941250000000395,1.733994e+18,true
35,1.7339751e+18,SMS09,swale,SwF,far,40,0.462805165,0.4815601299999999,0.0187549649999999,20.916666666666668,0.0008966517131474055,1.7340504e+18,true
36,1.7340084e+18,SMS09,swale,SwF,far,40,0.4750434100000001,0.4815601299999999,0.006516719999999809,11.666666666666666,0.0005585759999999837,1.7340504e+18,true
37,1.7340723e+18,SMS09,swale,SwF,far,40,0.4812110200000002,0.48148255,0.00027152999999979777,0.8333333333333334,0.00032583599999975733,1.7340753e+18,false
38,1.7340993e+18,SMS09,swale,SwF,far,40,0.4808231200000002,0.47996974,-0.0008533800000002367,3.8333333333333335,-0.00022262086956527914,1.7341131e+18,false
39,1.7352846e+18,SMS09,swale,SwF,far,40,0.4602644200000001,0.46030321,0.00003878999999989974,17.25,2.248695652168101e-6,1.7353467e+18,false
40,1.7355024e+18,SMS09,swale,SwF,far,40,0.45842189499999997,0.4587904,0.00036850500000001896,2.5833333333333335,0.00014264709677420088,1.7355117e+18,false
41,1.7417259e+18,SMS09,swale,SwF,far,40,0.3680218,0.36806059,0.00003879000000001076,2.75,0.000014105454545458459,1.7417358e+18,false
42,1.7474355e+18,SMS09,swale,SwF,far,40,0.35506594,0.3556477899999999,0.0005818499999998838,3.5,0.00016624285714282396,1.7474481e+18,false
43,1.7474958e+18,SMS09,swale,SwF,far,40,0.3532234150000001,0.3530100700000001,-0.00021334499999997592,0.0,NaN,1.7474958e+18,false
44,1.7475318e+18,SMS09,swale,SwF,far,40,0.35192395,0.35180758,-0.00011636999999997677,0.16666666666666666,-0.0006982199999998606,1.7475324e+18,false
45,1.7496783e+18,SMS09,swale,SwF,far,40,0.3499456599999999,0.3502947700000001,0.00034911000000020787,2.5833333333333335,0.00013513935483879013,1.7496876e+18,false
46,1.7506251e+18,SMS09,swale,SwF,far,40,0.35171060500000006,0.3522342700000001,0.000523665000000062,4.75,0.00011024526315790779,1.7506422e+18,false
47,1.7531298e+18,SMS09,swale,SwF,far,40,0.3421100799999999,0.3428083,0.0006982200000000827,6.0,0.00011637000000001378,1.7531514e+18,false
48,1.7540874e+18,SMS09,swale,SwF,far,40,0.3431574100000001,0.34428232,0.001124909999999868,6.083333333333333,0.00018491671232874542,1.7541093e+18,false
49,1.7542404e+18,SMS09,swale,SwF,far,40,0.34170278499999995,0.3419937100000001,0.00029092500000016397,5.583333333333333,0.0000521059701492831,1.7542605e+18,false
50,1.7543367e+18,SMS09,swale,SwF,far,40,0.3401705799999999,0.34114033,0.0009697500000001025,5.0,0.0001939500000000205,1.7543547e+18,false
51,1.7554563e+18,SMS09,swale,SwF,far,40,0.34728854499999995,0.34777342,0.00048487500000005124,5.333333333333333,0.00009091406250000961,1.7554755e+18,false
52,1.7566785e+18,SMS09,swale,SwF,far,40,0.35572537,0.35650117,0.0007757999999999932,4.916666666666667,0.00015778983050847317,1.7566962e+18,false
53,1.7572914e+18,SMS09,swale,SwF,far,40,0.35805277,0.3587122,0.0006594299999999609,3.75,0.00017584799999998958,1.7573049e+18,false
54,1.7576217e+18,SMS09,swale,SwF,far,40,0.3573545499999999,0.3579751899999999,0.0006206400000000056,4.416666666666667,0.00014052226415094466,1.7576376e+18,false
55,1.7577351e+18,SMS09,swale,SwF,far,40,0.35685028,0.35712181,0.0002715299999999643,1.3333333333333333,0.00020364749999997322,1.7577399e+18,false
56,1.7582472e+18,SMS09,swale,SwF,far,40,0.36208693,0.36584956,0.0037626300000000446,23.916666666666668,0.00015732250871080324,1.7583333e+18,false
57,1.7585001e+18,SMS09,swale,SwF,far,40,0.378126595,0.43365448,0.055527885,24.0,0.002313661875,1.7585865e+18,true
58,1.7585838e+18,SMS09,swale,SwF,far,40,0.43216106499999996,0.4456793799999998,0.013518314999999836,23.583333333333332,0.0005732147703180143,1.7586687e+18,true
59,1.7588304e+18,SMS09,swale,SwF,far,40,0.4433519799999999,0.4823359299999999,0.03898394999999999,8.083333333333334,0.004822756701030926,1.7588595e+18,true
60,1.7590014e+18,SMS09,swale,SwF,far,40,0.472541455,0.4730263299999999,0.0004848749999998847,8.5,0.00005704411764704526,1.759032e+18,false
61,1.7593677e+18,SMS09,swale,SwF,far,40,0.46317367,0.46321246,0.00003879000000001076,0.16666666666666666,0.00023274000000006456,1.7593683e+18,false
62,1.7595441e+18,SMS09,swale,SwF,far,40,0.46008986500000004,0.46709146,0.007001594999999972,21.416666666666668,0.0003269227237354072,1.7596212e+18,true
63,1.7599257e+18,SMS09,swale,SwF,far,40,0.46146691,0.46135054,-0.00011637000000003228,0.0,NaN,1.7599257e+18,false
64,1.7603586e+18,SMS09,swale,SwF,far,40,0.4554156700000001,0.45537688,-0.00003879000000012178,0.3333333333333333,-0.00011637000000036535,1.7603598e+18,false
65,1.7603955e+18,SMS09,swale,SwF,far,40,0.45508595500000004,0.45537688,0.0002909249999999419,1.1666666666666667,0.00024936428571423593,1.7603997e+18,false
66,1.7605098e+18,SMS09,swale,SwF,far,40,0.45576478,0.45588115,0.00011637000000003228,0.3333333333333333,0.00034911000000009684,1.760511e+18,false
67,1.760571e+18,SMS09,swale,SwF,far,40,0.4554156700000001,0.45642421,0.0010085399999998912,23.833333333333332,0.000042316363636359074,1.7606568e+18,false
68,1.7606115e+18,SMS09,swale,SwF,far,40,0.4552217200000002,0.4596437799999999,0.004422059999999672,24.0,0.00018425249999998636,1.7606979e+18,false
69,1.7606736e+18,SMS09,swale,SwF,far,40,0.45665695,0.46879822,0.012141269999999982,24.0,0.0005058862499999992,1.76076e+18,true
70,1.7607393e+18,SMS09,swale,SwF,far,40,0.4640464449999999,0.47981458,0.015768135000000072,11.583333333333334,0.0013612778417266247,1.760781e+18,true
71,1.760841e+18,SMS09,swale,SwF,far,40,0.476963515,0.47837935,0.0014158349999999764,6.083333333333333,0.00023273999999999612,1.7608629e+18,false
72,1.7609427e+18,SMS09,swale,SwF,far,40,0.47667259,0.4765174299999999,-0.00015516000000009855,0.0,NaN,1.7609427e+18,false
73,1.7610255e+18,SMS09,swale,SwF,far,40,0.47372455,0.4827238299999999,0.008999279999999887,8.166666666666666,0.0011019526530612108,1.7610549e+18,true
74,1.7623863e+18,SMS09,swale,SwF,far,40,0.458383105,0.4587904,0.0004072949999999742,2.1666666666666665,0.0001879823076922958,1.7623941e+18,false
75,1.7625267e+18,SMS09,swale,SwF,far,40,0.45580357,0.46007047,0.004266900000000018,14.75,0.0002892813559322046,1.7625798e+18,false
76,1.7632917e+18,SMS09,swale,SwF,far,40,0.4528167400000001,0.47267722,0.019860479999999903,20.666666666666668,0.0009609909677419308,1.7633661e+18,true
77,1.7633358e+18,SMS09,swale,SwF,far,40,0.4518081999999999,0.4734918100000001,0.021683610000000242,20.0,0.001084180500000012,1.7634078e+18,true
78,1.7633988e+18,SMS09,swale,SwF,far,40,0.471377755,0.4770604899999999,0.005682734999999883,16.083333333333332,0.0003533306735751223,1.7634567e+18,true
79,1.7634321e+18,SMS09,swale,SwF,far,40,0.4736469700000001,0.4770604899999999,0.003413519999999781,6.833333333333333,0.00049953951219509,1.7634567e+18,false
80,1.7637624e+18,SMS09,swale,SwF,far,40,0.46992313,0.47240569,0.002482559999999967,23.666666666666668,0.0001048969014084493,1.7638476e+18,false
81,1.7638281e+18,SMS09,swale,SwF,far,40,0.47097046,0.47892241,0.007951950000000041,17.583333333333332,0.00045224360189573693,1.7638914e+18,true
82,1.7638641e+18,SMS09,swale,SwF,far,40,0.4727160100000001,0.4791163600000001,0.006400349999999999,19.666666666666668,0.00032544152542372877,1.7639349e+18,true
83,1.7639235e+18,SMS09,swale,SwF,far,40,0.477933265,0.4797370000000001,0.001803735000000084,14.75,0.0001222871186440735,1.7639766e+18,false
84,1.7639622e+18,SMS09,swale,SwF,far,40,0.47810782,0.4797370000000001,0.0016291800000000634,4.0,0.00040729500000001584,1.7639766e+18,false
85,1.764387e+18,SMS09,swale,SwF,far,40,0.4657338100000001,0.4766337999999999,0.010899989999999804,17.833333333333332,0.0006112143925233536,1.7644512e+18,true
86,1.7644239e+18,SMS09,swale,SwF,far,40,0.46550107,0.4766337999999999,0.011132729999999869,7.583333333333333,0.0014680523076922903,1.7644512e+18,true
87,1.7646543e+18,SMS09,swale,SwF,far,40,0.47228932,0.4749658299999999,0.00267650999999991,21.833333333333332,0.00012258824427480503,1.7647329e+18,false
88,1.7647029e+18,SMS09,swale,SwF,far,40,0.4713195700000001,0.4749658299999999,0.0036462599999998457,8.333333333333334,0.0004375511999999815,1.7647329e+18,false
89,1.7647875e+18,SMS09,swale,SwF,far,40,0.4744615599999999,0.4771768599999999,0.0027153000000000316,3.25,0.0008354769230769327,1.7647992e+18,false
90,1.7648802e+18,SMS09,swale,SwF,far,40,0.47374394499999994,0.47434519,0.0006012450000000835,16.333333333333332,0.000036810918367352056,1.764939e+18,false
91,1.7649243e+18,SMS09,swale,SwF,far,40,0.4738797100000001,0.47434519,0.0004654799999999071,4.083333333333333,0.00011399510204079358,1.764939e+18,false
92,1.7659152e+18,SMS09,swale,SwF,far,40,0.45477563499999996,0.45510535,0.0003297150000000637,4.833333333333333,0.00006821689655173732,1.7659326e+18,false
93,1.769319e+18,SMS09,swale,SwF,far,40,0.4212804700000001,0.4369904200000001,0.015709950000000028,23.916666666666668,0.0006568620209059245,1.7694051e+18,true
0,1.7175024e+18,SMS10,swale,Step??,step,40,0.4074712299999999,0.4077815499999999,0.00031031999999997506,17.583333333333332,0.000017648530805685787,1.7175657e+18,false
1,1.7177103e+18,SMS10,swale,Step??,step,40,0.4068118000000001,0.40782034,0.0010085399999998912,22.75,0.00004433142857142379,1.7177922e+18,false
2,1.7190819e+18,SMS10,swale,Step??,step,40,0.4090616200000001,0.4656950200000001,0.0566334,24.0,0.002359725,1.7191683e+18,true
3,1.7191647e+18,SMS10,swale,Step??,step,40,0.4596437799999999,0.4662380799999999,0.006594299999999997,4.416666666666667,0.0014930490566037729,1.7191806e+18,true
4,1.7202123e+18,SMS10,swale,Step??,step,40,0.44536906,0.46472527,0.01935621000000004,0.9166666666666666,0.0211158654545455,1.7202156e+18,true
5,1.7228331e+18,SMS10,swale,Step??,step,40,0.44564059,0.4463388100000001,0.0006982200000000827,21.833333333333332,0.00003197954198473661,1.7229117e+18,false
6,1.7229834e+18,SMS10,swale,Step??,step,40,0.4458539349999999,0.46332883,0.0174748950000001,13.833333333333334,0.0012632454216867542,1.7230332e+18,true
7,1.723077e+18,SMS10,swale,Step??,step,40,0.4626306099999999,0.4674405700000002,0.004809960000000335,2.0,0.0024049800000001675,1.7230842e+18,false
8,1.7231418e+18,SMS10,swale,Step??,step,40,0.464221,0.4661605,0.001939499999999983,2.4166666666666665,0.000802551724137924,1.7231505e+18,false
9,1.7232363e+18,SMS10,swale,Step??,step,40,0.4645701099999999,0.4668975100000001,0.0023274000000002015,1.6666666666666667,0.0013964400000001209,1.7232423e+18,false
10,1.7233407e+18,SMS10,swale,Step??,step,40,0.4658501799999999,0.4670138799999999,0.0011636999999999897,5.583333333333333,0.0002084238805970131,1.7233608e+18,false
11,1.7253117e+18,SMS10,swale,Step??,step,40,0.443953225,0.46251424,0.018561015000000014,11.666666666666666,0.001590944142857144,1.7253537e+18,true
12,1.7255781e+18,SMS10,swale,Step??,step,40,0.45654058,0.4726384299999999,0.016097849999999914,6.583333333333333,0.0024452430379746704,1.7256018e+18,true
13,1.7279928e+18,SMS10,swale,Step??,step,40,0.44653276,0.4716686799999998,0.025135919999999812,0.5833333333333334,0.04309014857142825,1.7279949e+18,true
14,1.728558e+18,SMS10,swale,Step??,step,40,0.455124745,0.4689921700000002,0.01386742500000021,2.5833333333333335,0.005368035483871049,1.7285673e+18,true
15,1.7286273e+18,SMS10,swale,Step??,step,40,0.4680418150000001,0.46852669,0.0004848749999999402,1.0,0.0004848749999999402,1.7286309e+18,false
16,1.7287227e+18,SMS10,swale,Step??,step,40,0.463193065,0.46786726,0.004674194999999992,19.166666666666668,0.00024387104347826043,1.7287917e+18,false
17,1.7287812e+18,SMS10,swale,Step??,step,40,0.4653459099999999,0.46786726,0.002521350000000089,2.9166666666666665,0.0008644628571428877,1.7287917e+18,false
18,1.728882e+18,SMS10,swale,Step??,step,40,0.464744665,0.4732590700000001,0.008514405000000114,15.083333333333334,0.0005644909392265268,1.7289363e+18,true
19,1.728927e+18,SMS10,swale,Step??,step,40,0.46864306,0.4732590700000001,0.004616010000000115,2.5833333333333335,0.0017868425806452056,1.7289363e+18,false
20,1.7289927e+18,SMS10,swale,Step??,step,40,0.46924430500000003,0.47019466,0.0009503549999999583,4.5,0.00021118999999999075,1.7290089e+18,false
21,1.7293176e+18,SMS10,swale,Step??,step,40,0.459275275,0.47097046,0.011695184999999997,1.1666666666666667,0.010024444285714283,1.7293218e+18,true
22,1.7303526e+18,SMS10,swale,Step??,step,40,0.44864681500000003,0.4490541100000001,0.00040729500000008523,21.916666666666668,0.00001858380228137271,1.7304315e+18,false
23,1.7304471e+18,SMS10,swale,Step??,step,40,0.4489765299999999,0.4591007200000001,0.0101241900000002,23.916666666666668,0.00042331108013938113,1.7305332e+18,true
24,1.7305146e+18,SMS10,swale,Step??,step,40,0.456831505,0.46007047,0.0032389649999999826,23.833333333333332,0.00013590062937062863,1.7306004e+18,false
25,1.7305929e+18,SMS10,swale,Step??,step,40,0.4593334600000001,0.4615444899999999,0.002211029999999836,9.166666666666666,0.00024120327272725487,1.7306259e+18,false
26,1.7314542e+18,SMS10,swale,Step??,step,40,0.44841407499999997,0.46658719,0.018173115000000017,9.666666666666666,0.0018799774137931054,1.731489e+18,true
27,1.7315361e+18,SMS10,swale,Step??,step,40,0.4644149499999999,0.4645313200000001,0.00011637000000019881,0.5833333333333334,0.00019949142857176937,1.7315382e+18,false
28,1.7315775e+18,SMS10,swale,Step??,step,40,0.4636391499999999,0.4654622799999999,0.0018231300000000061,17.0,0.00010724294117647095,1.7316387e+18,false
29,1.7316243e+18,SMS10,swale,Step??,step,40,0.46431797499999994,0.46604413,0.0017261550000000625,23.416666666666668,0.0000737148042704653,1.7317086e+18,false
30,1.7316954e+18,SMS10,swale,Step??,step,40,0.465054985,0.4660829200000001,0.0010279350000001464,8.75,0.00011747828571430244,1.7317269e+18,false
31,1.7318088e+18,SMS10,swale,Step??,step,40,0.46565623,0.4671690399999999,0.00151280999999992,22.333333333333332,0.00006773776119402627,1.7318892e+18,false
32,1.7326116e+18,SMS10,swale,Step??,step,40,0.4503729700000001,0.46332883,0.01295585999999993,10.583333333333334,0.0012241757480314895,1.7326497e+18,true
33,1.7329545e+18,SMS10,swale,Step??,step,40,0.4550277700000001,0.4616996499999999,0.006671879999999797,7.0,0.0009531257142856853,1.7329797e+18,true
34,1.7339076e+18,SMS10,swale,Step??,step,40,0.44769646,0.4605359499999999,0.012839489999999898,8.416666666666666,0.0015254839603960277,1.7339379e+18,true
35,1.7339751e+18,SMS10,swale,Step??,step,40,0.45875161,0.4606135299999998,0.0018619199999998504,17.333333333333332,0.00010741846153845292,1.7340375e+18,false
36,1.7340084e+18,SMS10,swale,Step??,step,40,0.45908132499999993,0.4606135299999998,0.0015322049999998977,8.083333333333334,0.00018955113402060588,1.7340375e+18,false
37,1.7340723e+18,SMS10,swale,Step??,step,40,0.45991531,0.4605359499999999,0.0006206399999998946,13.583333333333334,0.00004569128834355052,1.7341212e+18,false
38,1.7340993e+18,SMS10,swale,Step??,step,40,0.459934705,0.4605359499999999,0.000601244999999917,6.083333333333333,0.00009883479452053431,1.7341212e+18,false
39,1.7352846e+18,SMS10,swale,Step??,step,40,0.4432356100000001,0.4435071399999999,0.00027152999999979777,20.0,0.000013576499999989888,1.7353566e+18,false
40,1.7355024e+18,SMS10,swale,Step??,step,40,0.44275073499999995,0.4440114100000001,0.0012606750000001554,7.0,0.00018009642857145077,1.7355276e+18,false
41,1.7417259e+18,SMS10,swale,Step??,step,40,0.415,0.416,0.0010000000000000009,6.166666666666667,0.0001621621621621623,1.7417481e+18,false
42,1.7474355e+18,SMS10,swale,Step??,step,40,0.404,0.466,0.062,17.583333333333332,0.003526066350710901,1.7474988e+18,true
43,1.7474958e+18,SMS10,swale,Step??,step,40,0.462,0.466,0.0040000000000000036,0.8333333333333334,0.004800000000000004,1.7474988e+18,false
44,1.7475318e+18,SMS10,swale,Step??,step,40,0.465,0.465,0.0,0.0,NaN,1.7475318e+18,false
45,1.7496783e+18,SMS10,swale,Step??,step,40,0.432,0.463,0.031000000000000028,19.083333333333332,0.0016244541484716172,1.749747e+18,true
46,1.7506251e+18,SMS10,swale,Step??,step,40,0.442,0.463,0.02100000000000002,2.6666666666666665,0.007875000000000007,1.7506347e+18,true
47,1.7531298e+18,SMS10,swale,Step??,step,40,0.413,0.414,0.0010000000000000009,1.5,0.0006666666666666673,1.7531352e+18,false
48,1.7540874e+18,SMS10,swale,Step??,step,40,0.404,0.461,0.056999999999999995,23.333333333333332,0.002442857142857143,1.7541714e+18,true
49,1.7542404e+18,SMS10,swale,Step??,step,40,0.461,0.463,0.0020000000000000018,3.4166666666666665,0.0005853658536585371,1.7542527e+18,false
50,1.7543367e+18,SMS10,swale,Step??,step,40,0.461,0.466,0.0050000000000000044,8.083333333333334,0.0006185567010309283,1.7543658e+18,true
51,1.7554563e+18,SMS10,swale,Step??,step,40,0.443,0.455,0.01200000000000001,17.25,0.0006956521739130441,1.7555184e+18,true
52,1.7566785e+18,SMS10,swale,Step??,step,40,0.437,0.462,0.025000000000000022,3.6666666666666665,0.006818181818181825,1.7566917e+18,true
53,1.7572914e+18,SMS10,swale,Step??,step,40,0.449,0.465,0.016000000000000014,1.75,0.00914285714285715,1.7572977e+18,true
54,1.7576217e+18,SMS10,swale,Step??,step,40,0.457,0.458,0.0010000000000000009,17.75,0.000056338028169014134,1.7576856e+18,false
55,1.7577351e+18,SMS10,swale,Step??,step,40,0.458,0.467,0.009000000000000008,0.5833333333333334,0.01542857142857144,1.7577372e+18,true
56,1.7582472e+18,SMS10,swale,Step??,step,40,0.453,0.453,0.0,0.0,NaN,1.7582472e+18,false
57,1.7585001e+18,SMS10,swale,Step??,step,40,0.447,0.465,0.018000000000000016,5.916666666666667,0.0030422535211267632,1.7585214e+18,true
58,1.7585838e+18,SMS10,swale,Step??,step,40,0.46,0.465,0.0050000000000000044,21.666666666666668,0.00023076923076923095,1.7586618e+18,true
59,1.7588304e+18,SMS10,swale,Step??,step,40,0.456,0.467,0.01100000000000001,0.9166666666666666,0.01200000000000001,1.7588337e+18,true
60,1.7590014e+18,SMS10,swale,Step??,step,40,0.461,0.467,0.006000000000000005,1.75,0.0034285714285714314,1.7590077e+18,true
61,1.7593677e+18,SMS10,swale,Step??,step,40,0.454,0.461,0.007000000000000006,7.833333333333333,0.0008936170212765966,1.7593959e+18,true
62,1.7595441e+18,SMS10,swale,Step??,step,40,0.455,0.467,0.01200000000000001,4.416666666666667,0.002716981132075474,1.75956e+18,true
63,1.7599257e+18,SMS10,swale,Step??,step,40,0.452,0.465,0.013000000000000012,1.0,0.013000000000000012,1.7599293e+18,true
64,1.7603586e+18,SMS10,swale,Step??,step,40,0.447,0.464,0.017000000000000015,7.583333333333333,0.002241758241758244,1.7603859e+18,true
65,1.7603955e+18,SMS10,swale,Step??,step,40,0.463,0.464,0.0010000000000000009,0.08333333333333333,0.01200000000000001,1.7603958e+18,false
66,1.7605098e+18,SMS10,swale,Step??,step,40,0.462,0.466,0.0040000000000000036,18.083333333333332,0.00022119815668202787,1.7605749e+18,false
67,1.760571e+18,SMS10,swale,Step??,step,40,0.46,0.466,0.006000000000000005,1.0833333333333333,0.005538461538461544,1.7605749e+18,true
68,1.7606115e+18,SMS10,swale,Step??,step,40,0.461,0.467,0.006000000000000005,18.333333333333332,0.0003272727272727276,1.7606775e+18,true
69,1.7606736e+18,SMS10,swale,Step??,step,40,0.46,0.467,0.007000000000000006,1.0833333333333333,0.006461538461538467,1.7606775e+18,true
70,1.7607393e+18,SMS10,swale,Step??,step,40,0.467,0.467,0.0,0.0,NaN,1.7607393e+18,false
71,1.760841e+18,SMS10,swale,Step??,step,40,0.467,0.468,0.0010000000000000009,0.6666666666666666,0.0015000000000000013,1.7608434e+18,false
72,1.7609427e+18,SMS10,swale,Step??,step,40,0.466,0.466,0.0,0.0,NaN,1.7609427e+18,false
73,1.7610255e+18,SMS10,swale,Step??,step,40,0.463,0.468,0.0050000000000000044,17.166666666666668,0.00029126213592233033,1.7610873e+18,true
74,1.7623863e+18,SMS10,swale,Step??,step,40,0.443,0.449,0.006000000000000005,22.833333333333332,0.0002627737226277375,1.7624685e+18,true
75,1.7625267e+18,SMS10,swale,Step??,step,40,0.455,0.462,0.007000000000000006,0.6666666666666666,0.01050000000000001,1.7625291e+18,true
76,1.7632917e+18,SMS10,swale,Step??,step,40,0.446,0.461,0.015000000000000013,18.0,0.000833333333333334,1.7633565e+18,true
77,1.7633358e+18,SMS10,swale,Step??,step,40,0.446,0.461,0.015000000000000013,5.75,0.0026086956521739154,1.7633565e+18,true
78,1.7633988e+18,SMS10,swale,Step??,step,40,0.458,0.458,0.0,0.0,NaN,1.7633988e+18,false
79,1.7634321e+18,SMS10,swale,Step??,step,40,0.458,0.458,0.0,0.0,NaN,1.7634321e+18,false
80,1.7637624e+18,SMS10,swale,Step??,step,40,0.457,0.459,0.0020000000000000018,5.75,0.00034782608695652203,1.7637831e+18,false
81,1.7638281e+18,SMS10,swale,Step??,step,40,0.458,0.464,0.006000000000000005,11.25,0.0005333333333333338,1.7638686e+18,true
82,1.7638641e+18,SMS10,swale,Step??,step,40,0.459,0.464,0.0050000000000000044,1.25,0.0040000000000000036,1.7638686e+18,true
83,1.7639235e+18,SMS10,swale,Step??,step,40,0.464,0.464,0.0,0.0,NaN,1.7639235e+18,false
84,1.7639622e+18,SMS10,swale,Step??,step,40,0.464,0.464,0.0,0.0,NaN,1.7639622e+18,false
85,1.764387e+18,SMS10,swale,Step??,step,40,0.455,0.463,0.008000000000000007,12.25,0.0006530612244897965,1.7644311e+18,true
86,1.7644239e+18,SMS10,swale,Step??,step,40,0.455,0.463,0.008000000000000007,2.0,0.0040000000000000036,1.7644311e+18,true
87,1.7646543e+18,SMS10,swale,Step??,step,40,0.457,0.459,0.0020000000000000018,20.0,0.00010000000000000009,1.7647263e+18,false
88,1.7647029e+18,SMS10,swale,Step??,step,40,0.457,0.46,0.0030000000000000027,24.0,0.0001250000000000001,1.7647893e+18,false
89,1.7647875e+18,SMS10,swale,Step??,step,40,0.459,0.465,0.006000000000000005,22.0,0.00027272727272727295,1.7648667e+18,true
90,1.7648802e+18,SMS10,swale,Step??,step,40,0.465,0.466,0.0010000000000000009,1.1666666666666667,0.0008571428571428579,1.7648844e+18,false
91,1.7649243e+18,SMS10,swale,Step??,step,40,0.465,0.465,0.0,0.08333333333333333,0.0,1.7649246e+18,false
92,1.7659152e+18,SMS10,swale,Step??,step,40,0.441,0.442,0.0010000000000000009,21.25,0.00004705882352941181,1.7659917e+18,false
93,1.769319e+18,SMS10,swale,Step??,step,40,0.426,0.448,0.02200000000000002,22.25,0.000988764044943821,1.7693991e+18,true
0,1.7175024e+18,SMS12,control,ConG,top,40,0.269863705,0.2709304299999999,0.0010667249999998796,14.75,0.00007232033898304268,1.7175555e+18,false
1,1.7177103e+18,SMS12,control,ConG,top,40,0.26875819,0.2702322100000001,0.0014740200000000758,24.0,0.00006141750000000316,1.7177967e+18,false
2,1.7190819e+18,SMS12,control,ConG,top,40,0.3163729150000001,0.3918776500000001,0.07550473499999999,24.0,0.0031460306249999994,1.7191683e+18,true
3,1.7191647e+18,SMS12,control,ConG,top,40,0.389802385,0.40184668,0.012044295000000038,14.583333333333334,0.0008258945142857169,1.7192172e+18,true
4,1.7202123e+18,SMS12,control,ConG,top,40,0.38991875500000006,0.4423434399999999,0.05242468499999986,6.5,0.008065336153846133,1.7202357e+18,true
5,1.7228331e+18,SMS12,control,ConG,top,40,0.4007605599999999,0.4007217700000001,-0.000038789999999788716,0.25,-0.00015515999999915486,1.722834e+18,false
6,1.7229834e+18,SMS12,control,ConG,top,40,0.3964160799999998,0.40692817,0.010512090000000196,23.416666666666668,0.0004489148754448482,1.7230677e+18,true
7,1.723077e+18,SMS12,control,ConG,top,40,0.40692817,0.4595662,0.05263803,20.75,0.002536772530120482,1.7231517e+18,true
8,1.7231418e+18,SMS12,control,ConG,top,40,0.4335769,0.46057474,0.026997839999999995,9.916666666666666,0.0027224712605042013,1.7231775e+18,true
9,1.7232363e+18,SMS12,control,ConG,top,40,0.4492286649999999,0.46410463,0.014875965000000102,2.8333333333333335,0.00525034058823533,1.7232465e+18,true
10,1.7233407e+18,SMS12,control,ConG,top,40,0.45304948,0.4638331,0.010783619999999994,5.583333333333333,0.0019313946268656706,1.7233608e+18,true
11,1.7253117e+18,SMS12,control,ConG,top,40,0.414977095,0.41588866,0.0009115650000000031,6.25,0.00014585040000000048,1.7253342e+18,false
12,1.7255781e+18,SMS12,control,ConG,top,40,0.41511286,0.43136587,0.016253010000000012,10.083333333333334,0.0016118687603305796,1.7256144e+18,true
13,1.7279928e+18,SMS12,control,ConG,top,40,0.39953867500000007,0.3999459700000001,0.0004072950000000297,2.1666666666666665,0.00018798230769232141,1.7280006e+18,false
14,1.728558e+18,SMS12,control,ConG,top,40,0.39414686500000007,0.3940886799999999,-0.00005818500000015492,1.0833333333333333,-0.000053709230769373774,1.7285619e+18,false
15,1.7286273e+18,SMS12,control,ConG,top,40,0.39354562,0.39393352,0.0003878999999999966,19.666666666666668,0.000019723728813559146,1.7286981e+18,false
16,1.7287227e+18,SMS12,control,ConG,top,40,0.3935844100000001,0.3935844100000001,0.0,0.0,NaN,1.7287227e+18,false
17,1.7287812e+18,SMS12,control,ConG,top,40,0.39333227500000006,0.39637729,0.0030450149999999288,23.166666666666668,0.0001314394964028746,1.7288646e+18,false
18,1.728882e+18,SMS12,control,ConG,top,40,0.39664882,0.4515754599999999,0.05492663999999986,20.166666666666668,0.002723635041322307,1.7289546e+18,true
19,1.728927e+18,SMS12,control,ConG,top,40,0.40838279499999997,0.4582085499999999,0.049825754999999916,24.0,0.0020760731249999964,1.7290134e+18,true
20,1.7289927e+18,SMS12,control,ConG,top,40,0.44333258499999995,0.4586740299999998,0.015341444999999843,10.083333333333334,0.0015214656198346951,1.729029e+18,true
21,1.7293176e+18,SMS12,control,ConG,top,40,0.43534184499999995,0.4534761700000001,0.018134325000000173,7.583333333333333,0.0023913395604395833,1.7293449e+18,true
22,1.7303526e+18,SMS12,control,ConG,top,40,0.42252175,0.42248296,-0.00003878999999995525,0.0,NaN,1.7303526e+18,false
23,1.7304471e+18,SMS12,control,ConG,top,40,0.4218235299999999,0.43004701,0.008223480000000116,23.916666666666668,0.00034383888501742643,1.7305332e+18,true
24,1.7305146e+18,SMS12,control,ConG,top,40,0.42938758,0.4310167600000001,0.0016291800000001189,20.416666666666668,0.00007979657142857725,1.7305881e+18,false
25,1.7305929e+18,SMS12,control,ConG,top,40,0.4309003899999999,0.43097797,0.00007758000000007703,0.3333333333333333,0.0002327400000002311,1.7305941e+18,false
26,1.7314542e+18,SMS12,control,ConG,top,40,0.4181772700000002,0.4559975200000002,0.03782025,13.166666666666666,0.0028724240506329116,1.7315016e+18,true
27,1.7315361e+18,SMS12,control,ConG,top,40,0.4546786600000001,0.4563466299999999,0.0016679699999997966,2.3333333333333335,0.0007148442857141985,1.7315445e+18,false
28,1.7315775e+18,SMS12,control,ConG,top,40,0.4554350650000001,0.45929467,0.0038596049999999327,16.916666666666668,0.00022815399014777926,1.7316384e+18,false
29,1.7316243e+18,SMS12,control,ConG,top,40,0.452991295,0.45929467,0.006303375,3.9166666666666665,0.001609372340425532,1.7316384e+18,true
30,1.7316954e+18,SMS12,control,ConG,top,40,0.456366025,0.460342,0.003975974999999965,14.0,0.0002839982142857118,1.7317458e+18,false
31,1.7318088e+18,SMS12,control,ConG,top,40,0.45314645500000006,0.46045837,0.007311914999999947,4.833333333333333,0.001512809999999989,1.7318262e+18,true
32,1.7326116e+18,SMS12,control,ConG,top,40,0.4300858000000001,0.4552217200000002,0.025135920000000145,15.416666666666666,0.0016304380540540634,1.7326671e+18,true
33,1.7329545e+18,SMS12,control,ConG,top,40,0.4386971799999999,0.45370891,0.015011730000000112,7.833333333333333,0.0019163910638298016,1.7329827e+18,true
34,1.7339076e+18,SMS12,control,ConG,top,40,0.433363555,0.4572388000000001,0.0238752450000001,22.416666666666668,0.0010650666914498186,1.7339883e+18,true
35,1.7339751e+18,SMS12,control,ConG,top,40,0.45095482,0.45797581,0.007020990000000005,17.333333333333332,0.00040505711538461566,1.7340375e+18,true
36,1.7340084e+18,SMS12,control,ConG,top,40,0.456482395,0.45797581,0.001493414999999998,8.083333333333334,0.00018475237113402035,1.7340375e+18,false
37,1.7340723e+18,SMS12,control,ConG,top,40,0.45663755500000003,0.4584025,0.0017649449999999622,10.333333333333334,0.0001708011290322544,1.7341095e+18,false
38,1.7340993e+18,SMS12,control,ConG,top,40,0.4570060600000001,0.4584025,0.0013964399999998878,2.8333333333333335,0.0004928611764705486,1.7341095e+18,false
39,1.7352846e+18,SMS12,control,ConG,top,40,0.4271377599999999,0.42706018,-0.0000775799999999105,0.08333333333333333,-0.000930959999998926,1.7352849e+18,false
40,1.7355024e+18,SMS12,control,ConG,top,40,0.4243836700000001,0.42806872,0.003685049999999912,24.0,0.00015354374999999634,1.7355888e+18,false
41,1.7417259e+18,SMS12,control,ConG,top,40,0.391,0.391,0.0,0.0,NaN,1.7417259e+18,false
42,1.7474355e+18,SMS12,control,ConG,top,40,0.327,0.328,0.0010000000000000009,0.0,NaN,1.7474355e+18,false
43,1.7474958e+18,SMS12,control,ConG,top,40,0.326,0.326,0.0,0.0,NaN,1.7474958e+18,false
44,1.7475318e+18,SMS12,control,ConG,top,40,0.325,0.325,0.0,0.0,NaN,1.7475318e+18,false
45,1.7496783e+18,SMS12,control,ConG,top,40,0.328,0.328,0.0,0.0,NaN,1.7496783e+18,false
46,1.7506251e+18,SMS12,control,ConG,top,40,0.349,0.35,0.0010000000000000009,1.5,0.0006666666666666673,1.7506305e+18,false
47,1.7531298e+18,SMS12,control,ConG,top,40,0.321,0.322,0.0010000000000000009,0.16666666666666666,0.006000000000000005,1.7531304e+18,false
48,1.7540874e+18,SMS12,control,ConG,top,40,0.322,0.325,0.0030000000000000027,24.0,0.0001250000000000001,1.7541738e+18,false
49,1.7542404e+18,SMS12,control,ConG,top,40,0.328,0.368,0.03999999999999998,23.75,0.0016842105263157887,1.7543259e+18,true
50,1.7543367e+18,SMS12,control,ConG,top,40,0.369,0.449,0.08000000000000002,6.333333333333333,0.012631578947368424,1.7543595e+18,true
51,1.7554563e+18,SMS12,control,ConG,top,40,0.395,0.395,0.0,0.0,NaN,1.7554563e+18,false
52,1.7566785e+18,SMS12,control,ConG,top,40,0.385,0.386,0.0010000000000000009,0.0,NaN,1.7566785e+18,false
53,1.7572914e+18,SMS12,control,ConG,top,40,0.389,0.393,0.0040000000000000036,21.583333333333332,0.0001853281853281855,1.7573691e+18,false
54,1.7576217e+18,SMS12,control,ConG,top,40,0.394,0.395,0.0010000000000000009,0.0,NaN,1.7576217e+18,false
55,1.7577351e+18,SMS12,control,ConG,top,40,0.393,0.41,0.01699999999999996,14.75,0.0011525423728813533,1.7577882e+18,true
56,1.7582472e+18,SMS12,control,ConG,top,40,0.402,0.402,0.0,0.0,NaN,1.7582472e+18,false
57,1.7585001e+18,SMS12,control,ConG,top,40,0.397,0.429,0.03199999999999997,12.333333333333334,0.0025945945945945923,1.7585445e+18,true
58,1.7585838e+18,SMS12,control,ConG,top,40,0.4245,0.43,0.005500000000000005,6.666666666666667,0.0008250000000000006,1.7586078e+18,true
59,1.7588304e+18,SMS12,control,ConG,top,40,0.415,0.436,0.02100000000000002,8.75,0.002400000000000002,1.7588619e+18,true
60,1.7590014e+18,SMS12,control,ConG,top,40,0.423,0.426,0.0030000000000000027,7.5,0.00040000000000000034,1.7590284e+18,false
61,1.7593677e+18,SMS12,control,ConG,top,40,0.416,0.416,0.0,0.0,NaN,1.7593677e+18,false
62,1.7595441e+18,SMS12,control,ConG,top,40,0.413,0.425,0.01200000000000001,13.916666666666666,0.0008622754491017972,1.7595942e+18,true
63,1.7599257e+18,SMS12,control,ConG,top,40,0.417,0.417,0.0,0.0,NaN,1.7599257e+18,false
64,1.7603586e+18,SMS12,control,ConG,top,40,0.412,0.414,0.0020000000000000018,19.833333333333332,0.00010084033613445388,1.76043e+18,false
65,1.7603955e+18,SMS12,control,ConG,top,40,0.412,0.416,0.0040000000000000036,21.75,0.00018390804597701166,1.7604738e+18,false
66,1.7605098e+18,SMS12,control,ConG,top,40,0.416,0.416,0.0,0.16666666666666666,0.0,1.7605104e+18,false
67,1.760571e+18,SMS12,control,ConG,top,40,0.415,0.417,0.0020000000000000018,22.416666666666668,0.00008921933085501866,1.7606517e+18,false
68,1.7606115e+18,SMS12,control,ConG,top,40,0.415,0.42,0.0050000000000000044,23.75,0.00021052631578947386,1.760697e+18,true
69,1.7606736e+18,SMS12,control,ConG,top,40,0.417,0.436,0.019000000000000017,24.0,0.0007916666666666674,1.76076e+18,true
70,1.7607393e+18,SMS12,control,ConG,top,40,0.426,0.451,0.025000000000000022,12.333333333333334,0.002027027027027029,1.7607837e+18,true
71,1.760841e+18,SMS12,control,ConG,top,40,0.444,0.45,0.006000000000000005,8.0,0.0007500000000000007,1.7608698e+18,true
72,1.7609427e+18,SMS12,control,ConG,top,40,0.442,0.442,0.0,0.0,NaN,1.7609427e+18,false
73,1.7610255e+18,SMS12,control,ConG,top,40,0.436,0.462,0.026000000000000023,18.833333333333332,0.0013805309734513287,1.7610933e+18,true
74,1.7623863e+18,SMS12,control,ConG,top,40,0.42,0.422,0.0020000000000000018,14.0,0.00014285714285714298,1.7624367e+18,false
75,1.7625267e+18,SMS12,control,ConG,top,40,0.42,0.423,0.0030000000000000027,11.166666666666666,0.0002686567164179107,1.7625669e+18,false
76,1.7632917e+18,SMS12,control,ConG,top,40,0.414,0.445,0.031000000000000028,23.666666666666668,0.0013098591549295785,1.7633769e+18,true
77,1.7633358e+18,SMS12,control,ConG,top,40,0.413,0.447,0.03400000000000003,19.75,0.0017215189873417737,1.7634069e+18,true
78,1.7633988e+18,SMS12,control,ConG,top,40,0.443,0.456,0.013000000000000012,15.166666666666666,0.000857142857142858,1.7634534e+18,true
79,1.7634321e+18,SMS12,control,ConG,top,40,0.448,0.456,0.008000000000000007,5.916666666666667,0.001352112676056339,1.7634534e+18,true
80,1.7637624e+18,SMS12,control,ConG,top,40,0.435,0.439,0.0040000000000000036,21.916666666666668,0.0001825095057034222,1.7638413e+18,false
81,1.7638281e+18,SMS12,control,ConG,top,40,0.437,0.453,0.016000000000000014,17.166666666666668,0.0009320388349514571,1.7638899e+18,true
82,1.7638641e+18,SMS12,control,ConG,top,40,0.439,0.453,0.014000000000000012,7.166666666666667,0.001953488372093025,1.7638899e+18,true
83,1.7639235e+18,SMS12,control,ConG,top,40,0.449,0.457,0.008000000000000007,16.833333333333332,0.0004752475247524757,1.7639841e+18,true
84,1.7639622e+18,SMS12,control,ConG,top,40,0.449,0.457,0.008000000000000007,6.083333333333333,0.0013150684931506863,1.7639841e+18,true
85,1.764387e+18,SMS12,control,ConG,top,40,0.432,0.453,0.02100000000000002,17.083333333333332,0.001229268292682928,1.7644485e+18,true
86,1.7644239e+18,SMS12,control,ConG,top,40,0.432,0.453,0.02100000000000002,6.833333333333333,0.00307317073170732,1.7644485e+18,true
87,1.7646543e+18,SMS12,control,ConG,top,40,0.44,0.448,0.008000000000000007,22.75,0.00035164835164835196,1.7647362e+18,true
88,1.7647029e+18,SMS12,control,ConG,top,40,0.438,0.449,0.01100000000000001,20.416666666666668,0.0005387755102040821,1.7647764e+18,true
89,1.7647875e+18,SMS12,control,ConG,top,40,0.448,0.453,0.0050000000000000044,3.8333333333333335,0.0013043478260869577,1.7648013e+18,true
90,1.7648802e+18,SMS12,control,ConG,top,40,0.444,0.445,0.0010000000000000009,15.75,0.00006349206349206354,1.7649369e+18,false
91,1.7649243e+18,SMS12,control,ConG,top,40,0.4425,0.445,0.0025000000000000022,3.5,0.0007142857142857149,1.7649369e+18,false
92,1.7659152e+18,SMS12,control,ConG,top,40,0.419,0.42,0.0010000000000000009,0.0,NaN,1.7659152e+18,false
93,1.769319e+18,SMS12,control,ConG,top,40,0.391,0.431,0.03999999999999998,20.0,0.001999999999999999,1.769391e+18,true
0,1.7175024e+18,SMS14,control,ConH,middle,40,0.4133673099999999,0.41406553,0.0006982200000001382,16.25,0.00004296738461539312,1.7175609e+18,false
1,1.7177103e+18,SMS14,control,ConH,middle,40,0.411602365,0.4117769200000001,0.00017455500000007618,3.75,0.00004654800000002031,1.7177238e+18,false
2,1.7190819e+18,SMS14,control,ConH,middle,40,0.4113502299999998,0.4122036099999999,0.0008533800000000702,5.333333333333333,0.00016000875000001316,1.7191011e+18,false
3,1.7191647e+18,SMS14,control,ConH,middle,40,0.4100701600000001,0.41080717,0.0007370099999999269,8.0,0.00009212624999999086,1.7191935e+18,false
4,1.7202123e+18,SMS14,control,ConH,middle,40,0.4108847499999999,0.41247514,0.001590390000000108,7.416666666666667,0.0002144346067415876,1.720239e+18,false
5,1.7228331e+18,SMS14,control,ConH,middle,40,0.4298142700000001,0.4300858000000001,0.0002715299999999643,0.16666666666666666,0.0016291799999997858,1.7228337e+18,false
6,1.7229834e+18,SMS14,control,ConH,middle,40,0.42655591,0.4280299299999999,0.0014740199999999093,4.5,0.00032755999999997985,1.7229996e+18,false
7,1.723077e+18,SMS14,control,ConH,middle,40,0.4277583999999999,0.46476406,0.03700566000000005,23.916666666666668,0.0015472749825783992,1.7231631e+18,true
8,1.7231418e+18,SMS14,control,ConH,middle,40,0.42890270500000005,0.4786896700000001,0.04978696500000007,11.416666666666666,0.004360902043795627,1.7231829e+18,true
9,1.7232363e+18,SMS14,control,ConH,middle,40,0.4705049799999999,0.48008611,0.009581130000000104,6.583333333333333,0.0014553615189873577,1.72326e+18,true
10,1.7233407e+18,SMS14,control,ConH,middle,40,0.4753149399999999,0.4820644000000001,0.006749460000000207,5.0,0.0013498920000000413,1.7233587e+18,true
11,1.7253117e+18,SMS14,control,ConH,middle,40,0.45809218,0.4592558799999999,0.0011636999999998787,5.333333333333333,0.00021819374999997726,1.7253309e+18,false
12,1.7255781e+18,SMS14,control,ConH,middle,40,0.4582667349999999,0.4595662,0.0012994650000000552,6.416666666666667,0.00020251402597403455,1.7256012e+18,false
13,1.7279928e+18,SMS14,control,ConH,middle,40,0.44957777499999996,0.4502565999999999,0.0006788249999999385,6.583333333333333,0.00010311265822783877,1.7280165e+18,false
14,1.728558e+18,SMS14,control,ConH,middle,40,0.4445156799999999,0.44447689,-0.00003878999999989974,0.0,NaN,1.728558e+18,false
15,1.7286273e+18,SMS14,control,ConH,middle,40,0.44381746,0.4440114100000001,0.0001939500000001093,22.083333333333332,8.782641509438913e-6,1.7287068e+18,false
16,1.7287227e+18,SMS14,control,ConH,middle,40,0.4437398799999999,0.44370109,-0.00003878999999989974,0.3333333333333333,-0.00011636999999969921,1.7287239e+18,false
17,1.7287812e+18,SMS14,control,ConH,middle,40,0.4432356100000001,0.44342956,0.00019394999999988727,1.5,0.00012929999999992484,1.7287866e+18,false
18,1.728882e+18,SMS14,control,ConH,middle,40,0.44354593,0.464221,0.020675070000000018,23.833333333333332,0.0008674854545454553,1.7289678e+18,true
19,1.728927e+18,SMS14,control,ConH,middle,40,0.4434683500000001,0.47228932,0.02882096999999989,24.0,0.0012008737499999954,1.7290134e+18,true
20,1.7289927e+18,SMS14,control,ConH,middle,40,0.4650355900000001,0.4770604899999999,0.012024899999999783,10.083333333333334,0.0011925520661156808,1.729029e+18,true
21,1.7293176e+18,SMS14,control,ConH,middle,40,0.4678478650000001,0.4716686799999998,0.0038208149999997,15.166666666666666,0.00025192186813184837,1.7293722e+18,false
22,1.7303526e+18,SMS14,control,ConH,middle,40,0.4616996499999999,0.4616608600000001,-0.000038789999999788716,0.3333333333333333,-0.00011636999999936615,1.7303538e+18,false
23,1.7304471e+18,SMS14,control,ConH,middle,40,0.4598765200000001,0.46007047,0.00019394999999988727,21.75,8.917241379305162e-6,1.7305254e+18,false
24,1.7305146e+18,SMS14,control,ConH,middle,40,0.45979894,0.4608074799999999,0.0010085399999998912,23.5,0.00004291659574467622,1.7305992e+18,false
25,1.7305929e+18,SMS14,control,ConH,middle,40,0.46036139499999995,0.4609238499999999,0.0005624549999999617,5.666666666666667,0.0000992567647058756,1.7306133e+18,false
26,1.7314542e+18,SMS14,control,ConH,middle,40,0.4571224299999999,0.4746555100000001,0.0175330800000002,12.583333333333334,0.0013933573509933934,1.7314995e+18,true
27,1.7315361e+18,SMS14,control,ConH,middle,40,0.47354999499999995,0.4739960799999998,0.00044608499999987394,1.9166666666666667,0.00023273999999993421,1.731543e+18,false
28,1.7315775e+18,SMS14,control,ConH,middle,40,0.47258024499999995,0.47488825,0.0023080050000000574,18.916666666666668,0.00012200907488987087,1.7316456e+18,false
29,1.7316243e+18,SMS14,control,ConH,middle,40,0.4723668999999999,0.47488825,0.002521350000000089,5.916666666666667,0.00042614366197184597,1.7316456e+18,false
30,1.7316954e+18,SMS14,control,ConH,middle,40,0.47422882,0.4783017700000001,0.004072950000000131,8.666666666666666,0.00046995576923078436,1.7317266e+18,false
31,1.7318088e+18,SMS14,control,ConH,middle,40,0.4734142299999999,0.47659501,0.003180780000000105,5.0,0.0006361560000000211,1.7318268e+18,false
32,1.7326116e+18,SMS14,control,ConH,middle,40,0.46329004,0.47450035,0.011210310000000001,13.166666666666666,0.0008514159493670887,1.732659e+18,true
33,1.7329545e+18,SMS14,control,ConH,middle,40,0.46588897,0.47178505,0.00589607999999997,6.416666666666667,0.0009188696103896057,1.7329776e+18,true
34,1.7339076e+18,SMS14,control,ConH,middle,40,0.4653459099999999,0.4752373599999999,0.009891449999999968,17.583333333333332,0.0005625469194312779,1.7339709e+18,true
35,1.7339751e+18,SMS14,control,ConH,middle,40,0.47510159499999993,0.4752373599999999,0.0001357649999999544,0.4166666666666667,0.0003258359999998905,1.7339766e+18,false
36,1.7340084e+18,SMS14,control,ConH,middle,40,0.4744615599999999,0.4769053299999999,0.0024437700000000118,17.583333333333332,0.0001389821800947874,1.7340717e+18,false
37,1.7340723e+18,SMS14,control,ConH,middle,40,0.47671138,0.4769053299999999,0.00019394999999988727,0.4166666666666667,0.00046547999999972943,1.7340738e+18,false
38,1.7340993e+18,SMS14,control,ConH,middle,40,0.47614892499999995,0.47643985,0.00029092500000005295,2.25,0.00012930000000002353,1.7341074e+18,false
39,1.7352846e+18,SMS14,control,ConH,middle,40,0.4610014299999998,0.4610014299999998,0.0,0.16666666666666666,0.0,1.7352852e+18,false
40,1.7355024e+18,SMS14,control,ConH,middle,40,0.459546805,0.46251424,0.0029674350000000183,23.833333333333332,0.000124507762237763,1.7355882e+18,false
41,1.7417259e+18,SMS14,control,ConH,middle,40,0.441,0.441,0.0,0.0,NaN,1.7417259e+18,false
42,1.7474355e+18,SMS14,control,ConH,middle,40,0.432,0.433,0.0010000000000000009,1.75,0.0005714285714285719,1.7474418e+18,false
43,1.7474958e+18,SMS14,control,ConH,middle,40,0.431,0.431,0.0,0.0,NaN,1.7474958e+18,false
44,1.7475318e+18,SMS14,control,ConH,middle,40,0.43,0.43,0.0,0.0,NaN,1.7475318e+18,false
45,1.7496783e+18,SMS14,control,ConH,middle,40,0.427,0.427,0.0,0.0,NaN,1.7496783e+18,false
46,1.7506251e+18,SMS14,control,ConH,middle,40,0.429,0.43,0.0010000000000000009,0.4166666666666667,0.002400000000000002,1.7506266e+18,false
47,1.7531298e+18,SMS14,control,ConH,middle,40,0.417,0.418,0.0010000000000000009,0.0,NaN,1.7531298e+18,false
48,1.7540874e+18,SMS14,control,ConH,middle,40,0.416,0.417,0.0010000000000000009,0.3333333333333333,0.0030000000000000027,1.7540886e+18,false
49,1.7542404e+18,SMS14,control,ConH,middle,40,0.414,0.414,0.0,0.0,NaN,1.7542404e+18,false
50,1.7543367e+18,SMS14,control,ConH,middle,40,0.412,0.413,0.0010000000000000009,0.08333333333333333,0.01200000000000001,1.754337e+18,false
51,1.7554563e+18,SMS14,control,ConH,middle,40,0.422,0.423,0.0010000000000000009,3.0,0.00033333333333333365,1.7554671e+18,false
52,1.7566785e+18,SMS14,control,ConH,middle,40,0.425,0.425,0.0,0.0,NaN,1.7566785e+18,false
53,1.7572914e+18,SMS14,control,ConH,middle,40,0.425,0.426,0.0010000000000000009,0.5833333333333334,0.0017142857142857157,1.7572935e+18,false
54,1.7576217e+18,SMS14,control,ConH,middle,40,0.424,0.425,0.0010000000000000009,3.0,0.00033333333333333365,1.7576325e+18,false
55,1.7577351e+18,SMS14,control,ConH,middle,40,0.423,0.423,0.0,0.0,NaN,1.7577351e+18,false
56,1.7582472e+18,SMS14,control,ConH,middle,40,0.425,0.425,0.0,0.0,NaN,1.7582472e+18,false
57,1.7585001e+18,SMS14,control,ConH,middle,40,0.423,0.425,0.0020000000000000018,23.333333333333332,0.0000857142857142858,1.7585841e+18,false
58,1.7585838e+18,SMS14,control,ConH,middle,40,0.424,0.432,0.008000000000000007,22.916666666666668,0.00034909090909090936,1.7586663e+18,true
59,1.7588304e+18,SMS14,control,ConH,middle,40,0.441,0.45,0.009000000000000008,21.583333333333332,0.0004169884169884174,1.7589081e+18,true
60,1.7590014e+18,SMS14,control,ConH,middle,40,0.453,0.455,0.0020000000000000018,7.5,0.0002666666666666669,1.7590284e+18,false
61,1.7593677e+18,SMS14,control,ConH,middle,40,0.453,0.454,0.0010000000000000009,0.0,NaN,1.7593677e+18,false
62,1.7595441e+18,SMS14,control,ConH,middle,40,0.452,0.455,0.0030000000000000027,22.416666666666668,0.000133828996282528,1.7596248e+18,false
63,1.7599257e+18,SMS14,control,ConH,middle,40,0.457,0.457,0.0,0.0,NaN,1.7599257e+18,false
64,1.7603586e+18,SMS14,control,ConH,middle,40,0.453,0.453,0.0,0.0,NaN,1.7603586e+18,false
65,1.7603955e+18,SMS14,control,ConH,middle,40,0.453,0.453,0.0,0.0,NaN,1.7603955e+18,false
66,1.7605098e+18,SMS14,control,ConH,middle,40,0.454,0.454,0.0,0.0,NaN,1.7605098e+18,false
67,1.760571e+18,SMS14,control,ConH,middle,40,0.453,0.454,0.0010000000000000009,0.16666666666666666,0.006000000000000005,1.7605716e+18,false
68,1.7606115e+18,SMS14,control,ConH,middle,40,0.453,0.454,0.0010000000000000009,10.25,0.00009756097560975618,1.7606484e+18,false
69,1.7606736e+18,SMS14,control,ConH,middle,40,0.454,0.459,0.0050000000000000044,23.916666666666668,0.00020905923344947751,1.7607597e+18,true
70,1.7607393e+18,SMS14,control,ConH,middle,40,0.457,0.469,0.011999999999999955,13.75,0.0008727272727272695,1.7607888e+18,true
71,1.760841e+18,SMS14,control,ConH,middle,40,0.468,0.469,0.0009999999999999454,5.416666666666667,0.00018461538461537452,1.7608605e+18,false
72,1.7609427e+18,SMS14,control,ConH,middle,40,0.468,0.468,0.0,0.0,NaN,1.7609427e+18,false
73,1.7610255e+18,SMS14,control,ConH,middle,40,0.466,0.477,0.010999999999999954,16.5,0.0006666666666666639,1.7610849e+18,true
74,1.7623863e+18,SMS14,control,ConH,middle,40,0.459,0.459,0.0,0.0,NaN,1.7623863e+18,false
75,1.7625267e+18,SMS14,control,ConH,middle,40,0.458,0.459,0.0010000000000000009,8.75,0.00011428571428571439,1.7625582e+18,false
76,1.7632917e+18,SMS14,control,ConH,middle,40,0.453,0.472,0.01899999999999996,23.75,0.0007999999999999984,1.7633772e+18,true
77,1.7633358e+18,SMS14,control,ConH,middle,40,0.452,0.472,0.019999999999999962,11.5,0.0017391304347826055,1.7633772e+18,true
78,1.7633988e+18,SMS14,control,ConH,middle,40,0.471,0.471,0.0,0.0,NaN,1.7633988e+18,false
79,1.7634321e+18,SMS14,control,ConH,middle,40,0.471,0.471,0.0,0.0,NaN,1.7634321e+18,false
80,1.7637624e+18,SMS14,control,ConH,middle,40,0.463,0.466,0.0030000000000000027,20.75,0.00014457831325301218,1.7638371e+18,false
81,1.7638281e+18,SMS14,control,ConH,middle,40,0.465,0.475,0.009999999999999953,16.666666666666668,0.0005999999999999971,1.7638881e+18,true
82,1.7638641e+18,SMS14,control,ConH,middle,40,0.466,0.475,0.008999999999999952,6.666666666666667,0.001349999999999993,1.7638881e+18,true
83,1.7639235e+18,SMS14,control,ConH,middle,40,0.474,0.475,0.0010000000000000009,2.75,0.00036363636363636394,1.7639334e+18,false
84,1.7639622e+18,SMS14,control,ConH,middle,40,0.47,0.475,0.0050000000000000044,2.0833333333333335,0.002400000000000002,1.7639697e+18,true
85,1.764387e+18,SMS14,control,ConH,middle,40,0.463,0.474,0.010999999999999954,17.0,0.0006470588235294091,1.7644482e+18,true
86,1.7644239e+18,SMS14,control,ConH,middle,40,0.463,0.474,0.010999999999999954,6.75,0.0016296296296296228,1.7644482e+18,true
87,1.7646543e+18,SMS14,control,ConH,middle,40,0.465,0.472,0.006999999999999951,19.5,0.00035897435897435645,1.7647245e+18,true
88,1.7647029e+18,SMS14,control,ConH,middle,40,0.464,0.472,0.007999999999999952,6.0,0.0013333333333333253,1.7647245e+18,true
89,1.7647875e+18,SMS14,control,ConH,middle,40,0.471,0.472,0.0010000000000000009,3.4166666666666665,0.00029268292682926855,1.7647998e+18,false
90,1.7648802e+18,SMS14,control,ConH,middle,40,0.465,0.467,0.0020000000000000018,17.0,0.00011764705882352951,1.7649414e+18,false
91,1.7649243e+18,SMS14,control,ConH,middle,40,0.466,0.467,0.0010000000000000009,4.75,0.00021052631578947386,1.7649414e+18,false
92,1.7659152e+18,SMS14,control,ConH,middle,40,0.455,0.455,0.0,0.0,NaN,1.7659152e+18,false
93,1.769319e+18,SMS14,control,ConH,middle,40,0.436,0.463,0.027000000000000024,24.0,0.001125000000000001,1.7694054e+18,true
0,1.7175024e+18,SMS16,control,ConI,bottom,40,0.38051218,0.38171467,0.0012024900000000005,17.5,0.00006871371428571432,1.7175654e+18,false
1,1.7177103e+18,SMS16,control,ConI,bottom,40,0.37857268,0.38128798,0.0027153000000000316,7.916666666666667,0.0003429852631578987,1.7177388e+18,false
2,1.7190819e+18,SMS16,control,ConI,bottom,40,0.38834776,0.3893950900000001,0.001047330000000124,9.0,0.00011637000000001378,1.7191143e+18,false
3,1.7191647e+18,SMS16,control,ConI,bottom,40,0.3876107499999999,0.38846413,0.0008533800000001257,9.0,0.00009482000000001396,1.7191971e+18,false
4,1.7202123e+18,SMS16,control,ConI,bottom,40,0.3889296099999999,0.39040363,0.0014740200000000758,6.583333333333333,0.00022390177215191026,1.720236e+18,false
5,1.7228331e+18,SMS16,control,ConI,bottom,40,0.39377836,0.3938559399999999,0.0000775799999999105,0.3333333333333333,0.0002327399999997315,1.7228343e+18,false
6,1.7229834e+18,SMS16,control,ConI,bottom,40,0.38991875500000006,0.39052,0.000601244999999917,2.1666666666666665,0.000277497692307654,1.7229912e+18,false
7,1.723077e+18,SMS16,control,ConI,bottom,40,0.3885417099999999,0.38873566,0.0001939500000001093,0.0,NaN,1.723077e+18,false
8,1.7231418e+18,SMS16,control,ConI,bottom,40,0.38687374,0.3878822799999999,0.0010085399999998912,6.5,0.00015515999999998325,1.7231652e+18,false
9,1.7232363e+18,SMS16,control,ConI,bottom,40,0.3866991849999999,0.4836547899999999,0.096955605,2.0,0.0484778025,1.7232435e+18,true
10,1.7233407e+18,SMS16,control,ConI,bottom,40,0.47921333499999996,0.4852063899999999,0.005993054999999914,3.5,0.001712301428571404,1.7233533e+18,true
11,1.7253117e+18,SMS16,control,ConI,bottom,40,0.456753925,0.4578206499999999,0.0010667249999998796,5.583333333333333,0.00019105522388057546,1.7253318e+18,false
12,1.7255781e+18,SMS16,control,ConI,bottom,40,0.4568896899999999,0.48035764,0.02346795000000007,5.833333333333333,0.004023077142857155,1.7255991e+18,true
13,1.7279928e+18,SMS16,control,ConI,bottom,40,0.4514202999999999,0.4520797299999999,0.0006594300000000164,4.583333333333333,0.00014387563636363994,1.7280093e+18,false
14,1.728558e+18,SMS16,control,ConI,bottom,40,0.44579575,0.44575696,-0.00003879000000001076,0.25,-0.00015516000000004304,1.7285589e+18,false
15,1.7286273e+18,SMS16,control,ConI,bottom,40,0.44515571500000006,0.44513632,-0.000019395000000088647,0.25,-0.00007758000000035459,1.7286282e+18,false
16,1.7287227e+18,SMS16,control,ConI,bottom,40,0.44436052,0.44432173,-0.00003878999999995525,0.16666666666666666,-0.0002327399999997315,1.7287233e+18,false
17,1.7287812e+18,SMS16,control,ConI,bottom,40,0.44337137500000007,0.4434683500000001,0.00009697500000005466,0.6666666666666666,0.00014546250000008198,1.7287836e+18,false
18,1.728882e+18,SMS16,control,ConI,bottom,40,0.44265376,0.4426925500000001,0.00003879000000006627,0.25,0.00015516000000026509,1.7288829e+18,false
19,1.728927e+18,SMS16,control,ConI,bottom,40,0.4415676399999999,0.48163771,0.040070070000000124,23.0,0.0017421769565217446,1.7290098e+18,true
20,1.7289927e+18,SMS16,control,ConI,bottom,40,0.4429640799999999,0.48163771,0.03867363000000007,4.75,0.008141816842105278,1.7290098e+18,true
21,1.7293176e+18,SMS16,control,ConI,bottom,40,0.46874003499999994,0.48540034,0.016660305000000042,3.9166666666666665,0.0042536948936170325,1.7293317e+18,true
22,1.7303526e+18,SMS16,control,ConI,bottom,40,0.46354217499999995,0.4635227799999999,-0.000019395000000033136,0.08333333333333333,-0.00023274000000039763,1.7303529e+18,false
23,1.7304471e+18,SMS16,control,ConI,bottom,40,0.46171904499999994,0.4616608600000001,-0.00005818499999982185,0.16666666666666666,-0.0003491099999989311,1.7304477e+18,false
24,1.7305146e+18,SMS16,control,ConI,bottom,40,0.4608850600000001,0.46096264,0.00007757999999985499,0.3333333333333333,0.00023273999999956496,1.7305158e+18,false
25,1.7305929e+18,SMS16,control,ConI,bottom,40,0.4604195799999999,0.4607686899999999,0.00034911000000004133,3.4166666666666665,0.00010217853658537796,1.7306052e+18,false
26,1.7314542e+18,SMS16,control,ConI,bottom,40,0.4572388000000001,0.4841978499999999,0.026959049999999762,8.0,0.0033698812499999703,1.731483e+18,true
27,1.7315361e+18,SMS16,control,ConI,bottom,40,0.4815989200000002,0.48218077,0.0005818499999997728,2.3333333333333335,0.00024936428571418833,1.7315445e+18,false
28,1.7315775e+18,SMS16,control,ConI,bottom,40,0.48152134,0.48357721,0.0020558699999999597,20.75,0.00009907807228915469,1.7316522e+18,false
29,1.7316243e+18,SMS16,control,ConI,bottom,40,0.48192863499999994,0.4838099499999999,0.001881314999999939,23.416666666666668,0.00008034085409252409,1.7317086e+18,false
30,1.7316954e+18,SMS16,control,ConI,bottom,40,0.48268504,0.4846633299999998,0.0019782899999997716,13.25,0.00014930490566036013,1.7317431e+18,false
31,1.7318088e+18,SMS16,control,ConI,bottom,40,0.4841978499999999,0.4865252499999999,0.002327400000000035,4.75,0.0004899789473684285,1.7318259e+18,false
32,1.7326116e+18,SMS16,control,ConI,bottom,40,0.4649580099999999,0.4826074600000001,0.017649450000000177,14.333333333333334,0.0012313569767441984,1.7326632e+18,true
33,1.7329545e+18,SMS16,control,ConI,bottom,40,0.47240569,0.4822583499999999,0.009852659999999902,8.083333333333334,0.0012188857731958642,1.7329836e+18,true
34,1.7339076e+18,SMS16,control,ConI,bottom,40,0.4697679700000001,0.4853227600000001,0.015554789999999985,20.0,0.0007777394999999993,1.7339796e+18,true
35,1.7339751e+18,SMS16,control,ConI,bottom,40,0.48435301,0.4856330799999999,0.001280069999999911,20.0,0.00006400349999999555,1.7340471e+18,false
36,1.7340084e+18,SMS16,control,ConI,bottom,40,0.48435301,0.4856330799999999,0.001280069999999911,10.75,0.00011907627906975916,1.7340471e+18,false
37,1.7340723e+18,SMS16,control,ConI,bottom,40,0.48441119499999996,0.4856330799999999,0.0012218849999999226,10.0,0.00012218849999999227,1.7341083e+18,false
38,1.7340993e+18,SMS16,control,ConI,bottom,40,0.48462454,0.4856330799999999,0.0010085399999998912,2.5,0.0004034159999999565,1.7341083e+18,false
39,1.7352846e+18,SMS16,control,ConI,bottom,40,0.4657338100000001,0.4656950200000001,-0.00003878999999995525,0.08333333333333333,-0.000465479999999463,1.7352849e+18,false
40,1.7355024e+18,SMS16,control,ConI,bottom,40,0.4630960899999998,0.4722505299999999,0.009154440000000097,12.083333333333334,0.0007576088275862148,1.7355459e+18,true
41,1.7417259e+18,SMS16,control,ConI,bottom,40,0.448,0.448,0.0,0.0,NaN,1.7417259e+18,false
42,1.7474355e+18,SMS16,control,ConI,bottom,40,0.43,0.431,0.0010000000000000009,0.25,0.0040000000000000036,1.7474364e+18,false
43,1.7474958e+18,SMS16,control,ConI,bottom,40,0.429,0.429,0.0,0.0,NaN,1.7474958e+18,false
44,1.7475318e+18,SMS16,control,ConI,bottom,40,0.427,0.427,0.0,0.0,NaN,1.7475318e+18,false
45,1.7496783e+18,SMS16,control,ConI,bottom,40,0.424,0.429,0.0050000000000000044,21.833333333333332,0.00022900763358778647,1.7497569e+18,true
46,1.7506251e+18,SMS16,control,ConI,bottom,40,0.431,0.432,0.0010000000000000009,0.75,0.0013333333333333346,1.7506278e+18,false
47,1.7531298e+18,SMS16,control,ConI,bottom,40,0.407,0.408,0.0010000000000000009,0.0,NaN,1.7531298e+18,false
48,1.7540874e+18,SMS16,control,ConI,bottom,40,0.407,0.408,0.0010000000000000009,0.08333333333333333,0.01200000000000001,1.7540877e+18,false
49,1.7542404e+18,SMS16,control,ConI,bottom,40,0.404,0.405,0.0010000000000000009,3.9166666666666665,0.00025531914893617047,1.7542545e+18,false
50,1.7543367e+18,SMS16,control,ConI,bottom,40,0.403,0.483,0.07999999999999996,6.75,0.011851851851851846,1.754361e+18,true
51,1.7554563e+18,SMS16,control,ConI,bottom,40,0.448,0.449,0.0010000000000000009,4.166666666666667,0.0002400000000000002,1.7554713e+18,false
52,1.7566785e+18,SMS16,control,ConI,bottom,40,0.448,0.448,0.0,0.0,NaN,1.7566785e+18,false
53,1.7572914e+18,SMS16,control,ConI,bottom,40,0.448,0.448,0.0,0.0,NaN,1.7572914e+18,false
54,1.7576217e+18,SMS16,control,ConI,bottom,40,0.448,0.449,0.0010000000000000009,2.5,0.00040000000000000034,1.7576307e+18,false
55,1.7577351e+18,SMS16,control,ConI,bottom,40,0.447,0.483,0.035999999999999976,7.333333333333333,0.004909090909090906,1.7577615e+18,true
56,1.7582472e+18,SMS16,control,ConI,bottom,40,0.46,0.46,0.0,0.0,NaN,1.7582472e+18,false
57,1.7585001e+18,SMS16,control,ConI,bottom,40,0.455,0.485,0.02999999999999997,6.833333333333333,0.0043902439024390205,1.7585247e+18,true
58,1.7585838e+18,SMS16,control,ConI,bottom,40,0.477,0.484,0.007000000000000006,3.4166666666666665,0.00204878048780488,1.7585961e+18,true
59,1.7588304e+18,SMS16,control,ConI,bottom,40,0.469,0.49,0.02100000000000002,6.166666666666667,0.0034054054054054083,1.7588526e+18,true
60,1.7590014e+18,SMS16,control,ConI,bottom,40,0.476,0.48,0.0040000000000000036,6.75,0.0005925925925925931,1.7590257e+18,false
61,1.7593677e+18,SMS16,control,ConI,bottom,40,0.469,0.469,0.0,0.0,NaN,1.7593677e+18,false
62,1.7595441e+18,SMS16,control,ConI,bottom,40,0.466,0.483,0.01699999999999996,7.0,0.0024285714285714227,1.7595693e+18,true
63,1.7599257e+18,SMS16,control,ConI,bottom,40,0.47,0.47,0.0,0.0,NaN,1.7599257e+18,false
64,1.7603586e+18,SMS16,control,ConI,bottom,40,0.465,0.471,0.00599999999999995,18.0,0.00033333333333333056,1.7604234e+18,true
65,1.7603955e+18,SMS16,control,ConI,bottom,40,0.465,0.471,0.00599999999999995,7.75,0.0007741935483870902,1.7604234e+18,true
66,1.7605098e+18,SMS16,control,ConI,bottom,40,0.47,0.47,0.0,0.0,NaN,1.7605098e+18,false
67,1.760571e+18,SMS16,control,ConI,bottom,40,0.469,0.47,0.0010000000000000009,23.083333333333332,0.00004332129963898921,1.7606541e+18,false
68,1.7606115e+18,SMS16,control,ConI,bottom,40,0.468,0.483,0.014999999999999958,23.333333333333332,0.0006428571428571411,1.7606955e+18,true
69,1.7606736e+18,SMS16,control,ConI,bottom,40,0.47,0.488,0.018000000000000016,23.0,0.0007826086956521746,1.7607564e+18,true
70,1.7607393e+18,SMS16,control,ConI,bottom,40,0.48,0.489,0.009000000000000008,6.083333333333333,0.001479452054794522,1.7607612e+18,true
71,1.760841e+18,SMS16,control,ConI,bottom,40,0.484,0.489,0.0050000000000000044,4.25,0.001176470588235295,1.7608563e+18,true
72,1.7609427e+18,SMS16,control,ConI,bottom,40,0.483,0.483,0.0,0.0,NaN,1.7609427e+18,false
73,1.7610255e+18,SMS16,control,ConI,bottom,40,0.479,0.489,0.010000000000000009,8.75,0.0011428571428571438,1.761057e+18,true
74,1.7623863e+18,SMS16,control,ConI,bottom,40,0.466,0.468,0.0020000000000000018,18.083333333333332,0.00011059907834101394,1.7624514e+18,false
75,1.7625267e+18,SMS16,control,ConI,bottom,40,0.466,0.47,0.003999999999999948,10.5,0.00038095238095237603,1.7625645e+18,false
76,1.7632917e+18,SMS16,control,ConI,bottom,40,0.46,0.482,0.021999999999999964,19.833333333333332,0.00110924369747899,1.7633631e+18,true
77,1.7633358e+18,SMS16,control,ConI,bottom,40,0.459,0.482,0.022999999999999965,7.583333333333333,0.0030329670329670285,1.7633631e+18,true
78,1.7633988e+18,SMS16,control,ConI,bottom,40,0.479,0.48,0.0010000000000000009,0.0,NaN,1.7633988e+18,false
79,1.7634321e+18,SMS16,control,ConI,bottom,40,0.479,0.48,0.0010000000000000009,1.0833333333333333,0.0009230769230769239,1.763436e+18,false
80,1.7637624e+18,SMS16,control,ConI,bottom,40,0.472,0.478,0.006000000000000005,22.666666666666668,0.0002647058823529414,1.763844e+18,true
81,1.7638281e+18,SMS16,control,ConI,bottom,40,0.476,0.486,0.010000000000000009,15.083333333333334,0.0006629834254143652,1.7638824e+18,true
82,1.7638641e+18,SMS16,control,ConI,bottom,40,0.478,0.486,0.008000000000000007,5.083333333333333,0.0015737704918032801,1.7638824e+18,true
83,1.7639235e+18,SMS16,control,ConI,bottom,40,0.484,0.487,0.0030000000000000027,12.833333333333334,0.00023376623376623396,1.7639697e+18,false
84,1.7639622e+18,SMS16,control,ConI,bottom,40,0.485,0.487,0.0020000000000000018,2.0833333333333335,0.0009600000000000008,1.7639697e+18,false
85,1.764387e+18,SMS16,control,ConI,bottom,40,0.469,0.483,0.014000000000000012,17.666666666666668,0.0007924528301886799,1.7644506e+18,true
86,1.7644239e+18,SMS16,control,ConI,bottom,40,0.4695,0.483,0.013500000000000012,7.416666666666667,0.001820224719101125,1.7644506e+18,true
87,1.7646543e+18,SMS16,control,ConI,bottom,40,0.478,0.484,0.006000000000000005,19.083333333333332,0.00031441048034934525,1.764723e+18,true
88,1.7647029e+18,SMS16,control,ConI,bottom,40,0.478,0.484,0.006000000000000005,5.583333333333333,0.0010746268656716428,1.764723e+18,true
89,1.7647875e+18,SMS16,control,ConI,bottom,40,0.484,0.485,0.0010000000000000009,1.6666666666666667,0.0006000000000000005,1.7647935e+18,false
90,1.7648802e+18,SMS16,control,ConI,bottom,40,0.481,0.484,0.0030000000000000027,16.416666666666668,0.00018274111675126918,1.7649393e+18,false
91,1.7649243e+18,SMS16,control,ConI,bottom,40,0.481,0.484,0.0030000000000000027,4.166666666666667,0.0007200000000000006,1.7649393e+18,false
92,1.7659152e+18,SMS16,control,ConI,bottom,40,0.461,0.461,0.0,0.0,NaN,1.7659152e+18,false
93,1.769319e+18,SMS16,control,ConI,bottom,40,0.446,0.474,0.02799999999999997,18.0,0.001555555555555554,1.7693838e+18,true
