event,event_start,depth_cm,sensor_id,treatment,location,tag,peak_time,peak_vwc,tail_hours,n_samples,exp_A,exp_tau_h,exp_C,exp_r2,pow_A,pow_alpha,pow_C,pow_r2
9,1.7232363e+18,40,SMS16,control,ConI,bottom,1.7232435e+18,0.4836547899999999,24.916666666666668,300,0.2707629197098022,1929.4767167271302,0.21193761265367025,0.8919026284568626,0.4726115641766278,0.0023235498008728366,0.010835565110021724,0.8066857011191055
10,1.7233407e+18,40,SMS16,control,ConI,bottom,1.7233533e+18,0.4852063899999999,167.91666666666666,2015,0.02335144468558385,192.7831344129828,0.46175526601788336,0.9725518585858967,0.4926385987026416,0.007633942172674625,7.053021433162432e-10,0.8056684107561309
12,1.7255781e+18,40,SMS16,control,ConI,bottom,1.7255991e+18,0.48035764,167.91666666666666,2016,0.015462539967339982,19.98491330202251,0.4655075046213364,0.967085611749566,0.03671230375955889,0.13591689361973383,0.4462243283270698,0.8786387826907566
20,1.7289927e+18,40,SMS16,control,ConI,bottom,1.7290098e+18,0.48163771,83.41666666666667,1002,0.14690733965423725,935.318132332628,0.3345718351169182,0.9742346842600684,0.4867870369787403,0.007050319148989378,7.514180466980925e-9,0.7516632432581467
21,1.7293176e+18,40,SMS16,control,ConI,bottom,1.7293317e+18,0.48540034,167.91666666666666,2016,0.018211453933236064,71.99173499012088,0.4664268883776376,0.9825688585439355,0.49249663255784415,0.009534273972839298,7.819156350729009e-19,0.9173066882796282
26,1.7314542e+18,40,SMS16,control,ConI,bottom,1.731483e+18,0.4841978499999999,12.666666666666666,153,0.0031136613205589316,8.27995293968641,0.48077215190294176,0.9719077745198977,0.39928793520459954,0.002099904326939982,0.08444953416684738,0.9472323664710279
32,1.7326116e+18,40,SMS16,control,ConI,bottom,1.7326632e+18,0.4826074600000001,78.83333333333334,947,0.48274308255694465,3672.3491151734925,8.34659002684382e-7,0.9872324117197522,0.4869221314662079,0.005708864348382853,3.583048628559197e-19,0.7479490748870108
33,1.7329545e+18,40,SMS16,control,ConI,bottom,1.7329836e+18,0.4822583499999999,167.91666666666666,2016,0.4828393308520102,8396.890882899183,6.3089273928502235e-9,0.9645090305357606,0.4880508972318827,0.005013465792065353,8.994647541388069e-10,0.6841473539928411
40,1.7355024e+18,40,SMS16,control,ConI,bottom,1.7355459e+18,0.4722505299999999,167.91666666666666,2016,0.012765548288779521,146.41284676899627,0.4591407040989939,0.9660596847146712,0.4767423196019488,0.005132772865913361,8.408385858664468e-11,0.8425605415029553
45,1.7496783e+18,40,SMS16,control,ConI,bottom,1.7497569e+18,0.429,167.91666666666666,2016,2.1037182475359296e-19,3404.1494859479317,0.4299900793650804,2.220446049250313e-16,2.2937107453513436e-10,0.000010381285092059438,0.4299900779003788,-4.2594816562768756e-12
50,1.7543367e+18,40,SMS16,control,ConI,bottom,1.754361e+18,0.483,167.91666666666666,2016,0.028804573406694397,58.47994802913042,0.45200328832829817,0.9616958692688022,0.49326497804261854,0.016143292787707857,1.330186299247334e-21,0.942261248479053
55,1.7577351e+18,40,SMS16,control,ConI,bottom,1.7577615e+18,0.483,132.83333333333331,1595,0.019566132502813086,30.933778358144238,0.4596448002593183,0.9452066333302422,0.48465718006615643,0.011095770531755794,1.0988834663465767e-12,0.9649869877650276
57,1.7585001e+18,40,SMS16,control,ConI,bottom,1.7585247e+18,0.485,14.333333333333332,173,0.48590988114750244,839.9815563843143,1.2323141026776564e-9,0.9709309166225918,0.4862758167881072,0.005306755191868055,1.0968703933507201e-10,0.7661432882749352
58,1.7585838e+18,40,SMS16,control,ConI,bottom,1.7585961e+18,0.484,63.0,757,0.022815870127927372,53.84765113567263,0.46211057125344757,0.9870157352168079,0.4898935492047376,0.009380874812245385,5.686648800133964e-15,0.8586264933623019
59,1.7588304e+18,40,SMS16,control,ConI,bottom,1.7588526e+18,0.49,39.25,472,0.02301931395203951,44.407837514861626,0.46644050505427204,0.9785497141088,0.49264641441427387,0.008286178385047858,1.0816249917832802e-10,0.8634326033750176
62,1.7595441e+18,40,SMS16,control,ConI,bottom,1.7595693e+18,0.483,96.91666666666667,1164,0.012897171643178105,27.448552854389025,0.4702939523809682,0.9657873133642577,0.4862000094274346,0.007173807781385579,9.602014039389196e-10,0.9290547557032806
65,1.7603955e+18,40,SMS16,control,ConI,bottom,1.7604234e+18,0.471,21.916666666666668,264,0.00011906142752011453,9999.156215827761,0.4708810698920116,NaN,0.003318847842258551,9.270940228549765e-7,0.46768115878863054,NaN
70,1.7607393e+18,40,SMS16,control,ConI,bottom,1.7607612e+18,0.489,20.083333333333336,242,0.4898498804545753,1686.9249251871138,4.433877133803375e-9,0.8885334643452132,0.49030536902565747,0.0033316673172834573,6.995717806317278e-10,0.6118123773717313
71,1.760841e+18,40,SMS16,control,ConI,bottom,1.7608563e+18,0.489,21.916666666666668,264,0.010542704898065053,25.438083746986578,0.4788828332382763,0.9608099207964225,0.4900397166504236,0.0039003630431107533,7.207816549744258e-12,0.8490353988077735
73,1.7610255e+18,40,SMS16,control,ConI,bottom,1.761057e+18,0.489,167.91666666666666,2016,0.04839479633138272,255.12770353569246,0.44206731902959845,0.9879041424653067,0.5035919838704286,0.012873192695209043,8.024567485930711e-18,0.7943566525736343
86,1.7644239e+18,40,SMS16,control,ConI,bottom,1.7644506e+18,0.483,54.5,655,0.4837449947786542,6150.444234108765,4.846904281279379e-9,0.7146369781061259,0.4846652453355361,0.002091364167211948,6.606326989758049e-12,0.40757889326418384
88,1.7647029e+18,40,SMS16,control,ConI,bottom,1.764723e+18,0.484,15.833333333333332,191,5.327876104371651e-9,9999.595774430896,0.48397904410679615,-1.1724381243638504e-8,0.018185107318314027,1.1209712814438769e-12,0.4657939502712556,-1.1082645912097178e-10
93,1.769319e+18,40,SMS16,control,ConI,bottom,1.7693838e+18,0.474,167.91666666666666,2016,0.019218508312753277,74.15875362758008,0.45579662846090957,0.9838739828269668,0.482832532823393,0.009943883484240735,2.0777273118798104e-13,0.8704249899258891
0,1.7175024e+18,10,SMS11,control,ConG,top,1.7175231e+18,0.2621251,49.916666666666664,600,0.010298224579860921,24.299068380825478,0.2503454291442572,0.44140282744593573,0.26279139081930736,0.01062069909607357,1.3260601812301637e-10,0.44232214081908816
1,1.7177103e+18,10,SMS11,control,ConG,top,1.7177142e+18,0.4719402100000001,167.91666666666666,2016,0.0579141895261657,60.0342476148542,0.39246515693243583,0.8961150666664752,0.4779167816678605,0.03609136844915688,1.5269436806936918e-12,0.901745074881039
3,1.7191647e+18,10,SMS11,control,ConG,top,1.7191647e+18,0.4681775799999999,167.91666666666666,2016,0.16923088336179445,537.4988518681738,0.2811176669331149,0.8209111043171405,0.47779323845816185,0.02757043036624731,2.910712588642058e-15,0.6555494363483347
4,1.7202123e+18,10,SMS11,control,ConG,top,1.7202135e+18,0.4650355900000001,167.91666666666666,2016,0.05216872622905114,51.862021935508096,0.4055065612859562,0.9192287913049199,0.47958161701164337,0.031625594753822775,1.3780606257218559e-17,0.8974309567674685
5,1.7228331e+18,10,SMS11,control,ConG,top,1.7228385e+18,0.4365637299999998,38.166666666666664,459,0.03071232446933353,14.573399583986363,0.4098763153929099,0.8016556096327965,0.4425678519936049,0.01890009968326973,1.1460282834054925e-20,0.7054628594322461
6,1.7229834e+18,10,SMS11,control,ConG,top,1.7229867e+18,0.4619711799999999,23.0,277,0.029095820259768795,6.767541185237295,0.4355476288352442,0.945206976784419,0.46245610788547514,0.01877286626863709,2.763224693671334e-11,0.9180924523931931
8,1.7231418e+18,10,SMS11,control,ConG,top,1.7231436e+18,0.4671302500000001,23.666666666666668,285,0.03157266315086459,25.896453783582082,0.43348251242579827,0.7477690843939202,0.46757401592019937,0.01310176518811831,7.360352352170347e-19,0.6951404937863177
9,1.7232363e+18,10,SMS11,control,ConG,top,1.7232411e+18,0.4669363,25.583333333333336,308,0.02753077147111687,11.5214322247345,0.44020168841762425,0.8807984764829077,0.4686515755972271,0.016506165337617215,3.922291055480243e-6,0.8323018057985865
10,1.7233407e+18,10,SMS11,control,ConG,top,1.7233431e+18,0.4627469799999999,167.91666666666666,2015,0.14301853186055288,631.8784459265395,0.3106490696557493,0.7201301598805541,0.47594504555987244,0.02111677791576227,4.772787645042498e-19,0.6414399034005284
11,1.7253117e+18,10,SMS11,control,ConG,top,1.7253123e+18,0.4613117499999999,71.75,862,0.03714878009822617,26.616177497243225,0.41691705651311406,0.845411264598564,0.4627406249843089,0.022485377038631914,1.733872659432639e-12,0.8049518649153569
12,1.7255781e+18,10,SMS11,control,ConG,top,1.7255802e+18,0.4622427099999999,167.91666666666666,2016,0.043521061997854056,56.48960751400957,0.4108209529782032,0.851115193671014,0.47363451518906385,0.026442991908971553,6.65174489222967e-19,0.8436976874163471
13,1.7279928e+18,10,SMS11,control,ConG,top,1.7280528e+18,0.42263812,138.25,1658,0.03248902799451562,40.910663977035,0.3857796559380289,0.8494181398977579,0.4301061402861125,0.0216056305934974,1.9666427228063903e-21,0.8512542134433916
14,1.728558e+18,10,SMS11,control,ConG,top,1.7285613e+18,0.4521961000000001,16.25,196,0.03019187091663466,10.116576000457178,0.42093725690189604,0.9913116628570998,0.45085116094565003,0.01802414420724796,2.5553462006335144e-18,0.949161146243269
15,1.7286273e+18,10,SMS11,control,ConG,top,1.7286531e+18,0.4428477100000001,17.25,208,0.047548830331998714,30.31390780710394,0.39700051016914384,0.9934037186674509,0.44579702000368254,0.014870167685285,1.0517174760888491e-10,0.8470527512293176
17,1.7287812e+18,10,SMS11,control,ConG,top,1.7287875e+18,0.45665695,24.166666666666668,291,0.45113610872030596,556.9456025691672,1.7761006183538644e-8,0.8885433028512655,0.45513110296474973,0.013601153138256723,1.3758304365046028e-10,0.8069621947866958
20,1.7289927e+18,10,SMS11,control,ConG,top,1.728996e+18,0.4589843499999999,87.25,1048,0.04146104654526477,42.41662411097514,0.41969914683233017,0.9304518819115267,0.4735534888778143,0.022907057692347806,1.3973725987399513e-10,0.8550402152488044
21,1.7293176e+18,10,SMS11,control,ConG,top,1.7293218e+18,0.4525840000000001,167.91666666666666,2016,0.051109090681881957,136.78343069716306,0.39927331611973177,0.9289805912240825,0.4712619072506228,0.022945559422849662,6.940233493615894e-23,0.8286245032667774
22,1.7303526e+18,10,SMS11,control,ConG,top,1.7303568e+18,0.45138151,23.0,277,0.042783344710874464,44.61517012713916,0.4081085395412584,0.9935136421966799,0.45338767621564363,0.01208542256799697,4.955592699103524e-12,0.8787821698667347
24,1.7305146e+18,10,SMS11,control,ConG,top,1.7305182e+18,0.4561138899999999,18.666666666666668,225,0.015061439512630658,11.914447430987611,0.4395863035339776,0.8871792937292232,0.4551288893667044,0.008809592017459863,3.0471740693226454e-9,0.8889804246656385
25,1.7305929e+18,10,SMS11,control,ConG,top,1.7305971e+18,0.4544459200000002,167.91666666666666,2015,0.03096771333445901,49.873737071684275,0.4204705238801723,0.8917103408083176,0.463407923694682,0.0184980806283507,1.2724658329246134e-17,0.8577556914290099
30,1.7316954e+18,10,SMS11,control,ConG,top,1.7316978e+18,0.4605359499999999,28.75,346,0.4590409295238724,1260.4036999924485,4.0659793665948485e-8,0.44772632787321276,0.4604637141870326,0.006020257229556372,8.271948909281272e-11,0.29363200600113715
32,1.7326116e+18,10,SMS11,control,ConG,top,1.73265e+18,0.4530882700000001,82.5,991,0.05246789239648295,107.38660862633152,0.4029458882068498,0.9427446103674254,0.46580257858863433,0.016921753680061196,1.0427861869721874e-19,0.7356890629468391
33,1.7329545e+18,10,SMS11,control,ConG,top,1.7330403e+18,0.4495971700000001,167.91666666666666,2016,0.04743953053674023,141.1896458457065,0.40590997571621873,0.9154720685565239,0.4711183013830297,0.02008357693711723,2.2133504895866798e-18,0.7638232245760854
34,1.7339076e+18,10,SMS11,control,ConG,top,1.7339232e+18,0.45006265,12.333333333333332,149,0.001766081567733009,2.8023842065685844,0.4484276185545761,0.42882663830785006,0.004795693312969049,0.11914334764683278,0.44484771549401037,0.37166094784212045
38,1.7340993e+18,10,SMS11,control,ConG,top,1.7341005e+18,0.4575103299999999,167.91666666666666,2015,0.038219839761633276,56.22617486374491,0.4149947550255763,0.9284559903752195,0.469730215649494,0.023040934765980188,7.72243695316163e-20,0.9104292447387797
39,1.7352846e+18,10,SMS11,control,ConG,top,1.7353152e+18,0.42578011,49.916666666666664,600,0.011435219172181023,4.233384168437615,0.4165240467341914,0.3504527737869143,0.024168858200413347,0.12751780031083948,0.4007653627635429,0.36056200586212883
40,1.7355024e+18,10,SMS11,control,ConG,top,1.7355099e+18,0.4511875599999999,167.91666666666666,2016,0.05504087599115373,125.91232066534388,0.394481655935342,0.9311874452795578,0.47214118891099155,0.025581195871597122,1.899729654131782e-16,0.8148431085832046
41,1.7417259e+18,10,SMS11,control,ConG,top,1.7417349e+18,0.456,167.91666666666666,2016,0.04804586955992377,79.6598005612909,0.3988601997478585,0.9470971305076862,0.4687544929109927,0.027285695683973262,4.6770515399373923e-20,0.8805354474445403
44,1.7475318e+18,10,SMS11,control,ConG,top,1.7475357e+18,0.458,167.91666666666666,2016,0.05559027283354356,80.45476781507752,0.3914221405359383,0.9316629209411197,0.47333604035355864,0.03206643268982524,1.3730247168317795e-19,0.8881690084306123
45,1.7496783e+18,10,SMS11,control,ConG,top,1.7496828e+18,0.456,167.91666666666666,2016,0.06723380535924317,114.82253181349995,0.38332858494785504,0.9290160285124061,0.4792909472733868,0.03283313108659228,2.6984971918528052e-17,0.8183148901962942
46,1.7506251e+18,10,SMS11,control,ConG,top,1.7506368e+18,0.439,167.91666666666666,2016,0.06029940534750865,119.60419133334327,0.37516866505133994,0.8865954816594213,0.4612654894092325,0.0300312159384802,2.6228279356134203e-11,0.790964998483089
47,1.7531298e+18,10,SMS11,control,ConG,top,1.7531352e+18,0.45,167.91666666666666,2016,0.059968624035451834,71.20245557575804,0.37710205836284805,0.9424229360480935,0.46481993037594976,0.03639221844414903,1.1605874032189626e-15,0.8898486781087309
48,1.7540874e+18,10,SMS11,control,ConG,top,1.7541027e+18,0.462,36.166666666666664,435,0.050114340484919744,22.638691130333044,0.40993099189116344,0.9320470684666448,0.46730517205573047,0.027390200377123742,1.251504175019848e-12,0.8791814539797613
49,1.7542404e+18,10,SMS11,control,ConG,top,1.7542434e+18,0.465,23.833333333333336,287,0.03197034295806173,3.7589015771820113,0.4390533288923726,0.9476204609359375,0.058836479349422134,0.1793794385908133,0.4041306097988891,0.8558786710782538
50,1.7543367e+18,10,SMS11,control,ConG,top,1.7543394e+18,0.463,167.91666666666666,2016,0.07839913976803518,129.4084638461938,0.3775378590775336,0.9279866804099088,0.4892117020870921,0.036202413961168994,2.2375326540324077e-14,0.8272204400843414
51,1.7554563e+18,10,SMS11,control,ConG,top,1.7554617e+18,0.442,167.91666666666666,2016,0.07855260095424733,218.1974969898011,0.357909230494606,0.8298981942293832,0.46200767407515936,0.02737738129160683,2.504349941043718e-17,0.7142690111741301
52,1.7566785e+18,10,SMS11,control,ConG,top,1.7566851e+18,0.454,166.33333333333331,1997,0.0478450368144502,71.32637277738591,0.40052679958554377,0.8571131860400374,0.4703659506599904,0.02808761320742381,7.268029867136277e-18,0.8185258707091714
53,1.7572914e+18,10,SMS11,control,ConG,top,1.757295e+18,0.457,88.66666666666667,1065,0.035577583379293905,32.91332470120306,0.41985122051977497,0.8135368476654152,0.46539467756471997,0.021191329186689326,9.714755867935539e-17,0.7721977738885966
54,1.7576217e+18,10,SMS11,control,ConG,top,1.7576271e+18,0.444,27.916666666666668,336,0.43980559867396735,1510.0340163804585,9.63331145128148e-9,0.4054291504753216,0.44219038491674545,0.006152948159716122,3.669328115606307e-11,0.4205699828662146
55,1.7577351e+18,10,SMS11,control,ConG,top,1.7577378e+18,0.457,139.41666666666666,1674,0.050182925934321276,86.90786923112144,0.40282058041879737,0.8567038490925216,0.47351833348854094,0.025766805907031915,2.2310715481780262e-19,0.7873298080586559
56,1.7582472e+18,10,SMS11,control,ConG,top,1.7582898e+18,0.429,56.33333333333333,677,0.013388235440545529,12.236411622336341,0.4168113526676555,0.40593994770191344,0.43061728019891204,0.008417195054104558,0.00001441368734000466,0.39567779522036706
58,1.7585838e+18,10,SMS11,control,ConG,top,1.7585868e+18,0.459,65.58333333333334,788,0.02685313075468245,19.10288293810837,0.43129084682299257,0.7948262773762929,0.4624071175118402,0.016320103860100084,1.4059108759457297e-17,0.7679878509307894
59,1.7588304e+18,10,SMS11,control,ConG,top,1.7588334e+18,0.464,44.58333333333333,536,0.02866066790816517,14.236038461002426,0.43640477030298885,0.8122477917933375,0.46746391485536304,0.01730088904748002,1.0302293644687526e-6,0.7644505063527952
60,1.7590014e+18,10,SMS11,control,ConG,top,1.7590041e+18,0.465,98.91666666666667,1188,0.03825583935062049,43.81245548101019,0.4201218117485349,0.8835079132653223,0.47169037121989993,0.022289025711671216,9.0470718749199e-15,0.8643686321657131
61,1.7593677e+18,10,SMS11,control,ConG,top,1.7594154e+18,0.448,33.666666666666664,405,0.022127177694858707,7.302044299728616,0.4296151006465302,0.9112232125549585,0.44971408365786164,0.013580714893959947,1.0650952629994687e-9,0.8599395805559089
62,1.7595441e+18,10,SMS11,control,ConG,top,1.7595477e+18,0.455,102.91666666666667,1236,0.035965573323286926,76.4667678761547,0.4165279119677869,0.7183619041884889,0.46497624532572746,0.01747346989142913,9.281495868437004e-19,0.6811224215289023
63,1.7599257e+18,10,SMS11,control,ConG,top,1.7599389e+18,0.441,114.5,1375,0.4355135169804414,1913.5954742211425,4.8294425141471e-6,0.7388172173888549,0.4489649616434762,0.016050870418987128,1.1519751443922209e-17,0.599283820260248
65,1.7603955e+18,10,SMS11,control,ConG,top,1.7603979e+18,0.458,29.0,349,0.034502628266104916,38.74378860841058,0.4231268568443171,0.8728917544282233,0.46099424854681553,0.012391457440802028,8.003713088934768e-10,0.7856125906382937
70,1.7607393e+18,10,SMS11,control,ConG,top,1.7607435e+18,0.461,25.0,301,0.4641644593194942,681.1790993791946,1.427250516123496e-19,0.7619704875847767,0.46538870166455926,0.009223765523377789,4.746739549188597e-18,0.4456812679327986
71,1.760841e+18,10,SMS11,control,ConG,top,1.7608497e+18,0.46,23.75,286,0.4640172619086347,418.27794037603684,1.2535558223771611e-18,0.9550777563006817,0.46709053635051606,0.01571021848682877,1.0003177865665019e-19,0.6795638954120617
73,1.7610255e+18,10,SMS11,control,ConG,top,1.7610612e+18,0.458,167.91666666666666,2016,0.05687171880833809,118.72620669467506,0.40391539927339615,0.9440743431689588,0.4838823957176887,0.026191788916944517,1.631776471962527e-17,0.8078831924403465
74,1.7623863e+18,10,SMS11,control,ConG,top,1.7624166e+18,0.453,28.5,343,0.024538712006281223,13.401396096023417,0.4310034631326815,0.9511928791243924,0.4566915166163735,0.0144350448468853,1.8944503978995716e-21,0.8554277447179028
75,1.7625267e+18,10,SMS11,control,ConG,top,1.7625309e+18,0.46,167.91666666666666,2016,0.04189051265495813,69.08717226988513,0.4125333116620731,0.8893536811027097,0.4735856500868811,0.024399615529808495,2.8418751476182184e-11,0.8548867311601416
79,1.7634321e+18,10,SMS11,control,ConG,top,1.7634876e+18,0.458,74.25,892,0.033429025173515446,24.75482867710063,0.4286564445353151,0.9211115208676347,0.46852518607744426,0.01942230673077934,2.0722819801909882e-21,0.8322351702875891
84,1.7639622e+18,10,SMS11,control,ConG,top,1.7639895e+18,0.461,108.33333333333334,1301,0.035322745690682056,48.24520608836558,0.4197504928544664,0.8846121177596007,0.46825154731018226,0.020684246934567153,2.6372585879721905e-21,0.8732110710069241
91,1.7649243e+18,10,SMS11,control,ConG,top,1.7649318e+18,0.458,167.91666666666666,2016,0.04569186523248364,104.63469852786636,0.40588709176408383,0.908105663324954,0.4724159175101517,0.02357949398437051,8.490381605627337e-12,0.8508421947628064
92,1.7659152e+18,10,SMS11,control,ConG,top,1.7659815e+18,0.434,167.91666666666666,2016,0.03847597192425122,97.47021443638364,0.39089247015865203,0.8386140835444708,0.4467359579810382,0.021251917672440893,6.178969692599662e-18,0.7775444339507679
93,1.769319e+18,10,SMS11,control,ConG,top,1.7693688e+18,0.445,167.91666666666666,2016,0.04277665808083049,81.65306301046867,0.4025828786593624,0.885612033327549,0.46390731259106344,0.02369187291275957,3.0952405994319944e-11,0.7947390321423509
4,1.7202123e+18,10,SMS06,swale,SwE,down,1.7202771e+18,0.1985870799999999,167.91666666666666,2015,0.027143104788809148,29.47742957688919,0.17871623676965506,0.1947543733529825,0.13153843926895548,0.050925127500429046,0.07677237501828393,0.1389665292237784
6,1.7229834e+18,10,SMS06,swale,SwE,down,1.7230236e+18,0.2160425799999999,12.75,154,0.0694178499842152,61.86434131371988,0.1474377045873407,0.9882175177257554,0.21706144301231842,0.01974035180257527,3.8441921825093367e-13,0.8240208555547334
9,1.7232363e+18,10,SMS06,swale,SwE,down,1.723281e+18,0.3483552700000001,14.5,175,0.03849129039173015,7.9402375794657685,0.3137044691227663,0.990360760294146,0.34996647367554873,0.03112727471842029,1.9660188168002287e-12,0.917258385394999
10,1.7233407e+18,10,SMS06,swale,SwE,down,1.7233596e+18,0.33411934,167.91666666666666,2016,0.16827609192118234,126.43291533973935,0.16233898367125915,0.9889695057730304,0.40254917995478307,0.11131271458413376,3.806773790692153e-18,0.7952201134692836
11,1.7253117e+18,10,SMS06,swale,SwE,down,1.7253732e+18,0.19432018,54.83333333333333,659,0.013844603026225647,31.22733591961001,0.18028979489860458,0.9756789151411094,0.19710347774527406,0.017716147118521954,2.1291111914996342e-15,0.906154940682163
12,1.7255781e+18,10,SMS06,swale,SwE,down,1.7256147e+18,0.3352442499999999,167.91666666666666,2016,0.27210799390435436,250.7347149337568,0.062124403638509025,0.994291372168407,0.41490207906352533,0.11399055502759198,2.606169995266023e-15,0.752168741259692
13,1.7279928e+18,10,SMS06,swale,SwE,down,1.7280744e+18,0.15479317,132.25,1588,2.1855451448697254e-18,302.15378847042814,0.20133865288173983,-6.439293542825908e-15,3.386527359871029e-11,0.00001464571090286997,0.20133865077844,-1.056932319443149e-13
15,1.7286273e+18,10,SMS06,swale,SwE,down,1.7286402e+18,0.26976673,20.833333333333336,251,0.020994715124468936,6.47614382836981,0.251167115967533,0.9902235068465647,0.270328399803172,0.023329973555309975,1.762743811344281e-14,0.9467580916266064
17,1.7287812e+18,10,SMS06,swale,SwE,down,1.7287899e+18,0.28757134,23.5,283,0.05251764931019586,36.616110761605306,0.23785623706792136,0.9690076152433601,0.29316932440044374,0.026348336513392027,6.273103395855525e-20,0.7937271103896886
20,1.7289927e+18,10,SMS06,swale,SwE,down,1.7290086e+18,0.39443779,83.75,1006,0.12477933264126885,24.34038258071713,0.2706721131115007,0.9838872092690188,0.4275269236550909,0.09844306713434299,2.184875055917192e-12,0.9350588090300856
21,1.7293176e+18,10,SMS06,swale,SwE,down,1.7293242e+18,0.3561908499999999,167.91666666666666,2015,0.19282357459935154,174.45597796611023,0.15351922938435372,0.993255380078178,0.42074085537523964,0.10193580063518168,4.005050170149669e-17,0.814299120148485
22,1.7303526e+18,10,SMS06,swale,SwE,down,1.7303775e+18,0.2438938,17.25,208,0.028187635845718307,71.16747998234312,0.21614879375463392,0.9782094826699398,0.24479430122264245,0.007745415861249163,1.2032303958915185e-9,0.7967603539193339
24,1.7305146e+18,10,SMS06,swale,SwE,down,1.7305212e+18,0.2897823700000001,17.833333333333336,215,0.2923415282187392,266.6791652005613,6.849848949670716e-14,0.964381633949293,0.29372063492325584,0.019501292748264464,2.071503195898568e-12,0.7221363027549914
25,1.7305929e+18,10,SMS06,swale,SwE,down,1.7306055e+18,0.28660159,167.91666666666666,2016,0.09070500656983212,233.42194256871298,0.19309562106592304,0.8320114603356609,0.31290692704344697,0.04712409420488758,1.3298564008987395e-16,0.7125539226197108
26,1.7314542e+18,10,SMS06,swale,SwE,down,1.7314809e+18,0.3796588000000001,13.25,160,0.37933391115461595,352.88693767556475,1.9778844372530133e-11,0.9622612756583148,0.3798523607188933,0.012006838593279735,3.6696013344922663e-13,0.7935585902835294
31,1.7318088e+18,10,SMS06,swale,SwE,down,1.7318256e+18,0.3594104200000001,167.91666666666666,2016,0.1547718295241925,172.50222910457254,0.2005079790406152,0.9952349094689028,0.4137616173710517,0.07889532743088945,6.469954475940173e-16,0.8224013658016791
32,1.7326116e+18,10,SMS06,swale,SwE,down,1.732698e+18,0.37729261,69.16666666666667,831,0.07391034877079218,26.33172779561475,0.31458916029442396,0.9822535791567603,0.4040171688355931,0.052643963778902965,2.883034627477009e-21,0.8701986884964324
33,1.7329545e+18,10,SMS06,swale,SwE,down,1.7330406e+18,0.3717456399999999,167.91666666666666,2016,0.17971161634432703,180.77524398884424,0.20203444212997873,0.9877791665187214,0.4443322487789606,0.08079050646650575,1.4991115246712067e-13,0.7727321578960797
39,1.7352846e+18,10,SMS06,swale,SwE,down,1.735323e+18,0.25556959,47.75,574,6.87758803319332e-18,1453.186859136033,0.256778026896223,1.1102230246251565e-16,5.714573393350131e-10,0.00011524866316493061,0.2567780184807899,-4.2733816485451825e-11
40,1.7355024e+18,10,SMS06,swale,SwE,down,1.7355396e+18,0.3156165100000001,167.91666666666666,2016,0.21155484059019383,338.9649742383807,0.10513729925750674,0.9988696834911501,0.3661320034372014,0.07247728028610348,3.176180243199587e-20,0.7653907224468015
41,1.7417259e+18,10,SMS06,swale,SwE,down,1.7417928e+18,0.2358642700000001,167.91666666666666,2016,0.13468972011889152,296.47693302269244,0.10439405105737602,0.9954150562698144,0.2728659556592689,0.06704006899237676,3.185994625417217e-15,0.7545508742932061
44,1.7475318e+18,10,SMS06,swale,SwE,down,1.7475627e+18,0.34273072,167.91666666666666,2016,0.15108361330301384,158.76251869344782,0.19233894529619827,0.97300963841913,0.4010063793303361,0.08284899819342072,3.26550681177004e-13,0.7822503293374621
45,1.7496783e+18,10,SMS06,swale,SwE,down,1.7497266e+18,0.34649335,167.91666666666666,2016,0.192114656316235,152.53090408308262,0.15135848575349353,0.9983618194049687,0.4200495139037014,0.11014755602928561,1.6143852010846757e-16,0.7954005556267071
46,1.7506251e+18,10,SMS06,swale,SwE,down,1.7506401e+18,0.28679554,167.91666666666666,2016,0.16425295653183566,200.84157587354363,0.12578322516870377,0.999042795880624,0.34494572889647535,0.09158652097798403,4.1430369766470644e-17,0.7761954072844752
47,1.7531298e+18,10,SMS06,swale,SwE,down,1.7531868e+18,0.23578669,167.91666666666666,2016,0.243318595204297,462.6318698626754,2.013991065544045e-17,0.984688170000163,0.28342326930186373,0.08016482747652903,8.557926361971185e-16,0.6642344851211075
48,1.7540874e+18,10,SMS06,swale,SwE,down,1.7541057e+18,0.31243573,35.33333333333333,425,0.05512660364502611,20.233491598161578,0.25608609209590816,0.9971632242682245,0.3181785494918257,0.04641685863494396,7.744946566195114e-17,0.9116164332022013
49,1.7542404e+18,10,SMS06,swale,SwE,down,1.7542449e+18,0.32760262,23.416666666666668,282,0.32130626583618693,287.87947590894896,1.1136364998626523e-10,0.984226867994583,0.32538727274216706,0.024065955078397306,3.562563500689321e-22,0.8078605256512267
50,1.7543367e+18,10,SMS06,swale,SwE,down,1.7543736e+18,0.40184668,167.91666666666666,2016,0.13936946394051689,34.278373500606385,0.2626056028717155,0.9766909120898692,0.4523537444215138,0.10816190916311433,4.314179945081379e-24,0.9483751066395715
51,1.7554563e+18,10,SMS06,swale,SwE,down,1.755465e+18,0.30262186,167.91666666666666,2016,0.1006030811028362,99.1424194225977,0.20635189361596412,0.9868273890668007,0.3507887826670995,0.07795891084612343,1.0774821878589128e-13,0.8167299254238454
52,1.7566785e+18,10,SMS06,swale,SwE,down,1.7566863e+18,0.32736988,166.0,1993,0.10972017229846973,129.11726055851767,0.21433260729550757,0.9597704353030087,0.3700919573075179,0.07163927937436726,5.124577738433829e-13,0.8108946620482387
53,1.7572914e+18,10,SMS06,swale,SwE,down,1.7573322e+18,0.3488983299999999,78.33333333333334,941,0.1264497878676595,112.92771292012998,0.21643369445118507,0.9899879755836539,0.3698294270407659,0.05482795794591175,2.5736909528510043e-14,0.8430754483533347
54,1.7576217e+18,10,SMS06,swale,SwE,down,1.7576277e+18,0.3094876899999999,27.75,334,0.3106624856400294,537.205029214672,5.638063055161437e-20,0.9756134940182384,0.3133066443554773,0.014437720596450437,1.8693094515704842e-10,0.7266305038160551
55,1.7577351e+18,10,SMS06,swale,SwE,down,1.7577411e+18,0.3531652299999999,138.5,1663,0.10377700277969071,80.52551471614841,0.2554485071792506,0.9926804822272265,0.4003471191460206,0.06953471233280113,4.103587251375277e-12,0.8388124013721046
56,1.7582472e+18,10,SMS06,swale,SwE,down,1.758255e+18,0.30188485,66.0,793,0.22444627005827827,510.6724708004198,0.078200533428434,0.9798030040879673,0.31309278607543695,0.02526601891609677,3.601661429259762e-19,0.7744011894953606
57,1.7585001e+18,10,SMS06,swale,SwE,down,1.7585208e+18,0.35153605,15.416666666666666,186,0.033027622826609135,8.098118660321374,0.31733100053060365,0.9967930342773041,0.34896687174432206,0.027364849976514224,2.806958665939786e-17,0.9580313902309932
58,1.7585838e+18,10,SMS06,swale,SwE,down,1.7585889e+18,0.34230403,65.0,781,0.08734419239547342,84.92567984437805,0.2508406195636841,0.9862965190242546,0.3555917039191599,0.04122193013275638,5.614528903271481e-13,0.853037119952394
59,1.7588304e+18,10,SMS06,swale,SwE,down,1.7588778e+18,0.3946317399999999,32.25,388,0.07381754410543062,7.8833964954693085,0.32474551988459616,0.9614189283290706,0.39610612470189754,0.058242888689174495,5.863721301841159e-20,0.9545763838236269
60,1.7590014e+18,10,SMS06,swale,SwE,down,1.7590059e+18,0.3454848100000001,98.41666666666667,1182,0.09816026967754306,120.92300169901058,0.2445931895178375,0.9953995493897674,0.36808511262475563,0.04631011925439609,1.0452533661533063e-15,0.8386160950901241
61,1.7593677e+18,10,SMS06,swale,SwE,down,1.7593833e+18,0.31763359,42.58333333333333,512,0.03266357324357841,29.443110938687976,0.28708339672999705,0.9867939457362114,0.3249121098100235,0.023527803196809013,6.3857284557201975e-12,0.872009517898212
62,1.7595441e+18,10,SMS06,swale,SwE,down,1.75956e+18,0.35285491,99.5,1195,0.13682556451027805,136.1852693831061,0.20853983832047313,0.9944868988388589,0.3790570388572764,0.05996344465717166,2.0480720480337906e-13,0.8263817069307673
63,1.7599257e+18,10,SMS06,swale,SwE,down,1.7599356e+18,0.29463112,115.41666666666667,1386,0.09574275838089526,160.5302870838956,0.2010962725381976,0.9958974153874988,0.3205070004229653,0.04642660611581845,1.2673440960078075e-20,0.7934160569116985
65,1.7603955e+18,10,SMS06,swale,SwE,down,1.7604057e+18,0.3350503,26.833333333333336,323,0.020720359520978074,10.762748476769257,0.31543125094521957,0.918761537775924,0.3365098545869925,0.017456546826826288,4.860083145443063e-19,0.8538177268795399
70,1.7607393e+18,10,SMS06,swale,SwE,down,1.760778e+18,0.3553762600000001,15.416666666666666,186,0.024408251551472256,6.037656415799082,0.3312703744225008,0.9975408419162372,0.3533853742541931,0.0211511553234448,5.697090663673221e-19,0.9726864057448324
71,1.760841e+18,10,SMS06,swale,SwE,down,1.7608515e+18,0.3504499299999999,23.25,280,0.030572807769321,12.448152221151268,0.32023230810879355,0.990887749173996,0.3518936554974023,0.02364070371263467,1.2477958225483712e-12,0.9216525570902443
73,1.7610255e+18,10,SMS06,swale,SwE,down,1.7611113e+18,0.39470932,167.91666666666666,2016,0.1048267254050548,34.80073119417455,0.30751246001752597,0.9708657379017387,0.4426732423678465,0.07231776141948362,1.445506097121301e-14,0.8820994660748402
74,1.7623863e+18,10,SMS06,swale,SwE,down,1.7624202e+18,0.3326453200000001,27.5,331,0.019741048416724066,18.786277531913107,0.3132057475274407,0.9975178621451001,0.33465412942743705,0.014259840868023253,6.416853601880112e-21,0.9131160895482646
75,1.7625267e+18,10,SMS06,swale,SwE,down,1.7625312e+18,0.34998445,167.91666666666666,2016,0.08109919391226984,84.83389183702953,0.2655716214540856,0.9529519702847916,0.38305472200973945,0.058778508980764844,1.2987803180158209e-12,0.8293490873790619
79,1.7634321e+18,10,SMS06,swale,SwE,down,1.7635176e+18,0.3912958,65.91666666666667,792,0.09238913200356011,44.81064844035912,0.3095992690483737,0.9782458558985159,0.4225939186532856,0.051994052283392385,3.02104764472995e-19,0.8084312265047897
84,1.7639622e+18,10,SMS06,swale,SwE,down,1.7639757e+18,0.3795812200000002,112.16666666666667,1347,0.08451207976930003,58.57888639547266,0.2951925154633783,0.996207041290211,0.4108904545544773,0.05678547698643726,2.079167135311185e-13,0.8942946644782613
86,1.7644239e+18,10,SMS06,swale,SwE,down,1.7644998e+18,0.3796588000000001,40.83333333333333,491,0.38495954588237735,336.96132567000956,1.964282912255562e-9,0.9459520132544142,0.3955439090452032,0.03186735231706373,3.783007133934703e-21,0.6890006201841086
88,1.7647029e+18,10,SMS06,swale,SwE,down,1.7647251e+18,0.36429796,15.25,184,0.01041833287848651,2.759827171496551,0.3554056821840673,0.8925148063854178,0.020621133722908525,0.17126786049693662,0.34199532586405607,0.8351020994057776
89,1.7647875e+18,10,SMS06,swale,SwE,down,1.7647968e+18,0.37504279,21.083333333333336,254,0.374651703044168,321.2723414771449,2.970750918126223e-11,0.9817571369983306,0.37802925467095244,0.019765974065466922,1.076920932397977e-16,0.8114169501408393
91,1.7649243e+18,10,SMS06,swale,SwE,down,1.7649306e+18,0.3615826600000001,167.91666666666666,2016,0.1970535349954021,390.11519750472934,0.15765879510573858,0.9969995965983612,0.3974687671930579,0.05443969341085314,2.2088999570616712e-13,0.8018465018224569
92,1.7659152e+18,10,SMS06,swale,SwE,down,1.7659302e+18,0.3042510399999999,167.91666666666666,2016,0.14720378446623295,312.00530707515145,0.15937144466720532,0.9988920862908757,0.3425894566108713,0.05506502146836786,1.5483575608011571e-15,0.7752678744026832
93,1.769319e+18,10,SMS06,swale,SwE,down,1.76937e+18,0.3661598799999999,167.91666666666666,2016,0.12787224131365418,166.95710930258525,0.21766988758540462,0.9918660959963367,0.3960547551692549,0.06907774522907677,1.214833848997068e-13,0.8529918338423594
3,1.7191647e+18,10,SMS04,swale,SwD,mount,1.719177e+18,0.4654234900000001,167.91666666666666,2016,0.45638319067604477,1409.3349413060828,1.3053944041852468e-24,0.9691381375136081,0.489747630166156,0.031439225009856735,4.7440664645772775e-18,0.80868006411537
4,1.7202123e+18,10,SMS04,swale,SwD,mount,1.7202534e+18,0.4587904,167.91666666666666,2015,0.030983731771874846,89.83283350894826,0.4252468134431133,0.9898210606710016,0.47015486104755866,0.016464161084448953,1.2740190442691633e-19,0.9211038780514098
7,1.723077e+18,10,SMS04,swale,SwD,mount,1.7230827e+18,0.4720953700000001,14.333333333333332,173,0.47367975274132385,456.4405561786434,4.767792989335614e-10,0.9230055221964792,0.4738840767563952,0.009221906672322365,1.5829343877591478e-9,0.652906611497905
9,1.7232363e+18,10,SMS04,swale,SwD,mount,1.7232429e+18,0.46930249,25.083333333333336,302,0.42553802740575775,9092.306193614999,0.04344412618559537,0.26363751089230936,0.32386897146158145,0.0009913739900346337,0.14525679974941214,0.17987464165800404
12,1.7255781e+18,10,SMS04,swale,SwD,mount,1.7256561e+18,0.4600316799999999,167.91666666666666,2016,0.026311776328120564,137.2452909638388,0.4320787010692018,0.9834162621161232,0.46907796695243476,0.01153451522242086,1.4753139693886832e-11,0.8897550637720099
13,1.7279928e+18,10,SMS04,swale,SwD,mount,1.7280201e+18,0.47290996,147.33333333333331,1769,0.02785285081225456,35.51589162514429,0.4423278750252603,0.9761240910442949,0.47890480267433433,0.016161379583900053,1.6659169382634211e-19,0.9827933471961163
20,1.7289927e+18,10,SMS04,swale,SwD,mount,1.7290254e+18,0.4693800700000001,79.08333333333334,950,0.02788672629308015,25.088608615787045,0.44469595471569223,0.9847050181154017,0.47821944419807694,0.01589401934348295,1.5056608369069648e-7,0.9075728460289688
21,1.7293176e+18,10,SMS04,swale,SwD,mount,1.7293227e+18,0.4672466200000001,167.91666666666666,2015,0.02772859578495769,59.35999374923386,0.44018211593071915,0.9829363885418968,0.4790243785884241,0.015461497311304404,1.0251061377963743e-11,0.906387031477109
26,1.7314542e+18,10,SMS04,swale,SwD,mount,1.7314761e+18,0.4653847,14.583333333333332,176,0.004784605272212881,7.2168401576048185,0.4607325821764058,0.9769734109806819,0.4521807841141017,0.0030314659117189158,0.013022751684822746,0.9358368926633742
31,1.7318088e+18,10,SMS04,swale,SwD,mount,1.7318337e+18,0.4702334500000001,167.91666666666666,2016,0.037452335504792635,98.8226036720618,0.4349060506537099,0.9955862064165794,0.4879845744992447,0.01807078527120817,5.057334206357301e-11,0.867224788053678
32,1.7326116e+18,10,SMS04,swale,SwD,mount,1.7326905e+18,0.4589455600000001,71.25,856,0.459361598374956,3555.080554407182,1.332446470976195e-8,0.8966668472806623,0.46222683689025373,0.004935163059633348,1.304017148465346e-19,0.5758430196003526
33,1.7329545e+18,10,SMS04,swale,SwD,mount,1.7329764e+18,0.4617772299999998,167.91666666666666,2016,0.4629726733919829,4068.9958376697523,1.5197880517372922e-8,0.9766820153115587,0.4734875127170925,0.010416616084710714,3.210482744706841e-20,0.7122841382867025
45,1.7496783e+18,10,SMS04,swale,SwD,mount,1.7497542e+18,0.4601092600000001,167.91666666666666,2016,0.4614851402612478,1922.6382650719943,1.3170783303375583e-21,0.9923526719896935,0.48390822073510303,0.022013198275609765,1.1941876801508012e-16,0.7421223589883548
48,1.7540874e+18,10,SMS04,swale,SwD,mount,1.7541738e+18,0.3104186499999999,16.416666666666668,198,3.342551383126321e-13,1146.183319788184,0.3163948550921193,-6.150635556423367e-13,1.877155712539791e-10,6.735789994647995e-6,0.3163948538824948,-5.968558980384842e-13
50,1.7543367e+18,10,SMS04,swale,SwD,mount,1.7543526e+18,0.46360036,167.91666666666666,2016,0.06792188148434666,239.47622782483896,0.398435873488516,0.9874878434314605,0.48543564841884046,0.01985398178937775,7.242612306328434e-17,0.7844317543721085
52,1.7566785e+18,10,SMS04,swale,SwD,mount,1.7567112e+18,0.460342,159.08333333333331,1910,0.4614639859126195,1640.2409675444794,2.1295204240092622e-10,0.9909229593070398,0.4860215156401843,0.024558017265999346,9.999874950353579e-14,0.7507980491563604
53,1.7572914e+18,10,SMS04,swale,SwD,mount,1.7573646e+18,0.4623202899999999,69.33333333333334,833,0.03651880274476095,77.4657793611851,0.4243699720386465,0.9799466217044547,0.4688742011139028,0.013637872339380706,2.316454958859576e-21,0.8574209510005317
55,1.7577351e+18,10,SMS04,swale,SwD,mount,1.7577603e+18,0.4604971600000001,133.16666666666666,1599,0.0594519483168439,182.49010460403704,0.4025445647915058,0.9830380829816177,0.47777444588492446,0.018382570535166072,7.739060568772043e-13,0.8033108921192031
58,1.7585838e+18,10,SMS04,swale,SwD,mount,1.7586678e+18,0.44540785,43.08333333333333,518,0.045985403350007475,146.8408579829181,0.39948423938595334,0.954655181634895,0.4488501592992665,0.007661520428078906,6.062083139206603e-11,0.7980010382739349
59,1.7588304e+18,10,SMS04,swale,SwD,mount,1.75884e+18,0.4648416399999999,42.75,514,0.466763399515299,1474.5826692248263,1.757893018279484e-13,0.7501019463736279,0.4687720950132762,0.006729465879123027,1.1832984098693571e-18,0.40529462807899463
60,1.7590014e+18,10,SMS04,swale,SwD,mount,1.7590473e+18,0.46007047,86.91666666666667,1044,0.03707476170628503,70.41677346683564,0.42456571109561864,0.9878678888893272,0.4716801796047378,0.0161857142266316,2.0583399494771517e-11,0.8446738073124868
62,1.7595441e+18,10,SMS04,swale,SwD,mount,1.7596302e+18,0.4393566099999999,80.0,961,0.0418987639971875,196.39325445847913,0.4002303266494794,0.9574084119528858,0.4476260916484417,0.008656374061282399,4.4529713412991835e-10,0.7476108820635934
65,1.7603955e+18,10,SMS04,swale,SwD,mount,1.760412e+18,0.45824734,25.083333333333336,302,0.0050280877176774735,17.794512985005117,0.4512137247356208,0.8059656618686957,0.4567161031059921,0.0027050277292283123,1.5155857446157173e-10,0.8026999587294077
73,1.7610255e+18,10,SMS04,swale,SwD,mount,1.7610867e+18,0.4645313200000001,167.91666666666666,2016,0.0641282519672659,216.84545160674602,0.4033250752001467,0.9807709047043436,0.4861856949866969,0.019846479875840147,1.0240179450204094e-16,0.7676990314401347
75,1.7625267e+18,10,SMS04,swale,SwD,mount,1.7625525e+18,0.4588291899999999,167.91666666666666,2016,0.050234531973748595,169.95744303319003,0.4050543135639629,0.9893191037126762,0.4738470240631652,0.01963751911771168,1.7533779454211023e-19,0.867962247210479
86,1.7644239e+18,10,SMS04,swale,SwD,mount,1.7644929e+18,0.45952741,42.75,514,0.4621345933470539,1364.6473162909897,2.0953212834907238e-18,0.8616410830819223,0.4648637303517555,0.007718041173278739,2.0186076426111178e-12,0.5262950548396095
3,1.7191647e+18,40,SMS12,control,ConG,top,1.7192172e+18,0.40184668,167.91666666666666,2016,0.020450917838457067,425.7586601712854,0.3829469391460329,0.7987177267136942,0.406612418661049,0.004059886032180936,3.217401519541042e-9,0.5355713076812919
4,1.7202123e+18,40,SMS12,control,ConG,top,1.7202357e+18,0.4423434399999999,167.91666666666666,2016,0.029027201173814045,33.915491135233474,0.41191531779399015,0.9885072727260373,0.44870579926050264,0.017327777606064864,1.5053942207700014e-16,0.9726761942023632
8,1.7231418e+18,40,SMS12,control,ConG,top,1.7231775e+18,0.46057474,14.25,172,0.025684279181934503,22.543886092354025,0.43581036225515235,0.9957165088746103,0.4617036381963734,0.00858527411219994,1.8507252203985636e-10,0.8694037485719728
9,1.7232363e+18,40,SMS12,control,ConG,top,1.7232465e+18,0.46410463,24.083333333333336,290,0.023850270425092124,30.068868414694933,0.4419124234851337,0.9710373413425152,0.4671844646119091,0.008563042811338614,2.617772090934274e-10,0.8085147698457567
10,1.7233407e+18,40,SMS12,control,ConG,top,1.7233608e+18,0.4638331,167.91666666666666,2015,0.031899130113835196,96.230500011912,0.4300125674131961,0.9925539307606478,0.47588401992473933,0.016202198988781766,4.678047293972276e-20,0.9040706338623831
12,1.7255781e+18,40,SMS12,control,ConG,top,1.7256144e+18,0.43136587,167.91666666666666,2016,0.011751291703619288,36.30521089627157,0.42049682527760335,0.958633983487448,0.43532261158131247,0.006942026067008002,2.3427915635101867e-9,0.9077592673395638
20,1.7289927e+18,40,SMS12,control,ConG,top,1.729029e+18,0.4586740299999998,78.08333333333334,938,0.026317874738584622,47.07869616972474,0.43147151450166926,0.989546364114381,0.4653090189916087,0.013684572046800108,5.605928683122783e-6,0.9167286776986674
21,1.7293176e+18,40,SMS12,control,ConG,top,1.7293449e+18,0.4534761700000001,167.91666666666666,2016,0.027685934672463174,98.52013672412279,0.4246026513801545,0.9914215039203523,0.4643242261556461,0.014196328882844219,3.9135879945600185e-20,0.9005103317403069
29,1.7316243e+18,40,SMS12,control,ConG,top,1.7316384e+18,0.45929467,13.75,166,0.45952765840406823,2331.6547481157268,1.7717522232649946e-10,0.8990987320346386,0.43511005468968217,0.001873390698036629,0.024456194614184742,0.6529608934945701
31,1.7318088e+18,40,SMS12,control,ConG,top,1.7318262e+18,0.46045837,167.91666666666666,2016,0.026688566505617874,55.5202307375342,0.4336872138813684,0.989958911453887,0.4712812429438974,0.015493334683967271,8.47462491261657e-22,0.9494158365174649
32,1.7326116e+18,40,SMS12,control,ConG,top,1.7326671e+18,0.4552217200000002,77.75,934,0.031703859030374294,84.92981106454327,0.4254296454954787,0.978274185530346,0.4639038730749113,0.011546127838510962,1.0405385908363815e-21,0.790759529548591
33,1.7329545e+18,40,SMS12,control,ConG,top,1.7329827e+18,0.45370891,167.91666666666666,2016,0.025007531329393894,112.05656928455439,0.4317044832030102,0.940081073206204,0.4660607088955295,0.011380207385564995,3.5207741100978418e-12,0.7593236975598643
50,1.7543367e+18,40,SMS12,control,ConG,top,1.7543595e+18,0.449,167.91666666666666,2016,0.03988589875155066,38.10248409250306,0.40405085888599906,0.9582570224310961,0.45753126794535126,0.024836607130856156,9.148810804227578e-17,0.9776783060673017
55,1.7577351e+18,40,SMS12,control,ConG,top,1.7577882e+18,0.41,125.41666666666667,1506,0.04536084607742041,536.5176961030847,0.3646778918472076,0.9382566093743315,0.41504018015361405,0.0062898569322276535,1.793757724764201e-9,0.7583581553512834
58,1.7585838e+18,40,SMS12,control,ConG,top,1.7586078e+18,0.43,59.75,718,0.023548481672486125,53.67566073255381,0.40715359421818886,0.9848181939493822,0.4355737636511081,0.010657324367590903,1.535373470083291e-13,0.8550746954916282
59,1.7588304e+18,40,SMS12,control,ConG,top,1.7588619e+18,0.436,36.666666666666664,441,0.07330516838482497,170.52013132389385,0.3632330274338895,0.9887840292924553,0.44016421395255956,0.009565249097776245,6.471697426237867e-16,0.8194899312654291
62,1.7595441e+18,40,SMS12,control,ConG,top,1.7595942e+18,0.425,90.0,1081,0.007838702338487847,34.914534276188796,0.4178966106394823,0.9023022499663288,0.42784893230680154,0.004785612396119193,3.49464376164326e-9,0.8356530432249627
70,1.7607393e+18,40,SMS12,control,ConG,top,1.7607837e+18,0.451,13.833333333333332,167,0.01480152829380968,17.819357877024988,0.4370323924853167,0.974493688077545,0.45181647018544024,0.005819894999303991,1.6203833050221236e-11,0.852156207390389
71,1.760841e+18,40,SMS12,control,ConG,top,1.7608698e+18,0.45,18.166666666666668,219,0.015154101061493447,33.03719552316595,0.4342798328525835,0.9728792693744246,0.44995713507199453,0.004553698736416123,8.581514261510941e-12,0.8496705446045927
73,1.7610255e+18,40,SMS12,control,ConG,top,1.7610933e+18,0.462,167.91666666666666,2016,0.03384518630979084,52.60062852628363,0.42848960884054405,0.9594892812853894,0.47616732412815044,0.01988670266220743,3.797669371894164e-22,0.9340377992798323
79,1.7634321e+18,40,SMS12,control,ConG,top,1.7634534e+18,0.456,83.75,1006,0.04836539507605087,109.09205498519165,0.41052833313398573,0.9541225089480777,0.46847776243451783,0.015401658930316444,5.812941179699626e-13,0.7408167106568633
84,1.7639622e+18,40,SMS12,control,ConG,top,1.7639841e+18,0.457,109.83333333333334,1319,0.025246103358400024,35.588200200644536,0.4315843566597623,0.9876911406177534,0.4644745143103815,0.014967521240791934,7.37516641036931e-14,0.9482663169184351
86,1.7644239e+18,40,SMS12,control,ConG,top,1.7644485e+18,0.453,55.08333333333333,662,0.4558314000135516,1824.8665503779055,2.0688726301103006e-20,0.841104285274492,0.45894408293527794,0.007204965195158203,3.047745489586518e-14,0.49677966011992336
89,1.7647875e+18,40,SMS12,control,ConG,top,1.7648013e+18,0.453,19.833333333333336,239,0.03197586749561841,47.376415720315684,0.42187162661162403,0.9586278239783416,0.45484174032461344,0.007387553812451559,1.676022145450036e-11,0.7797150523666793
93,1.769319e+18,40,SMS12,control,ConG,top,1.769391e+18,0.431,167.91666666666666,2016,0.01866267201138161,60.24715440472857,0.41218464174805247,0.9820972932409889,0.4386317315102919,0.01139452776406587,7.767000009660463e-23,0.9345901990472361
3,1.7191647e+18,40,SMS05,swale,SwD,mount,1.7191851e+18,0.4642985799999999,167.91666666666666,2016,0.06007591533953714,178.90742938883835,0.40205689106700443,0.996847524392102,0.482920105956183,0.022000454188807122,3.87322831003688e-9,0.8359383620683889
4,1.7202123e+18,40,SMS05,swale,SwD,mount,1.7202762e+18,0.46825516,167.91666666666666,2015,0.04142837576100141,190.70218496125628,0.42348867658249895,0.9956382344576475,0.4787282843624455,0.014434969427157366,9.246678415163955e-20,0.8380280180321464
11,1.7253117e+18,40,SMS05,swale,SwD,mount,1.7253567e+18,0.3287275299999999,59.416666666666664,714,3.514478822860852e-16,700.795610419157,0.32837113939328216,-1.0147438445073931e-13,9.402796443756544e-11,0.000017449463759637357,0.3283711380858308,-1.6611156894441592e-12
12,1.7255781e+18,40,SMS05,swale,SwD,mount,1.7256636e+18,0.4696515999999999,167.91666666666666,2016,0.47234347592810505,4457.273284736968,1.0816944920415049e-13,0.8900654917159678,0.4807987777843915,0.008841384017858165,3.873786070259335e-19,0.5579551997182903
13,1.7279928e+18,40,SMS05,swale,SwD,mount,1.7280255e+18,0.47461672,145.83333333333331,1751,0.022029823391555004,61.43328493240649,0.45269454484573357,0.9749827698411548,0.483668121567266,0.011969470772119507,2.9522076062017558e-21,0.9216318472266565
21,1.7293176e+18,40,SMS05,swale,SwD,mount,1.7293509e+18,0.4747718799999998,167.91666666666666,2015,0.02499631330112219,68.48334029753678,0.45205055347465695,0.9818532703267026,0.4873897501618126,0.013288861562468992,3.7143802774639906e-22,0.8912190865574752
32,1.7326116e+18,40,SMS05,swale,SwD,mount,1.7326854e+18,0.4705049799999999,72.66666666666667,873,0.472149935143493,3584.1245089204135,4.5434386439182687e-7,0.8338520758135963,0.47480447041458385,0.00475639507516237,1.924736695155988e-9,0.4868280073874657
33,1.7329545e+18,40,SMS05,swale,SwD,mount,1.7330154e+18,0.4707765100000001,167.91666666666666,2016,0.10316752615808417,820.6556126229876,0.3694794100261465,0.9700073110285063,0.4831889650415303,0.01045116304778237,6.380397517910585e-11,0.7134248276151286
45,1.7496783e+18,40,SMS05,swale,SwD,mount,1.7497542e+18,0.4671690399999999,167.91666666666666,2016,0.46990536002617894,2726.141707831377,7.471095292578946e-21,0.9878538211375631,0.4851078403924616,0.015136506881877532,4.1373188223228563e-16,0.6906429338884892
52,1.7566785e+18,40,SMS05,swale,SwD,mount,1.7567607e+18,0.4675569399999999,145.33333333333331,1745,0.46901114930696974,2368.731295619929,4.129954557100256e-11,0.9914447652741596,0.48387609106861085,0.015489990975296273,1.903929926688424e-10,0.7254826479514271
53,1.7572914e+18,40,SMS05,swale,SwD,mount,1.7573778e+18,0.47058256,65.66666666666667,789,0.02685448498707325,89.51666772804629,0.4446680606771199,0.9839242137202493,0.4764419624250985,0.008456166414102772,2.73008288353325e-10,0.8304060143165417
55,1.7577351e+18,40,SMS05,swale,SwD,mount,1.7577612e+18,0.4717074700000001,132.91666666666666,1596,0.11892254713480954,661.2124910700379,0.35424429053959433,0.9910912131351761,0.48449027194995187,0.012207190701902489,7.34112584025483e-20,0.7619606613061766
58,1.7585838e+18,40,SMS05,swale,SwD,mount,1.7586273e+18,0.47108683,54.33333333333333,653,0.02790350925726519,66.88119486558578,0.4444080370717605,0.9811010956560955,0.476816233728067,0.00936724676334295,9.815772775815668e-10,0.8085793621954999
59,1.7588304e+18,40,SMS05,swale,SwD,mount,1.7588823e+18,0.4719402100000001,31.0,373,0.4728214805510641,4199.370097547787,6.391318502633069e-9,0.4093772272906182,0.47291188815571206,0.0015666020926021933,5.920803249518868e-10,0.17475678167729902
60,1.7590014e+18,40,SMS05,swale,SwD,mount,1.7590833e+18,0.4739960799999998,76.91666666666667,924,0.023506620695545866,55.12037909387937,0.45127074862405775,0.9922233889458623,0.481048241595891,0.010773596382416888,5.919702751464275e-12,0.8848848125967479
62,1.7595441e+18,40,SMS05,swale,SwD,mount,1.7596302e+18,0.4678284700000002,80.0,961,0.02241873465597736,61.479727185791205,0.4463366532348835,0.9934583873559084,0.4747490380186337,0.010003592702735018,2.5979625457922464e-18,0.8759273288819786
73,1.7610255e+18,40,SMS05,swale,SwD,mount,1.7610978e+18,0.4753537299999999,167.91666666666666,2016,0.4782307410681947,3248.3988120078047,4.647249033705405e-10,0.965186929596652,0.49134190597986666,0.012783666431666995,6.161863597532066e-18,0.6803510639059575
75,1.7625267e+18,40,SMS05,swale,SwD,mount,1.7625894e+18,0.4686818500000001,167.91666666666666,2016,0.05658126515978068,352.15569940382045,0.4109221492804857,0.9978616800167704,0.4799855084214655,0.0124548389808049,2.1937160717151315e-19,0.8056513389053139
86,1.7644239e+18,40,SMS05,swale,SwD,mount,1.7645022e+18,0.47034982,40.166666666666664,483,0.47125729990463106,3932.3459500011836,1.963796139638169e-9,0.8678615030713278,0.4720584102506237,0.002492626044575042,5.785345320366599e-11,0.5101798295494597
8,1.7231418e+18,40,SMS14,control,ConH,middle,1.7231829e+18,0.4786896700000001,12.75,154,0.006696421657975544,1.7791074599971923,0.4708406669709762,0.9481173521038544,0.0063558860717452285,0.43983424603971577,0.46845076584457873,0.9874885359246899
9,1.7232363e+18,40,SMS14,control,ConH,middle,1.72326e+18,0.48008611,20.333333333333336,245,0.009406841977679199,14.873427556171478,0.4718514573860681,0.8322009272186305,0.4814195956034893,0.004459982953886099,3.6034827652449744e-11,0.7046114001767011
10,1.7233407e+18,40,SMS14,control,ConH,middle,1.7233587e+18,0.4820644000000001,167.91666666666666,2015,0.00816061221445512,125.71597204400936,0.4713081296505876,0.8364266084664053,0.48324953523880587,0.0037529264835188996,3.2173043351869135e-12,0.8531913579614457
20,1.7289927e+18,40,SMS14,control,ConH,middle,1.729029e+18,0.4770604899999999,78.08333333333334,938,0.010619857826950253,7.168746186453557,0.4690052913626514,0.8768271676731404,0.015923448206286637,0.21406553666628864,0.4620793941721304,0.7605746876364421
32,1.7326116e+18,40,SMS14,control,ConH,middle,1.732659e+18,0.47450035,80.0,961,0.013294470600889677,52.11909625181675,0.4625892290377686,0.9548610959646794,0.47922213812882397,0.0060986792401533305,3.686115332883304e-19,0.8039312940396226
33,1.7329545e+18,40,SMS14,control,ConH,middle,1.7329776e+18,0.47178505,167.91666666666666,2016,0.005132801352354717,34.54227566668968,0.46749757034484823,0.7490924266778727,0.47348726621720727,0.0025949570514611137,0.00011031860553213426,0.6431311230661942
58,1.7585838e+18,40,SMS14,control,ConH,middle,1.7586663e+18,0.432,43.5,523,1.307192024595987e-10,9999.531409304902,0.43769589758326927,-1.0522227533726891e-9,1.425693612087945e-9,0.000044067247142149366,0.4376959681704201,-6.588107837046664e-11
59,1.7588304e+18,40,SMS14,control,ConH,middle,1.7589081e+18,0.45,23.833333333333336,287,1.541401133465204e-7,9999.24022306817,0.45216686870189915,-1.936256768253486e-7,4.854961701959447e-10,0.00003848467342013875,0.452167242564216,-4.654654439661954e-11
70,1.7607393e+18,40,SMS14,control,ConH,middle,1.7607888e+18,0.469,12.416666666666666,150,0.0012986864710358946,3.0335044518087857,0.4678875231680276,0.6232422785121728,0.1371432978479261,0.002744441355086463,0.33166448660354153,0.5475528888433263
73,1.7610255e+18,40,SMS14,control,ConH,middle,1.7610849e+18,0.477,167.91666666666666,2016,0.0159594606623014,82.0548952258892,0.46048392524364956,0.9195358757780709,0.48368484443912485,0.008354443954940475,1.8410525806368235e-18,0.8801021300777452
84,1.7639622e+18,40,SMS14,control,ConH,middle,1.7639697e+18,0.475,113.83333333333334,1367,0.013651410214393821,23.533474129390036,0.4635794079120343,0.9321035218878507,0.47940227058329027,0.007348246593240759,5.069035637442821e-9,0.8854654066132874
86,1.7644239e+18,40,SMS14,control,ConH,middle,1.7644482e+18,0.474,55.166666666666664,663,0.4755380259338758,2511.5700681358708,2.4028541578807172e-11,0.801361748389718,0.4778684009225361,0.0052204977583758805,1.872008987881008e-19,0.4672869591028196
88,1.7647029e+18,40,SMS14,control,ConH,middle,1.7647245e+18,0.472,15.416666666666666,186,0.038046341550640426,9999.202037820507,0.4329994189122107,0.01815577613046171,0.013438391889522427,0.0020884150164633144,0.45762910791361117,0.03420181855039783
93,1.769319e+18,40,SMS14,control,ConH,middle,1.7694054e+18,0.463,167.91666666666666,2016,0.011621430714889337,262.6576796559419,0.4476215908722553,0.7937398631970294,0.4629126264011874,0.0035296057613711717,5.245275131559907e-10,0.772055461901162
0,1.7175024e+18,10,SMS13,control,ConH,middle,1.7175252e+18,0.25735393,49.33333333333333,593,0.006452824452392004,38.93536089126827,0.2499679743286322,0.4169121737140986,0.2549158052606791,0.005671155590864531,0.002910165078496967,0.41139768630761797
1,1.7177103e+18,10,SMS13,control,ConH,middle,1.7177949e+18,0.2706201100000001,167.91666666666666,2016,1.3798136599459551e-17,642.4985483869752,0.2869625524990161,0.0,9.877807311458216e-17,0.4937227303626095,0.2869625525092601,-2.4424906541753444e-15
3,1.7191647e+18,10,SMS13,control,ConH,middle,1.7192502e+18,0.3186033399999999,167.91666666666666,2016,1.7149331520695664e-12,1084.2796245570046,0.33199522087570427,-1.4060752562272683e-11,1.8695034552542703e-11,0.000010348714896219347,0.33199522029035483,-7.194245199571014e-14
4,1.7202123e+18,10,SMS13,control,ConH,middle,1.7202912e+18,0.3612335499999999,167.91666666666666,2016,0.007382166889159063,142.2829355796579,0.35457435333761583,0.1546597492514088,0.36417018038090987,0.0035215973421872226,3.6830795288142377e-9,0.10884458365184291
5,1.7228331e+18,10,SMS13,control,ConH,middle,1.7228781e+18,0.3508378299999999,27.166666666666668,327,2.3161518470112396e-16,6380.323864460757,0.3495120898007588,0.0,3.869382691350721e-10,0.00004923879172278505,0.34951208400990147,-3.568034756540328e-12
6,1.7229834e+18,10,SMS13,control,ConH,middle,1.7229858e+18,0.4337708499999999,23.25,280,0.028898766032734634,3.34118520058001,0.3927509627351054,0.9431974094831437,0.03543465921703493,0.341379816072715,0.3793514072827048,0.9536913783606669
8,1.7231418e+18,10,SMS13,control,ConH,middle,1.7231457e+18,0.4393954,23.083333333333336,278,0.03493929151168192,1.6158584626096477,0.41274849650337575,0.6201888614651998,0.02666626081429492,0.4688657527279685,0.404670558161824,0.607693124282838
9,1.7232363e+18,10,SMS13,control,ConH,middle,1.7232423e+18,0.44176159,25.25,304,0.036313622798454036,5.8112333679082235,0.4132218264660515,0.8669228390795141,0.44432075342451965,0.02318099690357946,7.367035971519775e-19,0.7936168797657736
10,1.7233407e+18,10,SMS13,control,ConH,middle,1.7233509e+18,0.4374559,167.91666666666666,2015,0.029617138819697533,45.070648814133186,0.3983233721097329,0.8017555406642739,0.4400718403162885,0.01948183706062396,9.554995350833202e-12,0.842215804616503
15,1.7286273e+18,10,SMS13,control,ConH,middle,1.7286663e+18,0.3708534700000001,13.583333333333332,164,0.010383536330810426,10.044200814883935,0.36108351319989485,0.9943107796665154,0.3711216262605968,0.006929320405889611,3.1232466374765725e-11,0.9129230258182492
20,1.7289927e+18,10,SMS13,control,ConH,middle,1.729014e+18,0.4242285100000001,82.25,988,0.023804985939334816,26.492634104706386,0.3976541450756225,0.8296179157780155,0.42784150261992704,0.016037787197677296,1.5654251473814597e-11,0.8543994939570354
21,1.7293176e+18,10,SMS13,control,ConH,middle,1.7293359e+18,0.4155783399999999,167.91666666666666,2016,0.06980359696329248,523.9504208157178,0.33857246648832856,0.8087263203787821,0.4211649671117992,0.013522315185852585,3.5669787483524916e-14,0.7359426558888347
26,1.7314542e+18,10,SMS13,control,ConH,middle,1.7314761e+18,0.4288445200000002,14.583333333333332,176,0.4298329109020492,885.159252299165,1.621294787877748e-8,0.5270302697052249,0.42948082887596284,0.0042088094776444865,7.763604607072323e-11,0.28082375902784873
29,1.7316243e+18,10,SMS13,control,ConH,middle,1.7316372e+18,0.4288445200000002,14.083333333333332,170,0.36040724666650703,488.1853727874813,0.06935721855703901,0.8661665931156326,0.4301328341984556,0.007462067353753301,8.5447645872285e-12,0.6750053064908437
30,1.7316954e+18,10,SMS13,control,ConH,middle,1.7317428e+18,0.4258188999999999,16.25,196,0.019301578443512612,14.05032545201613,0.4071187137302869,0.9917388181607326,0.42661174837693544,0.010218181062075593,7.21269327643243e-13,0.9063410714822804
31,1.7318088e+18,10,SMS13,control,ConH,middle,1.7318214e+18,0.42950395,167.91666666666666,2016,0.0313241468221609,36.150487201736084,0.39520663733368516,0.9044717017853028,0.43640367837159644,0.019970875862398048,1.7828223742355405e-20,0.9227076624664415
32,1.7326116e+18,10,SMS13,control,ConH,middle,1.7326872e+18,0.42054346,72.16666666666667,867,0.026202072863067666,23.51382004560011,0.39791373899062277,0.9482756912482951,0.4289313805755832,0.01663006132243753,6.09683810239866e-22,0.8657107754009616
33,1.7329545e+18,10,SMS13,control,ConH,middle,1.7329791e+18,0.4213968399999999,167.91666666666666,2016,0.029337615757394037,87.97437874277705,0.39594855712768656,0.8649602844865725,0.4367661682723755,0.015888787485338864,2.728331890491196e-11,0.7184785625339773
38,1.7340993e+18,10,SMS13,control,ConH,middle,1.7341026e+18,0.4265946999999999,167.91666666666666,2015,0.025436942675198967,47.07258291489848,0.3952599995643196,0.8911034559392286,0.4308565576263462,0.016681370594407427,1.0915291121640561e-10,0.9045694096666713
39,1.7352846e+18,10,SMS13,control,ConH,middle,1.7353179e+18,0.3905975799999999,49.166666666666664,591,0.007213638156198296,2.72075892517057,0.38537824900971956,0.16777539965802912,0.004559967890903447,0.650726846125997,0.3849071078823114,0.11506088829389394
40,1.7355024e+18,10,SMS13,control,ConH,middle,1.7355741e+18,0.4087513,167.91666666666666,2016,0.03095076670619282,170.07459929181937,0.3741341095837335,0.7707205796474266,0.41648810678794157,0.013565125152494245,5.162401115718944e-19,0.6811394156424837
41,1.7417259e+18,10,SMS13,control,ConH,middle,1.741785e+18,0.397,167.91666666666666,2016,0.021395806973843173,63.67279670983343,0.37420899615080144,0.749829390989502,0.40507570090821465,0.014370533638165414,2.730610975677811e-13,0.73013257649664
44,1.7475318e+18,10,SMS13,control,ConH,middle,1.7475894e+18,0.323,167.91666666666666,2016,2.248972294398976e-16,551.4429259161309,0.32697420634873514,-6.217248937900877e-15,5.207097172454309e-13,4.733180611421689e-6,0.326974206223677,-6.661338147750939e-16
45,1.7496783e+18,10,SMS13,control,ConH,middle,1.7497488e+18,0.326,167.91666666666666,2016,1.708923553364564e-13,817.5761143926959,0.33328025774798703,-1.7650325645490739e-12,4.059317644611762e-11,8.503999729257748e-6,0.3332802565019958,-1.438849039914203e-13
50,1.7543367e+18,10,SMS13,control,ConH,middle,1.7544114e+18,0.4,167.91666666666666,2016,0.10629931323954363,499.8580736725197,0.2899425397889379,0.8655310772684407,0.4144093318670402,0.020866573930680296,6.332020030076102e-12,0.6951169285472012
57,1.7585001e+18,10,SMS13,control,ConH,middle,1.7585208e+18,0.409,15.416666666666666,186,0.40903943167418755,825.8382391036995,4.296255971244859e-9,0.7810696367382639,0.4097214289234904,0.006049526523361344,3.390593630210856e-11,0.6814895669391601
58,1.7585838e+18,10,SMS13,control,ConH,middle,1.7586444e+18,0.404,49.58333333333333,596,0.013866060584126634,8.046564574352317,0.3915063926266392,0.5160530122586652,0.08027299879874106,0.048211113087582115,0.32400680305336826,0.5050124523831017
59,1.7588304e+18,10,SMS13,control,ConH,middle,1.7588466e+18,0.413,40.916666666666664,492,0.016363206521228267,21.42299127840519,0.39520917647386417,0.5949630787496656,0.4141788505840563,0.010409574350517413,2.504497746743866e-10,0.5740142632112746
61,1.7593677e+18,10,SMS13,control,ConH,middle,1.7594202e+18,0.392,32.33333333333333,389,0.012941413187892409,4.678929468534643,0.3824538137945878,0.7345164741100798,0.021728266742038874,0.19083165427037718,0.3706829878230928,0.609311164976391
62,1.7595441e+18,10,SMS13,control,ConH,middle,1.7595831e+18,0.406,93.08333333333334,1118,0.4013423356435193,3034.211178740673,0.000010860811961432507,0.45182021309351583,0.40829596428220954,0.009144688860814851,7.02318558174983e-10,0.43761489900266703
65,1.7603955e+18,10,SMS13,control,ConH,middle,1.7604585e+18,0.395,12.166666666666666,147,0.02061388532005273,20.60246613451026,0.37529505004094355,0.9830005030742259,0.395763162206652,0.007804473542673113,8.54808172155888e-11,0.8590457620818955
70,1.7607393e+18,10,SMS13,control,ConH,middle,1.7607849e+18,0.414,13.5,163,0.4152156268968749,564.9052274740355,1.5263136662828467e-20,0.9457188559496197,0.4153193079316223,0.007203034200021959,2.840407729557146e-9,0.6918871766706027
71,1.760841e+18,10,SMS13,control,ConH,middle,1.7608878e+18,0.414,13.166666666666666,159,0.03437174471834594,29.212661497167566,0.3804819715861922,0.9881622485176952,0.4149988009089662,0.009972449741129291,6.792661491349959e-10,0.852479347913399
73,1.7610255e+18,10,SMS13,control,ConH,middle,1.7610873e+18,0.425,167.91666666666666,2016,0.03800217669019893,88.9377389517414,0.38316652633849985,0.9039190400265344,0.4389567896995156,0.02238109742307462,2.8433536603565515e-11,0.863225957486361
74,1.7623863e+18,10,SMS13,control,ConH,middle,1.7624457e+18,0.394,20.416666666666668,246,0.007240868402296593,5.984237917620479,0.38759526449093623,0.8142528210944542,0.39396615091521,0.005291823072821627,8.817945494882188e-10,0.7522341468531746
75,1.7625267e+18,10,SMS13,control,ConH,middle,1.7626125e+18,0.4,167.91666666666666,2016,0.39640273924270175,3467.5041816945827,2.1337554034723876e-18,0.7016060036297939,0.4077162794930674,0.012655980955341296,3.1327942364629846e-16,0.5487618785101837
79,1.7634321e+18,10,SMS13,control,ConH,middle,1.7634894e+18,0.423,73.75,886,0.029944318286962566,20.427850561180236,0.3976996521188091,0.9258335141100682,0.4321088411594636,0.01896578732223964,3.916542402398454e-14,0.8486949092672716
84,1.7639622e+18,10,SMS13,control,ConH,middle,1.7639913e+18,0.421,107.83333333333334,1295,0.021636980993883826,41.901669596022856,0.3933471872469052,0.8081736344849175,0.4229057625221958,0.014331969658749014,2.7287199483021788e-19,0.825068485623585
86,1.7644239e+18,10,SMS13,control,ConH,middle,1.7644479e+18,0.42,55.25,664,0.42387083312479007,1127.274407267709,1.7240066538989774e-20,0.8349482312828468,0.4286378533579742,0.011726206350530453,4.377417302317961e-17,0.5005550239113383
89,1.7647875e+18,10,SMS13,control,ConH,middle,1.7647995e+18,0.422,20.333333333333336,245,0.016814638331589044,5.44573622866906,0.40850708633355415,0.8413843723850128,0.42277158035720325,0.011373795320885038,2.8139779369064464e-9,0.7607077687615891
91,1.7649243e+18,10,SMS13,control,ConH,middle,1.7649414e+18,0.411,167.91666666666666,2016,0.02650437900377487,125.97930823580764,0.3810765012217579,0.7959105367428108,0.41898564515840586,0.013838702301899184,8.585644068279149e-21,0.7412339517576478
92,1.7659152e+18,10,SMS13,control,ConH,middle,1.7659893e+18,0.387,167.91666666666666,2016,0.008459251943417543,106.10791506587077,0.3736937130320064,0.21483071407434462,0.3860649074575619,0.005150678884513419,7.302317955077109e-6,0.2114361871157433
93,1.769319e+18,10,SMS13,control,ConH,middle,1.7693775e+18,0.415,167.91666666666666,2016,0.027027096109139354,78.98132938848215,0.3825363333201701,0.7805963182262169,0.4217990641209147,0.0166829690745511,7.350543623073815e-14,0.737105253746517
0,1.7175024e+18,10,SMS01,swale,SwB,slope,1.7175258e+18,0.2958724,49.166666666666664,591,0.008794282210438695,15.812265373914084,0.2852620150327944,0.3519856396101474,0.2954293963436073,0.008749610035518548,4.915290896590621e-11,0.37511111058477675
3,1.7191647e+18,10,SMS01,swale,SwB,slope,1.7192511e+18,0.32058163,167.91666666666666,2016,9.294201131200684e-13,1086.53255654727,0.33257478158554815,-6.356914994398721e-12,8.317273385930265e-13,2.880134580098828e-6,0.3325747820401351,-4.440892098500626e-16
4,1.7202123e+18,10,SMS01,swale,SwB,slope,1.7202909e+18,0.4037473899999999,167.91666666666666,2016,7.96449533719884e-13,1589.4607440191567,0.39968800498459583,-1.4004353232621725e-12,0.003041037940578308,0.8769540237257674,0.39953805721657254,0.006809350039281292
9,1.7232363e+18,10,SMS01,swale,SwB,slope,1.7232432e+18,0.4921110100000001,25.0,301,0.033694545364099694,4.485397258886064,0.46489489667455197,0.9474007964528302,0.15394880675677394,0.06359223654500545,0.337508711260958,0.8772546367039228
10,1.7233407e+18,10,SMS01,swale,SwB,slope,1.7233464e+18,0.4731426999999999,167.91666666666666,2016,0.03184071890318428,78.3887232366106,0.4390217035427339,0.8752143209523511,0.48474802653426524,0.016871699582926884,9.5978646881542e-18,0.8018824883694619
11,1.7253117e+18,10,SMS01,swale,SwB,slope,1.7253843e+18,0.4399772500000001,51.75,622,2.5595322777366647e-9,9997.440639858858,0.4322240172782755,-1.1187140103174897e-10,0.007629309203029222,0.6682034080917603,0.43087194497322984,0.14365034355949646
12,1.7255781e+18,10,SMS01,swale,SwB,slope,1.7256435e+18,0.44951959,167.91666666666666,2016,0.44680801280171784,8669.610147519581,3.121880657785776e-10,0.32969817233369203,0.4522284513181455,0.005257639529075669,2.3129402659602795e-13,0.27393505615072966
15,1.7286273e+18,10,SMS01,swale,SwB,slope,1.7286666e+18,0.4382704900000001,13.5,163,0.021633017265595106,20.610708914466553,0.41700408349306084,0.9986626623368962,0.43871241679954454,0.007912272982249844,5.930449563126398e-11,0.8862059198757194
20,1.7289927e+18,10,SMS01,swale,SwB,slope,1.7290143e+18,0.4645313200000001,82.16666666666667,987,0.037882239839284876,127.13187346989665,0.42191545806894976,0.8300324326654407,0.4683780123952433,0.011806554751577839,1.1328271576138216e-18,0.7878573108386628
21,1.7293176e+18,10,SMS01,swale,SwB,slope,1.7293575e+18,0.45460108,167.91666666666666,2016,0.031508036988463814,163.29889483976254,0.422077530268136,0.7884992367617325,0.4648826706965739,0.012354594214573645,2.0177128709753127e-12,0.6695479169056784
22,1.7303526e+18,10,SMS01,swale,SwB,slope,1.7303544e+18,0.43916266,23.666666666666668,285,0.4357592277772115,1957.2384171237782,4.719665077461683e-8,0.4673548296923835,0.4358177480522759,0.0027840040116244896,1.3338735246815625e-9,0.22422651081854827
25,1.7305929e+18,10,SMS01,swale,SwB,slope,1.7306532e+18,0.4426149700000002,167.91666666666666,2016,0.008565483681296344,45.651750918667865,0.4310114413523333,0.3204797401720224,0.4429012733897272,0.005313353732720066,6.682539711922321e-12,0.33171948298382437
29,1.7316243e+18,10,SMS01,swale,SwB,slope,1.7316441e+18,0.4692637,12.166666666666666,147,0.007799545355984714,2.540511979862043,0.4619761031177479,0.7965833142067913,0.013574234608448128,0.2070470005937119,0.45369888886482296,0.7421911287344463
32,1.7326116e+18,10,SMS01,swale,SwB,slope,1.7326872e+18,0.4750434100000001,72.16666666666667,867,0.037286456040402045,13.039816615336747,0.44318321227771135,0.966552205975873,0.48114393784168513,0.020385289685867,5.217001149402542e-10,0.919645818137172
33,1.7329545e+18,10,SMS01,swale,SwB,slope,1.7330382e+18,0.4668587200000001,167.91666666666666,2016,0.032565671368386756,78.60616153848413,0.43551042313435756,0.8833161341215753,0.48241426160341877,0.017416771802466747,4.985079900427719e-16,0.8151668567764248
38,1.7340993e+18,10,SMS01,swale,SwB,slope,1.7341038e+18,0.4620487600000001,167.91666666666666,2016,0.02853738088446135,64.3155148750536,0.43071869822163283,0.9230642263415405,0.47135518140356086,0.01621147545744616,5.293432542003226e-12,0.8633575943636631
39,1.7352846e+18,10,SMS01,swale,SwB,slope,1.7353176e+18,0.4323356200000001,49.25,592,0.008187394341364755,3.184636453571731,0.4264992918195345,0.2071647941372905,0.006567636375711672,0.4618755273528815,0.4251260368646008,0.15932821208849168
40,1.7355024e+18,10,SMS01,swale,SwB,slope,1.7355753e+18,0.44525269,167.91666666666666,2016,0.029904066474378318,118.52434925040941,0.4121196277151153,0.8172955774811326,0.4545083510645021,0.014494528521095517,6.167110541237861e-13,0.7297658625419113
41,1.7417259e+18,10,SMS01,swale,SwB,slope,1.7417952e+18,0.365,167.91666666666666,2016,5.744531889652067e-14,1191.5700031796935,0.3689543649311116,-3.503863865716994e-13,8.07682774227601e-11,9.205745523379471e-6,0.3689543628143156,-2.042810365310288e-13
44,1.7475318e+18,10,SMS01,swale,SwB,slope,1.7475864e+18,0.326,167.91666666666666,2016,3.4453990077436627e-18,1143.7695126215472,0.32836359126869047,-2.220446049250313e-16,4.286298360309497e-14,0.1312606227803017,0.32836359132915127,-5.395683899678261e-13
45,1.7496783e+18,10,SMS01,swale,SwB,slope,1.7497482e+18,0.36,167.91666666666666,2016,1.9348774257133662e-17,1936.4781244902065,0.38134374999851023,-2.220446049250313e-16,6.825115868094107e-10,0.00002212439821395681,0.38134373045925835,-2.922107000813412e-12
48,1.7540874e+18,10,SMS01,swale,SwB,slope,1.7541555e+18,0.354,21.5,259,0.008220954872080443,4.787844277333602,0.3480422051422961,0.4840740647394306,0.07141869239934671,0.03170482983419134,0.28307895984166165,0.40183101305586744
50,1.7543367e+18,10,SMS01,swale,SwB,slope,1.7544096e+18,0.436,167.91666666666666,2016,0.43508563344810836,3509.6223342814583,9.373459264269174e-11,0.7576676917521676,0.4467441380940735,0.012174418073514905,2.5426330301886154e-16,0.5635630838352323
53,1.7572914e+18,10,SMS01,swale,SwB,slope,1.7573517e+18,0.423,72.91666666666667,876,1.2895301952413816e-14,3694.056635912528,0.42276141537633616,-1.4876988529977098e-14,5.833950038811293e-10,0.00003418082799684158,0.42276140833727516,-5.6485927046878714e-12
55,1.7577351e+18,10,SMS01,swale,SwB,slope,1.7577819e+18,0.434,127.16666666666667,1527,0.038298885013170796,336.06816525081945,0.3970570004403212,0.4126295607883733,0.4405367811026457,0.006915005989261483,1.9636275125273813e-19,0.279239865800472
57,1.7585001e+18,10,SMS01,swale,SwB,slope,1.7585211e+18,0.445,15.333333333333332,185,0.44471384551845333,1538.4509380243958,1.3652354796246068e-8,0.5041047041995546,0.44350460464970787,0.003035515212799545,0.0014314626340667619,0.3834462446619157
59,1.7588304e+18,10,SMS01,swale,SwB,slope,1.7588982e+18,0.443,26.583333333333336,320,0.010381504095446055,4.450048872270579,0.4358942744065044,0.40982999717894275,0.015175925211158158,0.22238179970085337,0.4284039970383215,0.30208559543500435
61,1.7593677e+18,10,SMS01,swale,SwB,slope,1.7594175e+18,0.434,33.08333333333333,398,0.014235969605015504,6.790656907474043,0.42331097246568716,0.8398473380086353,0.43562729731669675,0.008597459282150777,1.6848746881752236e-11,0.7466704625344032
62,1.7595441e+18,10,SMS01,swale,SwB,slope,1.75956e+18,0.442,99.5,1195,0.08126652092918911,465.981670240027,0.35922835083262505,0.6003153572548129,0.4486369480598199,0.010198512196036657,1.0907759422495859e-17,0.527218396040908
63,1.7599257e+18,10,SMS01,swale,SwB,slope,1.7599413e+18,0.43,113.83333333333334,1367,0.4272078178300779,5275.1476852485575,9.572134048463636e-21,0.35753705230446087,0.4317076900008109,0.005669302573706829,5.142857718755835e-10,0.2716699564478363
65,1.7603955e+18,10,SMS01,swale,SwB,slope,1.760457e+18,0.439,12.583333333333332,152,0.011101095483336147,6.335219347536129,0.42928378966415043,0.9641915236283249,0.43904767550855406,0.0072773601419290485,0.0002351607415674433,0.9002039832490775
71,1.760841e+18,10,SMS01,swale,SwB,slope,1.7608854e+18,0.453,13.833333333333332,167,0.04337669678230606,41.265114007759514,0.4111336761722394,0.9765016709490962,0.454791636268268,0.008793324224602463,3.7348766185867736e-9,0.811222322338834
73,1.7610255e+18,10,SMS01,swale,SwB,slope,1.7610924e+18,0.468,167.91666666666666,2016,0.03903746492026817,81.12857509117,0.4211052982179864,0.9535936818107209,0.4778111083953501,0.02131807046231515,3.743728690181325e-19,0.8904355718961772
74,1.7623863e+18,10,SMS01,swale,SwB,slope,1.7624376e+18,0.434,22.666666666666668,273,0.012856669821971315,11.53112602997676,0.4232523022749123,0.9087530122119385,0.4361877894223338,0.007764268805480952,0.00001031607267835399,0.8041288491756781
75,1.7625267e+18,10,SMS01,swale,SwB,slope,1.762536e+18,0.438,167.91666666666666,2016,0.019139355518405562,108.1093014441606,0.4170461034243631,0.6471299504630349,0.44439365307126094,0.009801305042079465,1.3082822097853562e-12,0.5891541426856922
79,1.7634321e+18,10,SMS01,swale,SwB,slope,1.7634522e+18,0.471,84.08333333333334,1010,0.037645955220104395,36.57975711364091,0.4341428132679065,0.9064523543655407,0.4818208923126911,0.020566220243028843,3.1321443651153974e-19,0.8128077924308721
84,1.7639622e+18,10,SMS01,swale,SwB,slope,1.7639826e+18,0.455,110.25,1324,0.05202107205550967,138.30599977866328,0.40167067123166017,0.9280138457664323,0.46760696113873484,0.017918459798067332,7.889465473908498e-19,0.7977662956997339
86,1.7644239e+18,10,SMS01,swale,SwB,slope,1.7644635e+18,0.463,50.916666666666664,612,0.05935238578621952,99.8231217178688,0.4049620696810432,0.9317555666513295,0.4714669804376332,0.014677306215048954,8.785568003986962e-20,0.7628545495032225
88,1.7647029e+18,10,SMS01,swale,SwB,slope,1.7647245e+18,0.45,15.416666666666666,186,6.56633801511832e-9,9999.481405484376,0.4480698630296698,-8.428184816722251e-10,0.001269851509971196,1.0098175506580862,0.4477455775817505,0.14040329886635172
89,1.7647875e+18,10,SMS01,swale,SwB,slope,1.7647968e+18,0.459,21.083333333333336,254,0.014298843502587573,3.3409793213270915,0.44807424174079163,0.8531546612882898,0.022228870500039324,0.2173390032217287,0.43602406629931956,0.7380420857782232
91,1.7649243e+18,10,SMS01,swale,SwB,slope,1.7649417e+18,0.449,167.91666666666666,2016,0.05388789068052921,194.10894491058332,0.39382742179935654,0.9355887316451927,0.46583628592296156,0.019460998056306345,3.2959757018154383e-18,0.7945918467459789
92,1.7659152e+18,10,SMS01,swale,SwB,slope,1.7659899e+18,0.423,167.91666666666666,2016,0.013196895758274362,51.06841798023012,0.40565197876976256,0.5022523580126462,0.4241206631960615,0.008482034256726119,6.505833243898152e-11,0.49773294546623825
93,1.769319e+18,10,SMS01,swale,SwB,slope,1.7693706e+18,0.461,167.91666666666666,2016,0.04065006802927422,67.3049727778191,0.41263676653065845,0.8989114124532481,0.4713477447560343,0.023626451660978636,4.451684447070168e-13,0.8499845637632706
1,1.7177103e+18,10,SMS08,swale,SwF,far,1.7177898e+18,0.1161195399999999,167.91666666666666,2016,7.459868353936568e-15,0.5000000000091082,0.11665596183035726,-1.6431300764452317e-14,0.11611441230301812,0.0010500143170395007,0.0010447560755766378,0.007147644731554048
4,1.7202123e+18,10,SMS08,swale,SwF,far,1.7202876e+18,0.1395487,167.91666666666666,2015,0.039654271107854404,346.5764696132525,0.10002114177346137,0.980693466880768,0.14848673853201122,0.02957229785816961,2.921540541838836e-14,0.769554159167823
8,1.7231418e+18,10,SMS08,swale,SwF,far,1.7231805e+18,0.2370279700000001,13.416666666666666,162,0.23714344422229178,88.77414628415954,3.261004608102488e-13,0.9957691126802874,0.2381265079208555,0.047099978970747705,9.020347442737371e-13,0.8228743036695877
9,1.7232363e+18,10,SMS08,swale,SwF,far,1.7232768e+18,0.29490265,15.666666666666666,189,0.052432294303977556,12.947659113013223,0.24179622391111408,0.9977974942947155,0.2943410228077556,0.042967451628363844,5.80593522257329e-21,0.9159013309164784
10,1.7233407e+18,10,SMS08,swale,SwF,far,1.7233614e+18,0.2975403700000001,167.91666666666666,2016,0.12952372670482654,72.79454424967815,0.15854312234272816,0.9900349700178871,0.3534429685464893,0.1287690347560199,2.0070977541645003e-15,0.8699080925159941
12,1.7255781e+18,10,SMS08,swale,SwF,far,1.7256237e+18,0.18252802,167.91666666666666,2016,0.025625468176194266,135.8022899528596,0.1555547172698017,0.9358534279041513,0.19158656009543162,0.028630450016754478,1.161096882228434e-19,0.8209702204823277
20,1.7289927e+18,10,SMS08,swale,SwF,far,1.729026e+18,0.31359943,78.91666666666667,948,0.11938565884831691,49.09396179206853,0.1966006523425829,0.9907756808714184,0.35010156500079986,0.09347530281866921,1.0220017244769614e-12,0.8433612575770626
21,1.7293176e+18,10,SMS08,swale,SwF,far,1.7293398e+18,0.32283145,167.91666666666666,2015,0.15187497448710993,88.39416382802877,0.17029213809324686,0.995241714968681,0.39613260429626596,0.12462270807359048,2.797732694057876e-15,0.8450702555854288
25,1.7305929e+18,10,SMS08,swale,SwF,far,1.7306313e+18,0.2132497,167.91666666666666,2016,0.03249046841763625,116.39268278805818,0.17909634125783416,0.8439206573332547,0.22592946727753244,0.03413252239167946,7.960835232534188e-19,0.7661918669075931
29,1.7316243e+18,10,SMS08,swale,SwF,far,1.7316447e+18,0.34827769,12.0,145,0.0511775752057028,14.109525401422873,0.3013136147787598,0.924624586191402,0.3509953465252354,0.028098622390601118,4.063693016618281e-13,0.7862979163427193
30,1.7316954e+18,10,SMS08,swale,SwF,far,1.7316978e+18,0.3291542200000002,28.75,346,0.32785411497900835,338.32926388678504,1.792732845006873e-15,0.6805548745637886,0.3316337825620184,0.022368240589830116,6.247623990188568e-13,0.4576882768318855
31,1.7318088e+18,10,SMS08,swale,SwF,far,1.731828e+18,0.3349727200000001,167.91666666666666,2016,0.13224284089168523,91.50746205991054,0.19551065449689203,0.99563304024551,0.39180369213976385,0.10404908103525132,7.781381813840296e-16,0.8637684615158462
32,1.7326116e+18,10,SMS08,swale,SwF,far,1.732698e+18,0.3577036600000001,69.16666666666667,831,0.08292232248476218,21.886315700448687,0.28521335922349234,0.9822335645254257,0.3840749918140764,0.06594778478133508,7.040447430513066e-15,0.8992232807054503
33,1.7329545e+18,10,SMS08,swale,SwF,far,1.7330217e+18,0.3867185799999999,167.91666666666666,2016,0.2025676532095583,85.768515698517,0.2042040381764201,0.9830164732198267,0.4977468067383024,0.12989597254963522,1.3642589816922202e-15,0.781962040649204
38,1.7340993e+18,10,SMS08,swale,SwF,far,1.7341038e+18,0.3460278700000001,167.91666666666666,2016,0.10733015791016332,59.318571675549,0.23335455286321222,0.9948506910838544,0.39041394012944003,0.09098062540303335,2.7343540047454243e-18,0.9024556976540759
39,1.7352846e+18,10,SMS08,swale,SwF,far,1.7353254e+18,0.2019230200000001,47.08333333333333,566,0.17507774643107002,5884.3907498505105,0.02641488985780387,0.28426435509413284,0.19976734879612143,0.0019105682489339636,0.0021244471531058316,0.21147648697819899
40,1.7355024e+18,10,SMS08,swale,SwF,far,1.7355375e+18,0.2805503499999999,167.91666666666666,2016,0.13286460726745533,168.0806055617683,0.14812681218792242,0.9986335098246419,0.3304035582557294,0.0861704485806488,3.6505182227500553e-13,0.7982350192943864
44,1.7475318e+18,10,SMS08,swale,SwF,far,1.7475381e+18,0.2489365,167.91666666666666,2016,0.245497977905437,584.2465024644497,1.26958126055101e-17,0.8063458115742015,0.274258302346224,0.06114454670164099,4.868526591545698e-21,0.4715359721794907
45,1.7496783e+18,10,SMS08,swale,SwF,far,1.7496912e+18,0.23183011,167.91666666666666,2016,0.22884969937393465,381.98672240042606,2.5827075038001798e-21,0.9905642539035081,0.27650910006078905,0.09800571197098747,6.260983140697365e-16,0.7110874614869642
48,1.7540874e+18,10,SMS08,swale,SwF,far,1.7541183e+18,0.23105431,31.833333333333336,383,0.057387610972349165,25.49866326825918,0.17743350071333094,0.9919015733644395,0.24084062555396588,0.05473325054448992,8.472563249957293e-17,0.8477825081951575
50,1.7543367e+18,10,SMS08,swale,SwF,far,1.754355e+18,0.31868092,167.91666666666666,2016,0.14347643589980746,61.627231772435955,0.18131072986894511,0.9959123848136463,0.391241555609958,0.12977330319069125,1.6596384306189905e-18,0.8495541151266273
51,1.7554563e+18,10,SMS08,swale,SwF,far,1.7554698e+18,0.24975109,167.91666666666666,2016,0.09540008432470841,89.6215865310378,0.15538899953084234,0.9980755198566226,0.29475989305463035,0.09666054508149641,1.8807152990689244e-15,0.8409247721128806
52,1.7566785e+18,10,SMS08,swale,SwF,far,1.7566992e+18,0.2602631799999999,162.41666666666666,1950,0.11195053078230635,86.53989163044942,0.14847793107770382,0.9981457025562152,0.3126967058403945,0.1115489251743016,3.042351837646454e-15,0.8457993832610244
53,1.7572914e+18,10,SMS08,swale,SwF,far,1.7573007e+18,0.2879980299999999,87.08333333333334,1046,0.1554935112900348,109.57555898275068,0.13305347111511961,0.9949188678717914,0.32498595052974577,0.08750409418749484,7.284776168323827e-18,0.7985167793527224
54,1.7576217e+18,10,SMS08,swale,SwF,far,1.7576547e+18,0.2288044899999999,20.25,244,0.2300138516112006,440.7413607453437,1.87178809485472e-10,0.9806693020917001,0.231074864693053,0.013287782923444527,9.750033584086696e-10,0.7348185828574112
55,1.7577351e+18,10,SMS08,swale,SwF,far,1.7577417e+18,0.3118150899999999,138.33333333333331,1661,0.1380463510349032,79.97599113609851,0.17572867201500253,0.9980273808546667,0.37125564395019783,0.11056099249120042,2.946574005705914e-20,0.8333140670911956
56,1.7582472e+18,10,SMS08,swale,SwF,far,1.758285e+18,0.22740805,57.666666666666664,693,0.15860128340594373,387.6331405627151,0.07003034529886631,0.9933536386212595,0.23611888205655843,0.026897306421437884,5.151814626797167e-18,0.7689469476485041
57,1.7585001e+18,10,SMS08,swale,SwF,far,1.7585187e+18,0.3420325,15.999999999999998,193,0.0758586812801803,9.490476690009578,0.2672661161721227,0.9969791264656531,0.3413846768569253,0.06343783513273714,1.2227905266791206e-10,0.9329318198837371
58,1.7585838e+18,10,SMS08,swale,SwF,far,1.7585892e+18,0.3174008500000001,64.91666666666667,780,0.10478514222367441,44.61824595412755,0.2116358101129712,0.9920548190559367,0.34269054446009173,0.07904415750187334,3.3826406922650705e-24,0.8669426954145485
59,1.7588304e+18,10,SMS08,swale,SwF,far,1.7588526e+18,0.34350652,39.25,472,0.09220516409200046,16.392201307049582,0.2604867239822378,0.9809538153597748,0.36272177679136786,0.07655694812560515,3.1908065775975816e-14,0.8836405645633817
60,1.7590014e+18,10,SMS08,swale,SwF,far,1.7590056e+18,0.30165211,98.5,1183,0.10951911869318473,89.81776797215993,0.1917106525371027,0.9950290178346878,0.33386785762434845,0.07184233587090583,1.2177873696705495e-14,0.8328329327569314
61,1.7593677e+18,10,SMS08,swale,SwF,far,1.759398e+18,0.2585564200000001,38.5,463,0.0328897150710631,27.00167273978748,0.2261931090859745,0.9975001166203216,0.26398477593571684,0.02982323597861539,2.881387836210453e-21,0.9027368600549552
62,1.7595441e+18,10,SMS08,swale,SwF,far,1.7595597e+18,0.3327616899999999,99.58333333333334,1196,0.12934562575332553,70.15756969906633,0.19092175167800293,0.9916224870869463,0.36542414213025615,0.09516239767225242,5.2574585104017506e-15,0.8675751348650137
63,1.7599257e+18,10,SMS08,swale,SwF,far,1.7599353e+18,0.24230341,115.5,1387,0.09941470690577468,165.74312432212363,0.14362823119193466,0.9985877907992515,0.2675379636229864,0.05819606025119041,2.8218732141086653e-23,0.7942634410565712
65,1.7603955e+18,10,SMS08,swale,SwF,far,1.7604051e+18,0.3144916,27.0,325,0.04446289289909385,11.383582710298517,0.2722467333676275,0.8879999765907979,0.3179031100370473,0.04047593823509418,2.236108024323387e-12,0.8134150929187429
70,1.7607393e+18,10,SMS08,swale,SwF,far,1.760778e+18,0.34020937,15.416666666666666,186,0.04769542083578796,5.0704323731648655,0.29462378704544534,0.9892370288374797,0.3358297566799386,0.045119257544741595,7.788270847080487e-17,0.956027847408538
71,1.760841e+18,10,SMS08,swale,SwF,far,1.7608518e+18,0.3284947899999999,23.166666666666668,279,0.05870456233885392,11.896917419640467,0.27398062737853884,0.9658390683779323,0.3339389349532264,0.04931675919402829,1.1605039591653559e-17,0.8694279340190354
73,1.7610255e+18,10,SMS08,swale,SwF,far,1.7611101e+18,0.36674173,167.91666666666666,2016,0.12538238305950344,28.444898506207682,0.2579804323211877,0.9547494241416147,0.4136709187686783,0.09617975624798078,6.8733417508264985e-16,0.8784922500350263
74,1.7623863e+18,10,SMS08,swale,SwF,far,1.7624184e+18,0.31387096,28.0,337,0.04009524154153699,13.145193782350862,0.2751295393173768,0.9978532853701528,0.3176066832502811,0.03586817046125723,1.570620768613637e-18,0.9339807815730253
75,1.7625267e+18,10,SMS08,swale,SwF,far,1.7625315e+18,0.3222108100000001,167.91666666666666,2016,0.12185186308776937,88.72567243832371,0.19710940877333777,0.992978251196001,0.3765620080093273,0.09840418544695126,1.3046778085991536e-15,0.8513889795192012
79,1.7634321e+18,10,SMS08,swale,SwF,far,1.7635056e+18,0.3664314100000001,69.25,832,0.09825249503672871,28.483642781312746,0.2789099218162702,0.9757850224737633,0.39964506844527237,0.07291576016813013,7.418550698823768e-21,0.8591554994158259
84,1.7639622e+18,10,SMS08,swale,SwF,far,1.7639832e+18,0.35114815,110.08333333333334,1322,0.10278162115480816,54.82333353647037,0.2377999900712088,0.9920615800551097,0.3802834735922702,0.0811182816223471,3.3133613304023944e-17,0.9044073406132588
86,1.7644239e+18,10,SMS08,swale,SwF,far,1.7644848e+18,0.36596593,45.0,541,0.3212335965901209,207.9053001415908,0.04670491261134927,0.9415115817590869,0.38586967976075487,0.04954040553949871,1.1184843346425655e-16,0.7354783550728965
88,1.7647029e+18,10,SMS08,swale,SwF,far,1.7647266e+18,0.34699762,14.833333333333332,179,0.01435897089076619,2.4681233721328857,0.3352128408773766,0.7491392492653818,0.023052867014747316,0.2159739891552426,0.32164039694923413,0.6966815176186687
89,1.7647875e+18,10,SMS08,swale,SwF,far,1.764798e+18,0.3630178900000001,20.75,250,0.0672630869863862,13.932114269122994,0.2959967597658432,0.9928557811591859,0.36597552135568223,0.048305198678694476,9.43013102417004e-19,0.9250183847255009
91,1.7649243e+18,10,SMS08,swale,SwF,far,1.764933e+18,0.3390068799999999,167.91666666666666,2016,0.1789918138335754,207.08007623580943,0.15025300206813222,0.9959504320144237,0.39079166969821266,0.08770250337881125,5.336038621336877e-13,0.8076318345320008
92,1.7659152e+18,10,SMS08,swale,SwF,far,1.7660016e+18,0.20995255,167.91666666666666,2016,0.21311276764527629,948.5672958177257,2.3010047058857094e-18,0.9928968284292478,0.232283673036544,0.042120878267282835,2.0290426097293e-18,0.6982553277888585
93,1.769319e+18,10,SMS08,swale,SwF,far,1.7693715e+18,0.3486267999999999,167.91666666666666,2016,0.14537453550836368,99.5308478043575,0.1942012065897233,0.9959862296471297,0.4091300056276374,0.10681538280027365,1.495737735834834e-16,0.8552943231360852
12,1.7255781e+18,40,SMS02,swale,SwB,slope,1.7256645e+18,0.47566405,167.91666666666666,2016,0.2005908126664918,9999.999721075119,0.27533955081565414,0.9000818034092564,0.47784811459870385,0.0018254708315878691,4.793093759007495e-11,0.6769788900381905
32,1.7326116e+18,40,SMS02,swale,SwB,slope,1.7326641e+18,0.47554768,78.58333333333334,944,0.019537889628550194,263.06253219696964,0.45581862777541454,0.982612338303947,0.47739394023207143,0.002914147218626076,7.917143008506706e-11,0.7812586453165972
50,1.7543367e+18,40,SMS02,swale,SwB,slope,1.7544165e+18,0.463,167.91666666666666,2016,0.3816580651334656,9999.999999999998,0.08614862501731621,0.6105334663617183,0.4689401370812067,0.0022394185404820605,1.5014714406884612e-9,0.1841260159772593
53,1.7572914e+18,40,SMS02,swale,SwB,slope,1.7573745e+18,0.467,66.58333333333334,800,0.02963774292856426,9999.999999998776,0.437808453454151,0.008577938746625269,8.98985993320155e-11,0.000056513656757053424,0.4673474995303472,-1.7716939026968248e-12
55,1.7577351e+18,40,SMS02,swale,SwB,slope,1.7578038e+18,0.471,121.08333333333334,1454,0.47255227022983487,9370.931494574581,1.2062743782267413e-8,0.832705208838557,0.4747385435322974,0.0029055857141418,3.549567405011108e-9,0.4636915422692224
73,1.7610255e+18,40,SMS02,swale,SwB,slope,1.7610807e+18,0.481,167.91666666666666,2016,0.04609572559078948,540.4925512497532,0.43432671557116953,0.9777048192846844,0.48786042918068145,0.0070016718434044055,2.7420210125520314e-19,0.8064249757897912
86,1.7644239e+18,40,SMS02,swale,SwB,slope,1.764441e+18,0.474,57.166666666666664,687,0.4743955783410492,8625.474400332841,1.539046272374006e-9,0.7895239739733132,0.4714286254123821,0.0017463513205042,0.0039216231448272795,0.5547400814851684
93,1.769319e+18,40,SMS02,swale,SwB,slope,1.7693736e+18,0.466,167.91666666666666,2016,0.44696735225310497,9999.999999999998,0.016692190119326596,0.9260110548008338,0.4679441419946605,0.004180963354799758,2.5107281842481927e-9,0.6957761446736865
10,1.7233407e+18,40,SMS09,swale,SwF,far,1.7234268e+18,0.4137552099999999,167.91666666666666,2016,0.41063665510120057,9999.999999999995,0.008223067305731808,0.6855756802454145,0.42072401876117116,0.003063358132353838,2.6572205265833145e-9,0.2677418814481326
20,1.7289927e+18,40,SMS09,swale,SwF,far,1.7290791e+18,0.4004502400000001,64.16666666666667,771,1.0923002979211977e-16,738.1215913606607,0.41347406970407974,-3.552713678800501e-14,2.311438925629843e-9,0.000016433763107613168,0.41347405549380817,-2.3737234400300622e-11
21,1.7293176e+18,40,SMS09,swale,SwF,far,1.7293884e+18,0.46398826,167.91666666666666,2015,0.023086667075087212,252.43570349684614,0.44112003135860756,0.9714176627848188,0.47061625502796844,0.006586614717835383,6.700410259218126e-10,0.801773778528031
32,1.7326116e+18,40,SMS09,swale,SwF,far,1.7326893e+18,0.4792715200000002,71.58333333333334,860,0.011399949915012605,52.57066064810593,0.46867849819887486,0.9611181042202627,0.4827170968795094,0.004955083598355988,4.1715529231140764e-9,0.8106467455648654
33,1.7329545e+18,40,SMS09,swale,SwF,far,1.7329809e+18,0.4789999899999999,167.91666666666666,2016,0.02068943828915461,264.13699004471334,0.458517015242641,0.9657262891543901,0.48466817831201436,0.005473976978611587,8.36521816836769e-15,0.7800680508744015
58,1.7585838e+18,40,SMS09,swale,SwF,far,1.7586687e+18,0.4456793799999998,42.83333333333333,515,0.44222646590102255,7678.583788454941,0.003933226350675972,0.8070262498116043,0.4467709708374971,0.0014800037333919508,1.1651628589639745e-10,0.5746261726194869
59,1.7588304e+18,40,SMS09,swale,SwF,far,1.7588595e+18,0.4823359299999999,37.33333333333333,449,0.01022563826426664,11.073389470311215,0.47334102687416135,0.9460887751948335,0.4838726506184474,0.005954947548589968,4.609170641416339e-12,0.9116349687586498
62,1.7595441e+18,40,SMS09,swale,SwF,far,1.7596212e+18,0.46709146,82.5,991,0.4399252137350395,7278.2402335635425,0.02696014261700494,0.9255658592161066,0.46910433537257507,0.0029355778527738697,1.958298988293022e-9,0.7477185103304215
70,1.7607393e+18,40,SMS09,swale,SwF,far,1.760781e+18,0.47981458,14.583333333333332,176,0.003285152036145302,5.676344274539626,0.4767278454974603,0.9914697572648367,0.42718890044083846,0.0023023061687612884,0.05245566550560178,0.9545581230668427
73,1.7610255e+18,40,SMS09,swale,SwF,far,1.7610549e+18,0.4827238299999999,167.91666666666666,2016,0.43953140030841414,4156.711269189985,0.04351509187174154,0.9911286557488338,0.4930433300975807,0.009389829390221208,2.1568899908442707e-19,0.7408180617048414
86,1.7644239e+18,40,SMS09,swale,SwF,far,1.7644512e+18,0.4766337999999999,54.33333333333333,653,0.47720425131929045,5695.79811713937,1.107676717103486e-8,0.8430040645700559,0.4782862608123003,0.0023258506897070493,1.0966403482124768e-11,0.5134155647216326
93,1.769319e+18,40,SMS09,swale,SwF,far,1.7694051e+18,0.4369904200000001,167.91666666666666,2016,0.010112667560386455,211.81380853047472,0.4306755820033205,0.7811823254024407,0.443199081700439,0.0030435529538064164,3.4628943141450686e-10,0.5142754833833523
1,1.7177103e+18,10,SMS15,control,ConI,bottom,1.7177193e+18,0.4674017799999999,167.91666666666666,2016,0.04821262492353902,163.6820504162562,0.41158452411948204,0.8176706561848737,0.4784185017555796,0.019335120149893383,2.792123868576306e-16,0.7381584015145572
2,1.7190819e+18,10,SMS15,control,ConI,bottom,1.7191032e+18,0.46619929,15.0,181,0.013358419741376757,2.220341234491467,0.4556073849024734,0.873971401505255,0.014049869432152792,0.3533679443453153,0.4497524656891875,0.7608694034939825
4,1.7202123e+18,10,SMS15,control,ConI,bottom,1.7202357e+18,0.4533598000000001,167.91666666666666,2016,0.023642446634793802,76.06261443423595,0.4294373825983059,0.6908331205641457,0.46324157798132726,0.013033950290894204,1.9038595773673623e-21,0.6325123011391193
5,1.7228331e+18,10,SMS15,control,ConI,bottom,1.7228796e+18,0.40390255,26.75,322,0.006056874788234687,1.581130244628814,0.3996571838480512,0.043085081529532276,0.0017482556793914563,1.308615364478054,0.399772623322564,0.021694672971085627
8,1.7231418e+18,10,SMS15,control,ConI,bottom,1.7231469e+18,0.4719402100000001,22.75,274,0.017980357885305664,1.72945539112572,0.456784369828406,0.5867719336860158,0.012989511798775588,0.5373475672683112,0.4535510901057526,0.5561041257061244
9,1.7232363e+18,10,SMS15,control,ConI,bottom,1.7232408e+18,0.4727160100000001,25.666666666666668,309,0.016297401526122097,7.6554716226521355,0.45781179163698305,0.802982386706131,0.4732079070144649,0.00995602017204456,3.925132342575578e-9,0.7641508377972155
10,1.7233407e+18,10,SMS15,control,ConI,bottom,1.7233437e+18,0.4681,167.91666666666666,2015,0.02946771995561734,94.30980384700662,0.43681635948100367,0.7846417113910544,0.4792568686121719,0.014948406114724342,1.6691070695365123e-12,0.7191752596929881
11,1.7253117e+18,10,SMS15,control,ConI,bottom,1.7253819e+18,0.44381746,52.416666666666664,630,0.015383127041055445,4.229545548220477,0.4316375080141553,0.38292760515372504,0.013618392345586277,0.4779242598467736,0.4291855760054064,0.29322580286652467
12,1.7255781e+18,10,SMS15,control,ConI,bottom,1.7255814e+18,0.4679448399999999,167.91666666666666,2016,0.025984124408956682,56.305487224214474,0.4328252791045745,0.7084970647558053,0.4703015504931434,0.015530207019113184,5.361266101327669e-9,0.7163758705306434
15,1.7286273e+18,10,SMS15,control,ConI,bottom,1.7286648e+18,0.3871064799999999,14.0,169,0.007240548616390889,4.513579708190837,0.38082071067632955,0.9846738453307778,0.3832418818455445,0.005759426610477559,0.003607387626861527,0.9441553535381761
20,1.7289927e+18,10,SMS15,control,ConI,bottom,1.7290131e+18,0.4679060500000001,82.5,991,0.03390329295903397,57.521015590257534,0.43289602105606123,0.8923414880757377,0.4770110587861769,0.01642623344998057,6.0962684957217425e-15,0.8342326198346366
21,1.7293176e+18,10,SMS15,control,ConI,bottom,1.7293416e+18,0.46162207,167.91666666666666,2016,0.08558791481566813,593.7084802731958,0.3709058916802857,0.772843976341441,0.47036932102167583,0.013180690040622754,4.0273016648217544e-13,0.6884817155924611
22,1.7303526e+18,10,SMS15,control,ConI,bottom,1.7303925e+18,0.4417228,13.083333333333332,158,0.021560071050643097,25.871788229663604,0.420657770495877,0.9978584714295934,0.4422968363023623,0.0064437033221524595,4.340107107912032e-11,0.8728788521612678
32,1.7326116e+18,10,SMS15,control,ConI,bottom,1.7326962e+18,0.4583249200000001,69.66666666666667,837,0.01991669507050898,33.93763888862132,0.44103643837364054,0.9421892414141841,0.46555582557998004,0.010758071270245998,1.6487777559713224e-21,0.8379986081444226
33,1.7329545e+18,10,SMS15,control,ConI,bottom,1.7330409e+18,0.4585964499999999,167.91666666666666,2016,0.03466388288904446,199.01866859831068,0.42604316162781514,0.8281967071878623,0.4716839984958644,0.011688645443480762,9.927688298381981e-14,0.6798188503757467
39,1.7352846e+18,10,SMS15,control,ConI,bottom,1.7353146e+18,0.4356715600000001,50.08333333333333,602,0.008030512849008188,3.5089301975609075,0.4296506598302287,0.2925555866613352,0.007690276265258402,0.3690475498030947,0.42743343300083275,0.2506057085639556
40,1.7355024e+18,10,SMS15,control,ConI,bottom,1.7355114e+18,0.4571224299999999,167.91666666666666,2016,0.03854287424237175,153.97579245242468,0.41690589496201735,0.8729209806973389,0.4697306049356933,0.01563511476791876,3.03101009124618e-13,0.7451155268517471
41,1.7417259e+18,10,SMS15,control,ConI,bottom,1.7417367e+18,0.453,167.91666666666666,2016,0.04057878035939784,118.74784402089354,0.4041730368672547,0.8442423625983795,0.4619206129421477,0.019681958850974953,3.283394179855737e-18,0.7568444097112746
44,1.7475318e+18,10,SMS15,control,ConI,bottom,1.7475351e+18,0.46,167.91666666666666,2016,0.04442423083646508,118.1412208896488,0.4056345136806177,0.8620636394270876,0.46992391154348645,0.021893429293716352,2.707226472485503e-18,0.809879314189764
45,1.7496783e+18,10,SMS15,control,ConI,bottom,1.7496876e+18,0.455,167.91666666666666,2016,0.08095854027442131,280.65468586212586,0.37109686166306666,0.8858939398079217,0.47336849266473285,0.022158340949403693,2.452009600458722e-16,0.7224029016472484
47,1.7531298e+18,10,SMS15,control,ConI,bottom,1.7532009e+18,0.425,167.91666666666666,2016,0.41917611074215255,2085.826184991475,8.421029508034843e-20,0.8758612918053372,0.43880487310375543,0.020785870970838206,1.7959720423756306e-11,0.6827067933265106
48,1.7540874e+18,10,SMS15,control,ConI,bottom,1.7541075e+18,0.458,34.83333333333333,419,0.06575931598108797,66.63627505789934,0.38764543838159116,0.8815859349673134,0.46001735961963436,0.018206213344474732,1.2529967626325231e-13,0.7851460113982092
49,1.7542404e+18,10,SMS15,control,ConI,bottom,1.7542467e+18,0.466,22.916666666666668,276,0.0226903834668756,2.763159527094968,0.44319602251231116,0.8953992988574254,0.021722151018775063,0.4353752641692346,0.43682137387190506,0.8229495462275765
50,1.7543367e+18,10,SMS15,control,ConI,bottom,1.7543424e+18,0.466,167.91666666666666,2016,0.050826677376694746,112.36137351895974,0.40828206054833616,0.8986570141569319,0.4819929260137046,0.02506662759523625,8.891555366123743e-12,0.8375922039367842
51,1.7554563e+18,10,SMS15,control,ConI,bottom,1.755531e+18,0.422,167.91666666666666,2016,0.4225916925728187,3998.574610644028,5.380743140936398e-8,0.5695044858362037,0.43137966942868033,0.0100497507168073,2.1581764221329132e-16,0.3727806637739278
52,1.7566785e+18,10,SMS15,control,ConI,bottom,1.7567271e+18,0.44,154.66666666666666,1857,0.04099803352492097,164.08314502830225,0.3964026457435727,0.784414941169937,0.4519148884217359,0.016370464335990452,4.3937181311694124e-16,0.7013132951184946
53,1.7572914e+18,10,SMS15,control,ConI,bottom,1.7573004e+18,0.459,87.16666666666667,1047,0.026140172405960522,36.91074111863594,0.4273396948658451,0.7458070573852347,0.46126120452466485,0.01527916123989675,4.706167994504096e-18,0.7131804677496294
55,1.7577351e+18,10,SMS15,control,ConI,bottom,1.7577387e+18,0.459,139.16666666666666,1671,0.03212551642635443,77.41420067084337,0.4212351669071919,0.8005519197228294,0.46685568206018135,0.017263930997833923,9.790840602422657e-20,0.7608125215185563
58,1.7585838e+18,10,SMS15,control,ConI,bottom,1.7585874e+18,0.462,65.41666666666667,786,0.020995278434320128,23.131927302367007,0.43839353282553356,0.7620521766363892,0.46376119479261263,0.012632726960769254,3.660653504540675e-12,0.7438794044690731
59,1.7588304e+18,10,SMS15,control,ConI,bottom,1.758834e+18,0.466,44.416666666666664,534,0.023604831566969783,12.931109605491919,0.4439398237709927,0.791839713506248,0.46915048845719864,0.01429329133125562,1.268643134242015e-10,0.7649904549388645
60,1.7590014e+18,10,SMS15,control,ConI,bottom,1.7590056e+18,0.467,98.5,1183,0.029202544228195255,45.27170186180652,0.43038380009972155,0.8607170435673376,0.4697534977347425,0.01673397869433927,2.8068951336333403e-18,0.8439241716276495
61,1.7593677e+18,10,SMS15,control,ConI,bottom,1.7594202e+18,0.445,32.33333333333333,389,0.015064105841435818,5.133786638249423,0.43301580214937935,0.864970211586511,0.037830454444090215,0.1210456345152414,0.40735529475408,0.7721077071139333
62,1.7595441e+18,10,SMS15,control,ConI,bottom,1.759551e+18,0.458,102.0,1225,0.022843898206849154,57.008517403050035,0.4320958288274193,0.6565933164282675,0.4633320942676263,0.012504697109257045,1.9117798317325576e-19,0.6484919389693118
63,1.7599257e+18,10,SMS15,control,ConI,bottom,1.7599377e+18,0.442,114.83333333333334,1379,0.4386481568061537,3483.8311425020916,1.0111466395760051e-16,0.579646029946866,0.44604293356535313,0.008828595824111714,1.7289795338032389e-18,0.46126524039280525
65,1.7603955e+18,10,SMS15,control,ConI,bottom,1.7603991e+18,0.46,28.666666666666668,345,0.016169699060363262,14.081314217797047,0.4435171271644015,0.7520844077063188,0.4611837410957155,0.00982182579609981,2.567300994906009e-11,0.7605979925248281
70,1.7607393e+18,10,SMS15,control,ConI,bottom,1.760784e+18,0.463,13.75,166,0.02383612679085582,15.931904400475284,0.4399959489972464,0.985482517198192,0.46378594801015066,0.009951756348100752,1.0987030608224491e-10,0.8864998989416446
71,1.760841e+18,10,SMS15,control,ConI,bottom,1.7608524e+18,0.462,23.0,277,0.4621509346643683,690.1430371273628,4.808632335362502e-8,0.9294193718483243,0.4641596921769777,0.009564062739459759,1.6636975496822332e-9,0.6981698069570219
73,1.7610255e+18,10,SMS15,control,ConI,bottom,1.761081e+18,0.461,167.91666666666666,2016,0.043732071716691696,109.98399602511226,0.41864956357128913,0.9380499100787807,0.48062863525216437,0.020819318977559072,2.6701959889365278e-17,0.8201892380694457
74,1.7623863e+18,10,SMS15,control,ConI,bottom,1.7624172e+18,0.456,28.333333333333336,341,0.020137240049536417,15.234823255123654,0.43574826138322365,0.9545412864089874,0.45743360521434917,0.011626160711656052,7.137906941842586e-20,0.8940579044408004
75,1.7625267e+18,10,SMS15,control,ConI,bottom,1.7625321e+18,0.462,167.91666666666666,2016,0.03360684189610476,98.92690498111229,0.41923039493307473,0.8441875122369713,0.46859175285418814,0.017800093503276954,5.4059148162484294e-20,0.8153495560812457
84,1.7639622e+18,10,SMS15,control,ConI,bottom,1.7639901e+18,0.462,108.16666666666667,1299,0.02765554966569037,55.093163682035566,0.4290917878664331,0.872551852799762,0.466994577344701,0.015382105368849854,2.1524062231125766e-13,0.8461522410489069
86,1.7644239e+18,10,SMS15,control,ConI,bottom,1.7645097e+18,0.457,38.08333333333333,458,0.05930254579862415,140.7876908483617,0.3993399605597211,0.8984875867623098,0.46190602739554926,0.008682673285088672,3.0122639928977843e-10,0.694742992973731
89,1.7647875e+18,10,SMS15,control,ConI,bottom,1.7647905e+18,0.461,22.833333333333336,275,0.01382162197140663,7.92784633199641,0.4503150435820823,0.7710078959606683,0.46318889991547796,0.008311405836556252,1.2145451007444694e-10,0.6763332190796747
91,1.7649243e+18,10,SMS15,control,ConI,bottom,1.76493e+18,0.46,167.91666666666666,2016,0.03228720070157153,107.94510305599543,0.42256273298504426,0.8834821521671379,0.46932419753341137,0.016216648424424725,3.4076359094664745e-14,0.8282520496308938
92,1.7659152e+18,10,SMS15,control,ConI,bottom,1.7659176e+18,0.444,167.91666666666666,2016,0.02452532359180604,98.76327035790852,0.41346629937743723,0.759163168938715,0.4481926507192979,0.012721562556771688,2.6251867141125916e-17,0.6648079606231986
93,1.769319e+18,10,SMS15,control,ConI,bottom,1.7693691e+18,0.449,167.91666666666666,2016,0.029861784048884205,93.54172605125783,0.4184809714547276,0.845267331377527,0.4611054262852865,0.015597361939968583,1.4015249145995046e-16,0.7538255103961876
8,1.7231418e+18,40,SMS07,swale,SwE,down,1.7231847e+18,0.5016145599999999,12.25,148,0.3169990969898557,4967.708702388648,0.18442184924409752,0.8335507172527356,0.15790642794613716,0.0016834635333665888,0.3435498810757731,0.7478938810359645
9,1.7232363e+18,40,SMS07,swale,SwE,down,1.7232528e+18,0.50557114,22.333333333333336,269,0.002575486794065394,13.616528889835811,0.5031320030250663,0.9606029764915232,0.45325927695531354,0.0014173674004925982,0.05252937017744154,0.8636631025844287
12,1.7255781e+18,40,SMS07,swale,SwE,down,1.7256231e+18,0.5042134899999999,167.91666666666666,2016,0.010412429411476494,81.36315461885141,0.4943600581249992,0.9713505446597018,0.5089875905586372,0.004909153845027232,1.0905541766033484e-10,0.8502815947793924
21,1.7293176e+18,40,SMS07,swale,SwE,down,1.7293278e+18,0.50370922,167.91666666666666,2015,0.013698556805768944,167.03667874140436,0.4890486030712512,0.9770417713969717,0.5077911362489724,0.004862479171308437,1.086587157847302e-10,0.8694893211621136
26,1.7314542e+18,40,SMS07,swale,SwE,down,1.7314773e+18,0.50176972,14.25,172,0.3110297373399696,4127.749261137602,0.19023810902932792,0.8509906022467926,0.1736728218538867,0.0022973298923524466,0.32775396115975874,0.9478671309495049
32,1.7326116e+18,40,SMS07,swale,SwE,down,1.7326761e+18,0.4994035299999999,75.25,904,0.00879714669636777,69.1104646973874,0.49096064976985077,0.9713693165306543,0.5018091618709204,0.0032906049386945677,9.577125915235663e-11,0.8245689969465879
44,1.7475318e+18,40,SMS07,swale,SwE,down,1.7476158e+18,0.5009163399999998,167.91666666666666,2016,0.502737375833547,6448.153853714931,5.298426924278099e-9,0.9861451228261194,0.5098097880084215,0.006525587120660363,2.7438313032617605e-13,0.7017764503831061
45,1.7496783e+18,40,SMS07,swale,SwE,down,1.7497647e+18,0.5024679400000001,167.91666666666666,2016,0.02397377691450605,162.16943193749532,0.48040731542372056,0.9795137258979215,0.5124676645095347,0.008228642088353307,2.0194456602624596e-18,0.7884231583852948
48,1.7540874e+18,40,SMS07,swale,SwE,down,1.7541735e+18,0.43955056,16.5,199,4.0637118052922375e-7,9999.508038980479,0.44638254390878174,-1.8134109991407854e-7,1.9471830168634892e-9,0.000051269426681446414,0.4463836217982415,-9.541989420824848e-11
50,1.7543367e+18,40,SMS07,swale,SwE,down,1.7543529e+18,0.50188609,167.91666666666666,2016,0.502846761409734,5934.799556669818,8.7156586064989e-9,0.9826940458218973,0.5104691598456482,0.0070575534018582796,2.9355898785678105e-17,0.6936183713626642
52,1.7566785e+18,40,SMS07,swale,SwE,down,1.7567625e+18,0.4980458799999998,144.83333333333331,1739,0.01547806007624113,98.59611118778987,0.4833071714561335,0.9918721378391162,0.5045373039692237,0.006609810835989084,4.854471581113531e-11,0.8574723828705467
53,1.7572914e+18,40,SMS07,swale,SwE,down,1.7573439e+18,0.5027782599999999,75.08333333333334,902,0.5027754316590282,5248.4963732248425,8.181175505897545e-9,0.9718298432110382,0.5053940365140711,0.0036951838406349916,3.1691697686222324e-9,0.6884526862378523
55,1.7577351e+18,40,SMS07,swale,SwE,down,1.7578002e+18,0.5035152700000001,122.08333333333334,1466,0.13298709294195799,1412.8952988507333,0.36940450418844617,0.9929244329957884,0.5082012410439792,0.005940245237861353,3.1849431433496756e-19,0.7913195834235439
57,1.7585001e+18,40,SMS07,swale,SwE,down,1.7585271e+18,0.50076118,13.666666666666666,165,0.0020021647960181757,6.664047731624325,0.49880644793634027,0.9503146691715796,0.37426672497761093,0.0015229045280204063,0.12636274489042365,0.8823852330994486
59,1.7588304e+18,40,SMS07,swale,SwE,down,1.7588496e+18,0.5042134899999999,40.08333333333333,482,0.014965825154893636,107.09528096587617,0.4895678665196574,0.949081502321526,0.5057045102480348,0.0026572051069389925,2.1044640308428627e-11,0.7667382910400933
62,1.7595441e+18,40,SMS07,swale,SwE,down,1.759572e+18,0.50033449,96.16666666666667,1155,0.01866894450730567,183.49019655886045,0.481581749340988,0.9858435224805089,0.5036558422408404,0.004212377760498855,2.313297641739829e-9,0.810122646897045
75,1.7625267e+18,40,SMS07,swale,SwE,down,1.7625819e+18,0.49502026,167.91666666666666,2016,0.014913215202404784,178.52713082005945,0.4805073185817441,0.9885399600458233,0.5003761129085478,0.004985122553925146,3.02956855122272e-9,0.8179129299922507
86,1.7644239e+18,40,SMS07,swale,SwE,down,1.7644569e+18,0.4982010399999999,52.75,634,0.4983939481475838,5821.661724834886,1.3548366313568623e-9,0.9473857034173477,0.4997634940159619,0.002428209488972157,2.4477810623142586e-11,0.6948032080780753
93,1.769319e+18,40,SMS07,swale,SwE,down,1.7694051e+18,0.4743063999999999,167.91666666666666,2016,0.46071483645105904,9999.930242680104,0.018837183523289846,0.8213050566038913,0.482233404275171,0.00329785312566415,8.025953327045069e-10,0.38710051287537117
3,1.7191647e+18,40,SMS10,swale,Step??,step,1.7191806e+18,0.4662380799999999,167.91666666666666,2016,0.46668845439196976,4769.908139851439,1.1157012102115237e-18,0.9204040742671202,0.474982943210419,0.008513493632668916,8.050023773875757e-14,0.6119244444060825
4,1.7202123e+18,40,SMS10,swale,Step??,step,1.7202156e+18,0.46472527,167.91666666666666,2016,0.46383658866660005,7923.859768845845,7.148902573408074e-9,0.9587051212557389,0.469183058411062,0.005333018370881883,1.5351810424494151e-19,0.6851163134654872
11,1.7253117e+18,40,SMS10,swale,Step??,step,1.7253537e+18,0.46251424,60.25,724,0.4628596763120319,4269.717428861694,7.652202782647261e-7,0.8919062793322204,0.4638735444681938,0.003590694918445636,0.0009100822354004162,0.5974125327597196
12,1.7255781e+18,40,SMS10,swale,Step??,step,1.7256018e+18,0.4726384299999999,167.91666666666666,2016,0.4722189784003893,4495.404600936165,4.310204154428722e-9,0.9869387102511105,0.4824540126628085,0.00969924347898215,1.486433386959555e-16,0.759217012836316
13,1.7279928e+18,40,SMS10,swale,Step??,step,1.7279949e+18,0.4716686799999998,154.33333333333331,1853,0.01748200304256464,95.37767202332064,0.45244614250175375,0.9739652057088007,0.4772241642710147,0.008487167947173463,1.8568384954467855e-18,0.895789850630651
14,1.728558e+18,40,SMS10,swale,Step??,step,1.7285673e+18,0.4689921700000002,14.583333333333332,176,0.3660074451539376,5876.257342467623,0.10285149099768495,0.8691687739817857,0.2580854742166317,0.001049652102218239,0.21079712455796268,0.6286781248401268
21,1.7293176e+18,40,SMS10,swale,Step??,step,1.7293218e+18,0.47097046,167.91666666666666,2016,0.01754239327513431,68.80673340541473,0.45345984378584303,0.9513945030538709,0.4783980308205144,0.009482091474158186,9.59777664745278e-20,0.8810218811277701
32,1.7326116e+18,40,SMS10,swale,Step??,step,1.7326497e+18,0.46332883,82.58333333333334,992,0.46260987533714265,4834.8189885752,1.327709742044823e-8,0.9037358571827161,0.4660091865991395,0.004617479885443679,5.722424011891926e-9,0.7080923748166934
33,1.7329545e+18,40,SMS10,swale,Step??,step,1.7329797e+18,0.4616996499999999,167.91666666666666,2016,0.45032973184110464,9999.999770636838,0.010731847110875301,0.8745343861294709,0.4652550768218402,0.004172011680043807,2.4799267941059373e-11,0.6374890444226953
45,1.7496783e+18,40,SMS10,swale,Step??,step,1.749747e+18,0.463,167.91666666666666,2016,0.4649995597581683,4500.695055056866,2.641419306453332e-19,0.9348083516268162,0.47300270927071514,0.008633420978177722,4.8039658891984856e-17,0.5702919736137952
46,1.7506251e+18,40,SMS10,swale,Step??,step,1.7506347e+18,0.463,167.91666666666666,2016,0.4651390332452057,4150.876224761729,5.348216583834368e-13,0.92635363789989,0.4739626869760891,0.009430614149995532,2.584506632045458e-13,0.5743401608392499
48,1.7540874e+18,40,SMS10,swale,Step??,step,1.7541714e+18,0.461,17.083333333333336,206,0.0010679282846478946,4.454869698997385,0.46004680528807307,0.3377693030012012,0.1908341309179071,0.0015157908887851819,0.2700385387868307,0.2741187316602507
50,1.7543367e+18,40,SMS10,swale,Step??,step,1.7543658e+18,0.466,167.91666666666666,2016,0.46634303399412985,6574.789021337449,4.612980889439426e-8,0.9587776069220364,0.4725779305680632,0.0062983643556013364,2.978292420314943e-10,0.6598738336818634
51,1.7554563e+18,40,SMS10,swale,Step??,step,1.7555184e+18,0.455,167.91666666666666,2016,0.4575033375823038,4835.6082914263825,4.4662071476548544e-10,0.9646602950380527,0.4658535297553341,0.008569678292350096,6.558438467736119e-17,0.6699312094968006
52,1.7566785e+18,40,SMS10,swale,Step??,step,1.7566917e+18,0.462,164.5,1975,0.4644846981411455,5336.374105413519,6.481919628863533e-19,0.9178210111524103,0.47105317700767446,0.007155532086010935,3.8167754589532e-17,0.5603993815623421
53,1.7572914e+18,40,SMS10,swale,Step??,step,1.7572977e+18,0.465,87.91666666666667,1056,0.46545037261164296,5848.814194625478,2.853429021427629e-8,0.8374087550012161,0.46787877956107443,0.003637620587923984,1.1082045414399683e-9,0.5278778825679833
55,1.7577351e+18,40,SMS10,swale,Step??,step,1.7577372e+18,0.467,139.58333333333331,1676,0.466973535217992,5013.879328405872,1.3511559729044747e-10,0.9572711925818156,0.47353431089526415,0.007050305791144691,1.8783848960425667e-18,0.688206820536867
57,1.7585001e+18,40,SMS10,swale,Step??,step,1.7585214e+18,0.465,15.25,184,0.006323609709839157,5.069991657193379,0.45923894664460946,0.805514158170293,0.46458405259488234,0.003995433029390177,7.03208143587908e-11,0.7335585657574906
58,1.7585838e+18,40,SMS10,swale,Step??,step,1.7586618e+18,0.465,44.75,538,0.014291530329011547,78.53331836345603,0.44826530890606875,0.9530859748800945,0.4643707473356566,0.003981252757994639,7.727463192085879e-11,0.8356231470096812
59,1.7588304e+18,40,SMS10,swale,Step??,step,1.7588337e+18,0.467,44.5,535,0.46736757159129905,4457.349656265207,1.4408837721935284e-9,0.6045303514129776,0.46852146617572005,0.0026352971245481274,4.12698450341659e-7,0.4212151930111535
60,1.7590014e+18,40,SMS10,swale,Step??,step,1.7590077e+18,0.467,97.91666666666667,1176,0.4681571665246739,3261.1987218774248,5.02582956730431e-10,0.9656011945099948,0.4743361715087022,0.007805194715801189,8.314382766019606e-18,0.715766153227731
61,1.7593677e+18,40,SMS10,swale,Step??,step,1.7593959e+18,0.461,39.08333333333333,470,0.007613459150492703,42.06143981787084,0.45192747770167097,0.9143774427083533,0.45837836923686637,0.003126816523139993,0.002366722778802902,0.8714585066481146
62,1.7595441e+18,40,SMS10,swale,Step??,step,1.75956e+18,0.467,99.5,1195,0.028185807527284813,119.67573866694418,0.4402194389748255,0.9298534577979665,0.47489188927866655,0.00920195430288733,6.721993868503413e-14,0.731920880338911
63,1.7599257e+18,40,SMS10,swale,Step??,step,1.7599293e+18,0.465,117.16666666666667,1407,0.017851909062989745,61.502285527693395,0.4441161044222683,0.9845502505703045,0.46857811604002425,0.00948713014448625,1.6325815595775341e-19,0.9254012173721325
69,1.7606736e+18,40,SMS10,swale,Step??,step,1.7606775e+18,0.467,15.083333333333332,182,0.0011863765897405507,3.2833887475187686,0.46621044917236143,0.3438644193915604,0.003656369880370932,0.09594601980602609,0.46337929411830947,0.2694076883772226
73,1.7610255e+18,40,SMS10,swale,Step??,step,1.7610873e+18,0.468,167.91666666666666,2016,0.46981635344534173,4416.024454389699,3.96699142894658e-8,0.9357078713796778,0.4786643210922317,0.009105420319672672,2.0744456945542207e-13,0.6123945922730561
74,1.7623863e+18,40,SMS10,swale,Step??,step,1.7624685e+18,0.449,14.083333333333332,170,2.447308316953862e-7,9999.053955264275,0.4532111275023122,-1.252781036686912e-7,2.7288884273907095e-10,0.000012408006115205463,0.45321176151334397,-4.5712322815916195e-12
75,1.7625267e+18,40,SMS10,swale,Step??,step,1.7625291e+18,0.462,167.91666666666666,2016,0.4622433684234749,6380.911174547072,3.0440426714919926e-11,0.9440970726685758,0.4685695558369378,0.006467499444834902,3.1892982492747673e-22,0.6453395387601416
82,1.7638641e+18,40,SMS10,swale,Step??,step,1.7638686e+18,0.464,13.166666666666666,159,0.33161639679079163,3793.56755575529,0.13266380621831358,0.5288645274815219,0.3148479931569767,0.0009469423728500375,0.14935358167484336,0.2814723918619111
86,1.7644239e+18,40,SMS10,swale,Step??,step,1.7644311e+18,0.463,59.916666666666664,720,0.4632830963542035,4600.344022601436,5.886424276399735e-12,0.9055221708420528,0.4654230218170485,0.003563727487298318,1.5387107989833524e-9,0.7037246518810136
93,1.769319e+18,40,SMS10,swale,Step??,step,1.7693991e+18,0.448,167.91666666666666,2016,0.45246751048402656,9481.726766810318,3.9878072459228234e-8,0.6412276838346203,0.45429479707142073,0.0031148327420660628,1.091746059671988e-19,0.2229572879765579
